# Wavefront OBJ file
# Exported by Misfit Model 3D 1.3.8
# Wed Jul 06 20:31:54 2016

mtllib patrick.mtl

# 1490 Vertices
v -2.6112 3.0976 -3.1232
v -1.8944 3.1232 -1.8432
v -2.176 2.176 -1.6896
v -5.248 2.3296 -2.5856
v -5.2992 1.2032 -1.4336
v -4.864 1.1776 -2.0736
v -4.5568 0.2816 -1.4336
v -3.9424 1.1008 -2.4576
v -3.9424 0.128 -1.4336
v -3.2256 0.3328 -1.4336
v -3.0208 1.152 -2.1504
v -2.5856 1.2032 -1.3568
v -2.7648 2.176 -2.816
v -3.9424 2.176 -3.0976
v -5.6832 2.4576 -1.6896
v -3.9424 3.0976 -3.4304
v -5.4272 3.2768 -2.816
v -5.9392 3.3792 -1.792
v -5.9648 3.3536 -0.3584
v -5.8368 2.7392 -0.4864
v -5.0432 3.1488 0.768
v -5.0432 2.7904 0.6656
v -4.9408 2.1504 0.5376
v -5.6832 2.2784 -0.4864
v -5.2736 1.2288 -0.512
v -4.608 0.3328 -0.3328
v -3.9168 0.2048 -0.3328
v -3.2512 0.3328 -0.3584
v -2.2784 2.1248 -0.4096
v -2.6112 1.2288 -0.4608
v -3.0976 1.2544 0.3328
v -3.8656 1.2288 0.5888
v -4.8128 1.2544 0.3072
v -3.8912 2.0992 0.9984
v -2.8928 2.0736 0.5888
v -2.1248 2.5344 -0.4096
v -2.7648 2.6368 0.768
v -3.8912 2.7136 1.2032
v -3.84 2.8672 1.2544
v -2.7392 2.8672 0.8704
v -1.9968 3.0208 -0.3072
v -1.1264 31.257601 -1.3824
v -0.6656 31.7952 -2.3552
v -1.2032 31.232 -2.2528
v 0.6656 31.257601 -0.7936
v 0.0 31.257601 -0.4096
v 0.6656 31.846399 -1.536
v 0.0 32.127998 -1.3824
v 0.0 32.0256 -2.5344
v -0.6656 31.846399 -1.536
v -0.6656 31.257601 -0.7936
v 0.0 30.131201 0.2048
v 1.1264 31.257601 -1.3824
v 0.6656 31.7952 -2.3552
v 1.2032 31.232 -2.2528
v 0.8448 30.131201 -0.128
v 1.4336 30.131201 -1.024
v 1.5104 30.131201 -2.0224
v 0.7936 30.1056 -2.9696
v 0.7168 31.2064 -2.7392
v 0.0 31.2064 -2.8928
v -1.5104 2.944 0.1024
v -1.4592 3.0976 -2.2528
v -1.3568 4.0704 -2.432
v -5.632 3.0208 1.4848
v -3.712 3.7888 2.5856
v -3.8144 2.7904 2.2784
v -2.2528 3.7888 2.2528
v -2.3296 2.7648 1.5872
v -1.5104 3.9168 0.64
v -1.3312 4.352 -2.4832
v -7.0656 3.4816 -1.0496
v -6.9888 4.5312 -1.024
v -6.8608 3.3792 0.0768
v -6.7584 4.3776 0.4352
v -5.6064 4.0192 1.8432
v -3.6608 4.5568 2.9184
v -1.9456 4.4288 2.816
v -1.4848 4.1984 0.7936
v -5.7088 5.9136 2.3552
v -3.584 5.4016 3.328
v 0.0 4.224 -2.4064
v 0.0 4.1216 0.9216
v -1.4336 5.0432 3.4816
v -2.816 5.1968 3.4048
v -3.6608 6.1696 3.7632
v -5.76 6.8864 2.688
v -1.4848 5.888 4.1728
v 0.0 5.8368 4.3264
v -6.8608 6.3232 0.7936
v -6.9376 7.3728 0.9984
v -7.3216 7.7312 -1.024
v -7.1424 6.5536 -0.9984
v -6.656 6.6304 -2.7392
v -6.5792 5.504 -2.6624
v -5.4272 6.3744 -4.1216
v -5.504 5.3248 -3.9424
v -3.5328 6.016 -4.736
v -3.5584 5.12 -4.48
v -1.8688 5.6832 -4.6848
v -3.7888 6.9888 -5.3504
v -5.6064 7.4752 -4.5312
v -6.8352 7.7056 -3.0208
v -6.5792 4.5824 -2.5088
v -5.6064 4.4032 -3.7888
v -3.6608 4.2496 -4.3264
v -2.048 4.2496 -4.0448
v -1.92 5.0176 -4.3008
v -2.304 3.0976 -3.7888
v -3.9424 3.0976 -4.2496
v -5.8112 3.3536 -3.4816
v -6.7328 3.4816 -2.176
v -7.0144 5.4528 -1.024
v -6.784 5.248 0.64
v -5.632 4.864 2.0992
v -0.7424 31.2064 -2.7392
v 2.944 21.222401 0.4096
v 2.6112 22.1952 0.5376
v 2.5856 21.145599 0.8448
v 2.7392 19.635201 0.2816
v 2.6624 19.891199 -0.0768
v 2.7392 19.558399 0.256
v 2.6368 19.8144 -0.1024
v -2.6624 19.891199 -0.0768
v -2.7392 19.635201 0.2816
v -2.6368 19.8144 -0.1024
v -2.7392 19.558399 0.256
v -3.0208 21.6064 -3.4816
v -3.5328 20.3008 -3.6608
v -1.4848 21.580799 -4.2752
v -1.6128 20.121599 -4.4032
v 0.0 21.580799 -4.5824
v 0.128 21.350401 2.0736
v 0.0 20.582399 2.176
v 0.4352 20.736 2.0736
v 1.1008 20.4032 1.9456
v -0.384 24.038401 1.3568
v 0.0 24.038401 1.408
v -0.0512 23.296 1.5616
v 0.0256 23.296 1.5616
v 0.0256 22.374399 1.8432
v -0.0256 22.374399 1.8432
v -0.128 21.350401 2.0736
v -0.4352 20.736 2.0736
v -1.1008 20.4032 1.9456
v -1.9968 23.9104 0.4096
v -1.92 23.9872 0.8192
v -1.536 24.2432 0.5888
v -1.3056 24.268801 0.7936
v -1.3056 20.351999 1.4848
v -0.9984 20.351999 1.536
v -0.896 20.736 1.8944
v -0.5376 20.684799 1.7408
v -1.9968 20.582399 0.9984
v -1.536 20.3008 1.28
v -1.92 20.6336 1.408
v 1.6128 20.121599 -4.4032
v 1.4848 21.580799 -4.2752
v 3.5328 20.3008 -3.6608
v 3.0208 21.6064 -3.4816
v 1.92 23.9872 0.8192
v 1.9968 23.9104 0.4096
v 1.536 24.2432 0.5888
v 1.4592 7.1424 4.5568
v 3.5072 7.3984 3.9424
v 1.4592 5.9648 4.1472
v 3.6352 6.2976 3.7376
v 1.4336 5.248 3.5072
v 2.7904 5.2736 3.3792
v 5.7088 8.0384 2.6112
v 0.0 7.0656 4.7104
v 0.0 4.9664 3.6352
v 1.4848 4.2752 0.8448
v 1.92 4.5568 2.8416
v 3.5584 5.504 3.3024
v 5.7344 6.9888 2.6368
v 6.7584 8.5504 0.896
v -1.4592 7.1424 4.5568
v 5.6064 10.24 -5.0432
v 6.6304 10.2912 -3.2512
v 6.784 9.0624 -3.0976
v 7.168 8.9344 -1.1776
v 7.3216 7.7312 -1.0496
v 6.9376 7.3984 0.9728
v 5.6832 6.016 2.3552
v 3.6352 4.7104 2.944
v 2.2272 3.9168 2.304
v 1.4848 3.9936 0.6912
v 7.1424 6.5536 -0.9984
v 6.8352 6.3744 0.7936
v 5.6064 4.992 2.1504
v 3.6864 3.9424 2.6624
v 2.304 2.8672 1.6896
v 1.5104 2.9952 0.2048
v 1.4848 3.0464 -2.1248
v 1.3824 4.0192 -2.3552
v 1.3568 4.3008 -2.432
v 3.584 4.992 -4.4032
v 5.632 4.3008 -3.6864
v 5.5296 5.2224 -3.8912
v 6.6048 4.5312 -2.4064
v 6.6048 5.4528 -2.6112
v 6.9888 4.5568 -0.9216
v 7.0144 5.4528 -0.9728
v 6.7584 4.4288 0.5376
v 6.784 5.3248 0.6912
v 5.5808 4.1216 1.92
v 3.7888 2.9184 2.3808
v 6.6816 6.5792 -2.7392
v 5.4528 6.2976 -4.0448
v 3.5584 5.9392 -4.6592
v 6.8352 7.68 -2.9952
v 5.6064 7.4496 -4.48
v 3.7632 6.9376 -5.2992
v 1.8688 5.6064 -4.6336
v 1.9456 4.8896 -4.2496
v 3.6864 4.1216 -4.224
v 1.9712 6.5536 -5.5296
v 1.9968 8.448 -6.144
v 3.9424 8.6528 -5.8624
v 5.632 8.96 -4.7872
v 5.8368 3.2768 -3.328
v 3.968 2.9952 -4.096
v 2.0736 4.1472 -3.968
v -0.0256 5.376 -4.4032
v 0.0 6.4512 -5.4784
v 0.0 8.3456 -6.3232
v 0.0 9.9328 -6.6304
v 1.9712 9.984 -6.4
v 3.8144 10.0352 -6.1952
v 1.3056 20.351999 1.4848
v 1.536 20.3008 1.28
v 1.92 20.6336 1.408
v 1.9968 20.582399 0.9984
v 0.5376 20.684799 1.7408
v 0.9984 20.351999 1.536
v 0.896 20.736 1.8944
v -6.656 10.2912 -3.2512
v -5.504 10.24 -5.0432
v -6.8608 10.9056 -3.3024
v -5.76 10.7776 -5.2736
v -3.7888 10.0352 -6.1952
v -4.0448 10.7008 -6.3744
v -2.0992 10.5984 -6.6304
v -1.9712 9.984 -6.4
v 0.0 10.5216 -6.784
v -1.8432 20.4032 1.5872
v -2.6112 21.145599 0.8448
v -2.3296 20.7616 1.0752
v -2.4576 23.296 0.4608
v -3.0208 23.270399 -0.6912
v -2.6112 22.1952 0.5376
v -2.944 21.222401 0.4096
v 6.9888 10.0864 -1.2288
v 2.0992 10.5984 -6.6048
v 4.0704 10.7008 -6.3744
v 5.8112 10.7776 -5.2736
v 6.8608 10.9312 -3.3024
v 3.1488 19.532801 -0.2816
v 2.7904 19.584 0.384
v 1.92 19.558399 1.2032
v 1.9456 19.584 1.28
v 0.8704 19.558399 1.8688
v 0.8704 19.558399 1.7408
v 0.0 19.558399 1.9968
v 0.0 19.558399 2.048
v -0.8704 19.558399 1.8432
v -0.8704 19.558399 1.7408
v -1.92 19.558399 1.2032
v -1.9456 19.584 1.3056
v -2.7904 19.584 0.384
v -3.1488 19.532801 -0.2816
v 2.3296 2.9952 -3.6608
v -1.9968 8.4992 -6.144
v -7.1936 8.96 -1.152
v -6.9888 10.0864 -1.2288
v -6.784 9.088 -3.0976
v -5.632 8.9856 -4.7872
v -3.9424 8.704 -5.8624
v -1.9712 6.5792 -5.5808
v -1.8944 19.455999 1.152
v -1.8432 19.660801 0.7168
v -0.8704 19.4816 1.7152
v -0.8448 19.635201 1.3056
v 0.0 19.4816 1.9456
v 0.0 19.635201 1.5104
v 0.8704 19.4816 1.7152
v 0.8448 19.635201 1.3056
v 1.8944 19.455999 1.152
v 1.8432 19.660801 0.7168
v 0.0 20.326401 -2.56
v 0.8704 19.712 1.3312
v 0.64 20.2752 -2.56
v 1.8688 19.7376 0.7424
v 1.408 19.993601 -2.56
v 2.0736 19.788799 -2.6624
v 2.5344 19.763201 -2.3552
v 0.5632 19.430401 -3.328
v -2.5344 19.763201 -2.3552
v -2.0736 19.788799 -2.6624
v -1.8688 19.7376 0.7424
v -1.408 19.993601 -2.56
v -0.8704 19.712 1.3312
v -0.64 20.2752 -2.56
v 0.0 19.712 1.536
v 1.92 3.0976 -1.7152
v 1.9968 3.072 -0.2048
v 2.7392 2.944 0.9728
v 3.8144 2.9696 1.3568
v 5.0176 3.2256 0.8704
v 5.6064 3.1488 1.6128
v 6.8352 3.4304 0.2048
v 5.9648 3.3792 -0.2304
v 7.0656 3.4816 -0.896
v 5.9648 3.3536 -1.6384
v 6.7328 3.456 -2.0224
v 5.4528 3.2512 -2.6624
v 3.968 3.0208 -3.3024
v 2.6368 3.0464 -2.9952
v 2.1504 24.832001 0.5632
v 2.0992 25.087999 0.512
v 1.9712 25.190399 0.5632
v 1.9968 25.0368 0.4096
v 2.048 24.7808 0.4608
v 1.8944 25.5488 0.256
v 1.92 25.2672 0.384
v 2.0224 25.6 0.3584
v 2.0736 25.344 0.4352
v 1.8688 25.1392 0.4608
v 1.408 28.927999 -2.8672
v 2.2272 27.4688 -1.8432
v 1.792 28.927999 -1.8688
v 2.048 27.4688 -0.7168
v 1.7152 28.927999 -0.7936
v 0.896 28.927999 -3.1488
v 0.9984 27.4688 -3.3024
v 0.0 28.927999 -3.328
v 0.0 27.4688 -3.5584
v 1.2032 25.190399 -3.6608
v 0.0 25.216 -3.9168
v 0.0 30.1056 -3.1488
v 2.8672 25.1136 -1.8944
v 1.7408 27.4688 -2.8416
v 2.1248 25.164801 -3.072
v 2.6368 25.087999 -0.768
v 3.3536 23.270399 -1.9968
v 2.5088 23.270399 -3.3024
v 1.3312 23.270399 -3.9936
v 0.0 23.270399 -4.2752
v 3.8912 21.5296 -2.0224
v 3.0208 23.270399 -0.6912
v 2.048 25.164801 0.2816
v 2.4576 23.296 0.4608
v 1.5104 27.4688 0.128
v 1.28 28.9536 -0.0512
v 0.7424 28.9536 0.2816
v 0.8448 27.4688 0.64
v 0.0 27.4688 0.9216
v 0.0 25.983999 1.152
v -0.9472 25.9072 0.8448
v -1.0752 24.3456 1.0752
v -1.92 24.063999 0.6144
v 0.9472 25.9072 0.8448
v 1.0496 24.3456 1.0752
v -0.8448 27.4688 0.64
v -1.5104 27.4688 0.128
v -1.28 28.9536 -0.0512
v -0.7424 28.9536 0.2816
v 0.0 28.9536 0.5376
v -1.7152 28.927999 -0.7936
v -1.4336 30.131201 -1.024
v -0.8448 30.131201 -0.128
v -1.5104 30.131201 -2.0224
v -1.792 28.927999 -1.8688
v -2.048 27.4688 -0.7168
v -2.2272 27.4688 -1.8432
v -2.8672 25.1136 -1.8944
v -1.7408 27.4688 -2.8416
v -1.408 28.927999 -2.8672
v -0.7936 30.1056 -2.9696
v -0.896 28.927999 -3.1488
v -0.9984 27.4688 -3.3024
v -2.1248 25.164801 -3.072
v -1.2032 25.190399 -3.6608
v -1.3312 23.270399 -3.9936
v -3.3536 23.270399 -1.9968
v -2.5088 23.270399 -3.3024
v -3.8912 21.5296 -2.0224
v -2.6368 25.087999 -0.768
v 1.9456 25.395201 0.512
v 1.8432 25.344 0.4096
v 2.176 2.2016 -1.536
v 2.1504 2.5344 -0.2816
v 2.7904 2.7136 0.8704
v 3.2256 0.3584 -1.408
v 2.6112 1.2544 -0.4096
v 2.5856 1.2288 -1.3312
v 2.2784 2.1248 -0.3072
v 2.9184 2.1248 0.6912
v 3.8656 2.7392 1.28
v 5.0176 2.8416 0.8192
v 3.2512 0.3328 -0.3584
v 3.0976 1.2288 0.3584
v 3.8656 2.1248 1.0496
v 4.9408 2.2016 0.6912
v 5.8368 2.7648 -0.3072
v 5.6832 2.4832 -1.536
v 3.8656 1.2032 0.6144
v 3.9168 0.2048 -0.3328
v 5.6832 2.2528 -0.3328
v 4.8128 1.2288 0.3584
v 4.608 0.3328 -0.3328
v 4.5568 0.2816 -1.408
v 3.9424 0.128 -1.4336
v 5.2736 1.2288 -0.4608
v 5.3248 1.2288 -1.3312
v 3.0464 1.2032 -2.0736
v 3.968 1.152 -2.3552
v 4.864 1.2032 -1.9712
v 5.2736 2.3552 -2.4064
v 3.968 2.2016 -2.8928
v 2.7904 2.2016 -2.6368
v 1.536 17.075199 -5.6064
v 0.0 17.024 -5.6576
v 1.7152 15.0272 -6.3232
v 0.0 15.0016 -6.4
v 1.8432 20.4032 1.5872
v 2.7136 20.1984 0.9728
v 2.3296 20.7616 1.0752
v 1.024 19.865601 2.4064
v 1.9968 19.84 1.8176
v 2.8928 19.8144 0.9728
v 2.176 19.584 1.8688
v 2.9952 19.558399 0.9728
v 0.9728 19.635201 2.56
v 0.0 19.6096 2.7136
v 0.0 19.84 2.5344
v 2.176 19.430401 1.92
v 0.9472 19.455999 2.688
v 0.0 19.455999 2.8416
v -0.9728 19.635201 2.56
v -1.024 19.865601 2.4064
v -0.9472 19.455999 2.688
v 3.0464 19.430401 0.9984
v -1.536 17.075199 -5.6064
v -1.7664 15.0272 -6.3232
v -3.1744 19.5072 -0.8448
v -0.896 18.816 0.7424
v -1.9456 19.123199 0.7936
v -1.9456 18.816 0.0256
v -2.6368 19.2768 0.1024
v -1.4848 18.764799 -2.2528
v -2.1504 19.1488 -2.2528
v 0.6656 18.4832 -2.2016
v 0.0 18.431999 -2.2272
v 0.0 18.892799 0.9728
v -0.6656 18.4832 -2.2016
v -0.5888 19.430401 -3.328
v 2.1504 19.1488 -2.2528
v 1.4848 18.764799 -2.2528
v 1.9456 18.816 0.0256
v 0.896 18.816 0.7424
v 0.0 19.097601 1.6896
v -0.896 19.097601 1.536
v 0.896 19.097601 1.536
v 1.9456 19.123199 0.7936
v 2.6368 19.2768 0.1024
v 4.096 19.327999 -3.7632
v 4.6592 19.635201 -2.2272
v 4.9408 18.969601 -2.3296
v 4.2752 20.2752 -2.1248
v 2.6368 18.406401 -4.6592
v 1.536 18.406401 -4.864
v 0.0 18.406401 -5.0432
v 0.0 20.121599 -4.7616
v -4.2752 20.2752 -2.1248
v -1.536 18.406401 -4.864
v -1.1008 16.7936 2.6624
v -1.0496 17.8176 2.816
v 0.0 16.819201 2.9184
v 0.0 17.8176 3.1232
v 4.9664 18.176001 -0.8704
v 4.0192 18.073601 -0.128
v 4.9408 17.2288 0.0256
v 3.712 17.024 0.9216
v 5.376 15.616 0.4608
v 4.3264 15.3344 1.2288
v 2.432 16.9984 1.8944
v 2.816 15.232 2.3552
v 1.1008 16.7936 2.6624
v 1.2544 15.1552 2.9952
v 0.0 15.1296 3.2256
v -1.2544 15.1552 2.9952
v -2.816 15.232 2.3552
v 3.4304 17.433599 0.9472
v 5.0688 15.1808 -5.6064
v 4.48 17.3312 -4.992
v 3.5584 15.0272 -6.0416
v 2.9696 17.049601 -5.3248
v 3.2512 19.2768 -0.8192
v -2.56 19.3792 0.0512
v -1.8944 19.302401 0.768
v -0.8704 19.2512 1.4848
v 0.0 19.2512 1.6384
v 0.8704 19.2512 1.4848
v 1.8944 19.302401 0.768
v 2.56 19.3792 0.0512
v 1.9456 19.302401 1.28
v 2.6624 19.5072 0.3584
v 1.8944 19.430401 1.2288
v 0.8704 19.4048 1.9712
v 0.0 19.430401 2.1504
v -0.8704 19.4048 1.9712
v -1.8944 19.430401 1.2288
v -2.6624 19.5072 0.3584
v 0.0 19.2768 2.2016
v -1.9712 19.302401 1.28
v 1.0496 17.8176 2.816
v 4.7104 18.6112 -3.8912
v 5.6064 18.6112 -2.3296
v 5.3504 18.2784 -3.84
v 6.0928 14.1056 0.5632
v 6.4256 14.3616 -0.2048
v 6.1184 15.5392 -0.0768
v 5.7856 17.049601 -0.4608
v 5.6832 17.792 -1.024
v 5.8624 15.4368 -5.632
v 5.4784 17.2544 -4.9664
v 7.296 15.6672 -5.7856
v 7.0656 17.203199 -4.992
v 6.6816 14.5408 -0.4096
v 7.3984 15.616 -0.4096
v 7.5264 14.8992 -0.5888
v 7.0912 13.7216 -1.152
v 6.784 13.4656 -1.0496
v 0.384 24.038401 1.3568
v 1.3312 22.2976 0.9216
v 1.92 24.063999 0.6144
v 0.1792 21.811199 1.9968
v 0.7424 22.502399 2.2528
v 0.128 22.4512 1.9456
v 1.3056 24.063999 1.3312
v 0.896 24.063999 1.3312
v 0.8192 23.68 1.7408
v 0.3328 23.628799 1.4848
v 0.1792 23.0912 1.7664
v -0.2304 22.9888 1.2544
v -0.2816 22.348801 1.408
v -0.2304 21.708799 1.4848
v -0.0256 21.120001 1.4848
v 0.3328 21.1968 1.92
v -0.0256 23.552 1.0496
v 0.5376 24.038401 1.152
v 0.9984 24.294399 0.8448
v 1.3056 24.268801 0.7936
v 0.768 21.8624 2.2784
v 0.8192 21.247999 2.176
v 1.4336 21.8624 2.2784
v 1.3824 21.247999 2.176
v 2.0224 21.811199 1.9968
v 1.8688 21.1968 1.92
v 2.432 21.708799 1.4848
v 2.2272 21.120001 1.4848
v 2.56 21.6064 0.8192
v 2.3552 21.017599 0.9216
v 2.0736 22.4512 1.9456
v 2.4832 22.348801 1.408
v 2.432 22.9888 1.2544
v 2.6368 22.246401 0.7168
v 2.56 22.8864 0.5888
v 2.3552 23.4496 0.512
v 2.2272 23.552 1.0496
v 2.0224 23.0912 1.7664
v 1.4336 22.502399 2.2528
v 2.2272 23.3472 -0.0512
v 1.8688 23.628799 1.4848
v 1.4336 23.142401 2.048
v 0.768 23.142401 2.048
v 1.3824 23.68 1.7408
v 1.664 24.038401 1.152
v 1.664 20.684799 1.7408
v 1.3056 20.736 1.8944
v 2.2272 20.9408 0.384
v 2.432 21.504 0.1792
v 2.4832 22.118401 0.0512
v 2.432 22.7584 -0.0512
v -6.784 13.4656 -1.0496
v -7.0656 12.8768 -3.4048
v -6.7584 13.2608 -0.8704
v -7.1168 10.7264 -1.2032
v -6.8096 11.5456 1.0752
v -7.168 11.904 -1.152
v -6.5792 12.9792 0.896
v -7.04 12.032 -3.3792
v -6.016 11.9808 -5.504
v -5.8624 13.184 -5.6576
v -3.968 13.312 -6.4256
v -4.1472 11.8784 -6.528
v -2.176 11.8272 -6.7584
v -1.9968 13.2608 -6.6816
v 0.0 13.2352 -6.8096
v 5.6576 9.8048 2.8672
v 6.8096 11.5456 1.0752
v 6.7072 10.3168 1.0496
v 7.168 11.904 -1.152
v 7.1168 10.7008 -1.2032
v 7.0656 12.0576 -3.3792
v 7.0656 12.8768 -3.4048
v 6.784 13.2608 -0.8704
v 6.6048 12.9536 0.8704
v 5.5808 11.264 2.8672
v 3.6096 9.3184 4.2496
v 3.5328 10.9568 4.3008
v 1.536 9.088 4.9152
v 1.536 10.752 5.0432
v 0.0 9.0368 5.1712
v 0.0 12.16 4.8384
v 0.0 10.6752 5.2736
v 1.5104 12.2112 4.5824
v 3.4304 12.3392 3.9168
v 5.376 12.6464 2.4832
v 4.9408 13.8752 1.7152
v 3.1744 13.6448 3.0976
v 1.408 13.568 3.6864
v 0.0 13.5424 3.9424
v -1.5104 12.2112 4.5824
v -1.408 13.568 3.6864
v -3.1744 13.6448 3.0976
v -3.4304 12.3392 3.9168
v -5.376 12.6464 2.4832
v -4.9408 13.8752 1.7152
v -5.5808 11.264 2.8672
v -3.5328 10.9568 4.3008
v -1.536 10.752 5.0432
v -1.536 9.088 4.9152
v -3.6096 9.3184 4.2496
v -5.6576 9.8048 2.8672
v -6.7328 10.3168 1.0496
v 5.9136 13.2096 -5.6576
v 3.968 13.312 -6.4256
v 1.9968 13.2608 -6.6816
v 2.176 11.8272 -6.7584
v 4.1472 11.8784 -6.528
v 5.9904 11.9808 -5.504
v -3.4048 8.4736 4.0192
v -5.6832 9.1392 2.6624
v -6.6304 9.6768 0.9216
v 5.6832 9.1392 2.6624
v 3.4048 8.4736 4.0192
v 1.4336 8.32 4.6336
v 0.0 8.2688 4.864
v -1.4336 8.32 4.6336
v 6.272 13.4912 -5.6064
v 10.5984 14.3872 -5.376
v 10.5984 14.0032 -3.4816
v 11.5968 14.3104 -5.12
v 11.5712 13.9264 -3.5328
v 9.3952 13.8752 -3.4048
v 9.216 14.1312 -1.4336
v 10.5728 14.2848 -1.6896
v 11.5712 14.208 -1.7664
v 6.9632 18.0224 -3.8912
v 8.6272 17.8944 -3.8912
v 8.6016 17.2288 -4.9664
v 8.8064 15.8208 -5.7856
v 10.5472 16.896 -4.864
v 10.5728 15.872 -5.5808
v 9.0624 14.3104 -5.5296
v 6.9888 18.2272 -2.3808
v 8.6272 18.073601 -2.3808
v 7.0656 17.5872 -1.1264
v 8.7296 17.612801 -1.2288
v 8.9856 15.616 -0.5888
v 10.5216 15.7184 -0.8704
v 10.496 17.203199 -1.3824
v 7.6288 13.9264 -1.2032
v 7.3984 13.4144 -3.4048
v 7.68 13.568 -3.4304
v 7.6288 14.1312 -5.5808
v 11.8016 17.075199 -3.9168
v 10.5216 17.4848 -3.8912
v 10.5216 17.612801 -2.4576
v 11.6992 15.6672 -5.3248
v 12.6976 16.2048 -4.6848
v 11.776 16.5632 -4.7616
v 12.7232 16.639999 -3.84
v 11.8016 17.177601 -2.5344
v 12.7232 16.742399 -2.6112
v 13.5168 16.3584 -2.6368
v 13.5168 16.281601 -3.6608
v 13.4912 15.872 -4.5056
v 13.3376 15.1296 -4.864
v 12.5696 15.4112 -5.12
v 13.1584 14.0288 -4.5312
v 12.4416 14.208 -4.8896
v 13.1328 13.7216 -3.3536
v 12.4416 13.8496 -3.5072
v 13.184 14.0032 -1.92
v 12.4416 14.1312 -1.8176
v 12.5696 15.36 -1.152
v 13.0304 14.6176 -1.536
v 13.3632 15.1808 -1.3312
v 11.776 16.844801 -1.4592
v 11.6736 15.5904 -1.0496
v 13.952 15.1808 -1.4592
v 13.4912 16.153601 -1.6384
v 12.6976 16.486401 -1.5872
v 14.4896 15.744 -2.7648
v 14.464 15.5392 -1.8944
v 14.3616 14.6688 -1.5872
v 15.3088 13.824 -2.9696
v 15.104 13.824 -3.5328
v 15.3088 14.1824 -3.5072
v 14.8224 13.824 -3.7632
v 15.0784 13.824 -2.3808
v 15.4624 14.1824 -2.944
v 15.3856 14.5408 -3.456
v 15.0016 14.3104 -3.9168
v 14.464 13.8496 -3.968
v 15.2832 14.208 -2.2784
v 15.5136 14.72 -2.9184
v 15.1552 14.8736 -3.6864
v 14.6944 14.464 -4.1984
v 14.0288 13.8752 -4.1472
v 14.0032 13.6704 -3.2
v 13.6192 13.8496 -2.1504
v 14.336 14.6176 -4.4032
v 14.4384 15.3344 -4.1728
v 14.8992 15.0528 -3.9168
v 14.4896 15.7184 -3.4304
v 14.9248 15.4112 -3.0464
v 15.2064 15.1808 -2.9952
v 15.3856 14.6432 -2.3808
v 15.1552 15.0272 -2.2784
v 14.8992 15.2064 -2.048
v 15.0016 14.336 -2.0224
v 14.6688 14.4896 -1.7408
v 13.952 14.0032 -1.9456
v 14.0544 13.8752 -2.0736
v 14.1824 14.2848 -1.7664
v 14.336 14.2336 -1.8432
v 14.464 13.8496 -2.2016
v 14.8224 13.824 -2.3552
v 14.1824 14.592 -1.5616
v 14.0288 14.5408 -1.5616
v 14.0032 14.3104 -1.7152
v 13.9264 14.4896 -1.5872
v 13.9264 14.336 -1.664
v 13.8752 14.464 -1.5872
v 13.4656 14.464 -1.5616
v 13.6448 14.592 -1.536
v 13.5936 14.6688 -1.4848
v 13.7728 14.592 -1.536
v 13.7984 14.6688 -1.4848
v 13.8496 14.7712 -1.4592
v 13.9008 14.9504 -1.4336
v 13.3632 14.5152 -1.5616
v 13.5424 14.7712 -1.4336
v 13.8752 14.1568 -1.8176
v 13.6192 13.9776 -1.9712
v 13.6448 14.1056 -1.8176
v 13.312 14.1312 -1.8176
v 13.4656 14.2336 -1.7408
v 13.2096 14.5664 -1.5616
v 13.4656 14.9504 -1.3824
v 13.824 14.2336 -1.7408
v 13.6704 14.208 -1.7408
v 13.5424 14.2848 -1.6896
v 13.8752 14.3616 -1.664
v 13.7984 14.2848 -1.7152
v 13.6704 14.2592 -1.7152
v 13.5936 14.3104 -1.664
v 13.5424 14.464 -1.5872
v 13.7728 14.336 -1.664
v 13.6704 14.3616 -1.6384
v 13.696 14.4896 -1.5616
v 13.7984 14.4384 -1.6128
v 14.7456 13.6448 -3.0976
v 14.4384 13.6448 -3.1488
v 2.7136 19.4048 0.4096
v 2.9952 19.430401 -0.0256
v 3.2512 18.8416 1.2032
v 2.4064 17.92 2.048
v 2.3552 18.739201 2.2528
v 1.0752 18.7136 2.9952
v 3.6608 19.84 -0.384
v 3.5072 19.660801 -0.2304
v 3.6608 19.327999 -0.256
v 3.5328 19.4048 -0.128
v 3.5072 18.944 0.3072
v 3.4048 19.200001 0.4096
v 3.2256 19.123199 1.152
v 2.3552 19.072001 2.2784
v 1.1264 19.072001 3.0976
v 3.456 19.558399 -0.1536
v 3.456 19.4816 -0.0512
v 3.456 19.455999 -0.0512
v 3.328 19.430401 0.384
v 3.1488 19.4048 1.1008
v 2.2784 19.3792 2.2784
v 1.1264 19.430401 3.1232
v 0.0 18.739201 3.3792
v 0.0 19.072001 3.4816
v 0.0 19.455999 3.5328
v 2.7392 19.327999 0.4608
v 1.9712 19.2512 1.3312
v 0.896 19.2768 2.0224
v 0.896 19.2512 2.0736
v 0.0 19.2512 2.2784
v 3.84 20.121599 -0.8448
v 4.1472 19.3536 -0.9728
v 3.4816 21.375999 -0.7424
v 3.2768 19.993601 0.1024
v 3.0976 20.582399 0.2816
v 3.2512 19.763201 0.1536
v 3.2768 19.532801 0.3584
v 3.3024 19.455999 0.384
v 3.328 18.073601 1.0752
v 3.6608 18.4576 0.1536
v 4.224 18.7904 -0.7424
v 3.8144 19.200001 -0.4352
v -3.2768 19.993601 0.1024
v -2.7136 20.1984 0.9728
v -3.2512 19.763201 0.1536
v -2.8928 19.8144 0.9728
v -3.0464 19.430401 0.9984
v -3.2768 19.532801 0.3584
v -2.9952 19.558399 0.9728
v -2.176 19.584 1.8688
v -1.9968 19.84 1.8176
v -3.456 19.4816 -0.0512
v -3.5328 19.4048 -0.128
v -3.456 19.455999 -0.0512
v -3.3024 19.455999 0.384
v -3.456 19.558399 -0.1536
v -3.6608 19.327999 -0.256
v -3.5072 19.660801 -0.2304
v -4.096 19.327999 -3.7632
v -2.6368 18.406401 -4.6592
v -5.0688 15.1808 -5.6064
v -2.9696 17.049601 -5.3248
v -3.5584 15.0272 -6.0416
v -4.3264 15.36 1.2288
v -4.8896 17.177601 0.0256
v -5.376 15.616 0.4608
v -5.4016 18.2784 -3.8656
v -5.4784 17.2288 -4.9408
v -7.0912 17.177601 -4.992
v -5.888 15.4368 -5.632
v -4.48 17.3312 -4.992
v -4.7104 18.6112 -3.8912
v -5.5552 18.5856 -2.3296
v -4.9408 18.969601 -2.3296
v -7.5008 14.8992 -0.5632
v -6.1184 15.5136 -0.0768
v -7.3984 15.616 -0.4096
v -6.4256 14.3616 -0.2048
v -6.6816 14.5408 -0.4096
v -7.6288 13.9264 -1.2032
v -7.1424 13.7472 -1.152
v -3.712 17.024 0.9216
v -2.432 16.9984 1.8944
v -3.4304 17.433599 0.9472
v -4.0192 18.073601 -0.128
v -4.9664 18.176001 -0.8704
v -5.6832 17.792 -1.024
v -5.7856 17.049601 -0.4608
v -6.0928 14.1056 0.5632
v -4.6592 19.635201 -2.2272
v -2.7136 19.4048 0.4096
v -0.896 19.2768 2.0224
v -2.4064 17.92 2.048
v -3.328 18.073601 1.0752
v -1.9712 19.2512 1.3312
v -2.7648 19.327999 0.4608
v -2.2784 19.3792 2.2784
v 0.0 11.776 -6.8864
v -3.5072 7.3472 3.968
v -5.7344 8.0128 2.6368
v -6.784 8.5504 0.9216
v -8.7552 17.510401 -1.2288
v -10.5216 17.152 -1.3568
v -10.5216 15.6672 -0.8704
v -7.0656 17.5872 -1.1264
v -8.9856 15.5904 -0.5888
v -9.216 14.1056 -1.4336
v -10.5728 14.2336 -1.664
v -8.6272 18.048 -2.3552
v -6.9888 18.2272 -2.3552
v -8.6528 17.868799 -3.8912
v -8.8064 15.7696 -5.76
v -8.6272 17.177601 -4.9408
v -6.9888 17.996799 -3.8912
v -11.5712 14.1824 -1.7408
v -11.5712 13.8752 -3.3792
v -10.5984 13.952 -3.4304
v -9.3952 13.824 -3.3792
v -10.5984 14.3616 -5.3504
v -9.0624 14.2592 -5.504
v -10.5728 15.8208 -5.5808
v -10.5472 16.844801 -4.864
v -11.6224 14.2848 -5.0944
v -7.3984 13.3888 -3.4048
v -7.7056 13.568 -3.4048
v -7.68 14.1312 -5.5808
v -7.3216 15.6672 -5.76
v -7.1168 13.184 -3.3792
v -6.1952 13.44 -5.5808
v -6.8352 13.7984 -5.5808
v -15.0016 14.2848 -1.9968
v -14.8224 13.7728 -2.3296
v -14.4896 13.7728 -2.176
v -15.104 13.7728 -2.3808
v -15.2832 14.1568 -2.2784
v -15.3088 14.592 -2.3808
v -14.6944 14.4384 -1.7408
v -15.1808 14.9504 -2.2528
v -15.5136 14.6688 -2.9184
v -15.4624 14.1056 -2.944
v -15.3088 13.7472 -2.9696
v -14.0288 14.464 -1.5616
v -14.1824 14.208 -1.7664
v -14.208 14.5408 -1.5616
v -14.3616 14.1824 -1.8432
v -14.3872 14.6176 -1.5872
v -14.8992 15.1552 -2.048
v -15.2064 15.1296 -2.9952
v -15.3856 14.4896 -3.456
v -14.3616 14.5664 -4.4032
v -14.4896 15.2576 -4.1728
v -14.72 14.4128 -4.1728
v -14.9248 15.0016 -3.9168
v -15.0272 14.2592 -3.9168
v -15.2064 14.8224 -3.6864
v -15.3344 14.1056 -3.5072
v -14.9248 15.36 -3.0464
v -14.4896 15.4624 -1.8944
v -14.5152 15.6672 -3.4048
v -14.5152 15.6672 -2.7648
v -13.5168 16.2304 -3.6608
v -13.4912 15.8208 -4.5056
v -12.6976 16.128 -4.6848
v -11.8016 16.511999 -4.7616
v -11.6992 15.616 -5.2992
v -12.4416 14.1312 -4.864
v -11.8272 17.024 -3.8912
v -12.7232 16.5888 -3.84
v -13.5168 16.307199 -2.6368
v -13.184 13.9776 -4.5312
v -12.4416 13.7984 -3.3024
v -14.0544 13.824 -4.1472
v -13.1328 13.6704 -3.2512
v -12.4416 14.08 -1.8176
v -14.0288 13.6192 -3.0976
v -14.464 13.5936 -3.072
v -14.4896 13.7984 -3.968
v -14.7456 13.5936 -3.0464
v -14.848 13.7728 -3.7888
v -15.104 13.7728 -3.5072
v -14.0544 13.824 -2.0736
v -13.6192 13.7984 -2.1504
v -13.184 13.952 -1.8944
v -13.5936 14.2592 -1.664
v -13.824 14.2336 -1.7152
v -13.6704 14.2848 -1.6384
v -13.7728 14.2848 -1.664
v -13.9008 14.3104 -1.664
v -13.8752 14.4128 -1.5872
v -13.824 14.3872 -1.6128
v -13.696 14.4384 -1.5616
v -13.6448 14.5152 -1.5104
v -13.568 14.3872 -1.5616
v -13.5424 14.2336 -1.6896
v -13.4912 14.4128 -1.5616
v -13.568 14.72 -1.4336
v -13.6192 14.592 -1.4848
v -13.7984 14.5408 -1.5104
v -13.824 14.592 -1.4848
v -13.8496 14.72 -1.4336
v -13.9264 14.8992 -1.4336
v -13.3888 14.464 -1.5616
v -13.4656 14.8992 -1.3824
v -13.9776 15.1296 -1.4592
v -13.4912 16.076799 -1.6384
v -13.6704 14.1568 -1.7408
v -13.4656 14.1568 -1.7152
v -13.2352 14.5152 -1.536
v -13.3632 15.1296 -1.3312
v -12.7232 16.409599 -1.5616
v -12.7232 16.6912 -2.6112
v -11.8272 17.1264 -2.5344
v -10.5472 17.433599 -3.8912
v -10.5472 17.5616 -2.4576
v -11.8016 16.7936 -1.4336
v -11.6736 15.5136 -1.024
v -12.5696 15.3088 -1.152
v -13.056 14.5664 -1.536
v -13.3376 14.08 -1.8176
v -13.6448 14.0544 -1.8176
v -13.824 14.1824 -1.7408
v -13.696 14.208 -1.7152
v -13.9264 14.4384 -1.5872
v -13.9264 14.2848 -1.664
v -13.6448 13.9264 -1.9712
v -13.8752 14.1056 -1.8176
v -14.0288 14.2592 -1.7152
v -13.9776 13.952 -1.9456
v -13.3632 15.0528 -4.8384
v -12.5952 15.3344 -5.12
v -3.328 19.430401 0.384
v -2.9952 19.430401 -0.0256
v -3.1488 19.4048 1.1008
v -0.896 19.2512 2.0736
v -1.1264 19.430401 3.1232
v -1.0752 18.7136 2.9952
v -1.1264 19.072001 3.0976
v -2.3552 19.072001 2.2784
v -3.2256 19.123199 1.152
v -3.2512 18.8416 1.2032
v -3.5072 18.944 0.3072
v -3.4048 19.200001 0.4096
v -2.3552 18.739201 2.2528
v -2.176 19.430401 1.92
v -3.4816 21.375999 -0.7424
v -3.84 20.121599 -0.8448
v -3.0976 20.582399 0.2816
v -3.6608 19.84 -0.384
v -3.8144 19.200001 -0.4352
v -4.1472 19.3536 -0.9728
v -4.1984 18.764799 -0.7424
v -3.6608 18.4576 0.1536
v -1.9712 25.190399 0.5632
v -2.0992 25.087999 0.512
v -2.1504 24.832001 0.5632
v -2.0736 25.344 0.4352
v -1.92 25.2672 0.384
v -2.0224 25.6 0.3584
v -1.9456 25.5744 0.256
v -1.9456 25.395201 0.512
v -1.8432 25.344 0.4096
v -1.8688 25.1392 0.4608
v -1.9968 25.0368 0.4096
v -2.048 24.7808 0.4608
v -2.048 25.164801 0.2816
v 1.3312 19.4048 -3.072
v 0.0 19.4048 -3.4048
v -1.3312 19.4048 -3.072
v -1.408 18.2272 -3.4304
v -1.3056 18.9184 -3.6864
v -1.4336 19.200001 -2.0736
v -1.3312 19.635201 -2.4576
v 0.5632 19.660801 -2.7136
v 1.3056 18.9184 -3.6864
v 1.3312 19.635201 -2.4576
v 1.4336 18.2272 -3.4304
v 1.4592 19.097601 -2.0736
v 0.0 19.0208 -4.0192
v -0.5632 19.660801 -2.7136
v 0.0 19.558399 -2.7904
v 1.4848 18.304001 -2.8672
v 1.28 18.9184 -1.7152
v 0.6656 18.073601 -2.816
v 0.6656 18.688 -1.5872
v 0.0 18.0224 -2.8416
v 0.0 18.636801 -1.6896
v -0.6656 18.073601 -2.816
v -0.6656 18.739201 -1.664
v -1.4592 18.304001 -2.8672
v -1.3568 19.0464 -1.7152
v 7.0912 13.184 -3.4048
v 6.9632 13.9008 -5.5808
v 6.6048 9.6768 0.9216
v -1.3312 22.2976 0.9216
v -2.432 21.708799 1.4848
v -2.0736 22.4512 1.9456
v -2.4832 22.348801 1.408
v -2.2272 21.120001 1.4848
v -2.3552 21.017599 0.9216
v -2.56 21.6064 0.8192
v -2.6368 22.246401 0.7168
v -2.432 22.9888 1.2544
v -2.56 22.8864 0.5888
v -2.2272 23.552 1.0496
v -1.8688 23.628799 1.4848
v -1.664 24.038401 1.152
v -1.3056 24.063999 1.3312
v -1.3824 23.68 1.7408
v -0.896 24.063999 1.3312
v -2.0224 23.0912 1.7664
v -1.4336 23.142401 2.048
v -0.8192 23.68 1.7408
v -0.5376 24.038401 1.152
v -0.9984 24.294399 0.8448
v -0.1792 23.0912 1.7664
v 0.0256 23.552 1.0496
v -0.3328 23.628799 1.4848
v -0.768 23.142401 2.048
v -1.4336 22.502399 2.2528
v -2.0224 21.811199 1.9968
v -0.7424 22.502399 2.2528
v -0.128 22.4512 1.9456
v -0.1792 21.811199 1.9968
v -0.768 21.8624 2.2784
v -1.4336 21.8624 2.2784
v -0.3328 21.1968 1.92
v -0.8192 21.247999 2.176
v -1.3824 21.247999 2.176
v -1.8688 21.1968 1.92
v -2.2272 20.9408 0.384
v -1.664 20.684799 1.7408
v -1.3056 20.736 1.8944
v 0.0256 21.120001 1.4848
v 0.2304 21.708799 1.4848
v 0.2816 22.348801 1.408
v 0.2304 22.9888 1.2544
v -2.3552 23.4496 0.512
v -2.432 22.7584 -0.0512
v -2.4832 22.118401 0.0512
v -2.432 21.504 0.1792
v -2.2272 23.3472 -0.0512
v -0.9984 25.856001 1.024
v -0.9216 25.8048 0.9216
v -1.024 25.7024 1.0496
v -0.9216 25.651199 0.9472
v -1.6384 25.8048 0.5888
v -1.664 25.087999 0.7936
v -1.4848 25.4464 0.7936
v -1.4848 25.625601 0.768
v -1.28 25.958401 0.7936
v -0.9216 26.1376 1.024
v -0.896 25.9072 1.0752
v -1.28 25.292801 0.9728
v -0.8704 25.753599 1.1008
v -0.8704 25.523199 1.152
v -0.7936 25.728001 0.9728
v -0.7936 25.472 1.024
v -0.7936 25.881599 0.9472
v -0.8192 26.086399 0.9216
v -1.1776 25.2672 0.8448
v -1.5616 25.0368 0.6656
v -1.5616 25.753599 0.4864
v -1.1776 25.9328 0.6912
v 1.3312 22.835199 2.2272
v 1.0752 22.528 2.3552
v 1.152 23.0144 2.2016
v 0.9472 23.0144 2.2016
v 0.768 22.835199 2.2272
v 0.6912 22.528 2.2784
v 0.768 22.2208 2.3296
v 0.9472 22.016001 2.3552
v 1.152 22.016001 2.3552
v 1.3312 22.2208 2.3296
v 1.408 22.528 2.2784
v -0.9728 22.016001 2.3552
v -1.0752 22.528 2.3552
v -0.7936 22.1952 2.3296
v -0.6912 22.502399 2.2784
v -0.768 22.809601 2.2528
v -0.9216 23.0144 2.2016
v -1.152 23.0144 2.2016
v -1.3312 22.835199 2.2528
v -1.408 22.528 2.2784
v -1.3568 22.2208 2.3296
v -1.1776 22.016001 2.3552
v 0.9216 25.651199 0.9472
v 0.9216 25.8048 0.9216
v 1.024 25.7024 1.0496
v 0.9984 25.856001 1.024
v 1.6128 25.8048 0.5888
v 0.896 25.9072 1.0752
v 0.9216 26.1376 1.024
v 1.2288 25.983999 0.8192
v 1.4848 25.625601 0.768
v 1.4848 25.4464 0.7936
v 1.6896 25.087999 0.768
v 0.8704 25.753599 1.1008
v 0.8704 25.523199 1.152
v 1.3312 25.292801 0.9472
v 0.7936 25.472 1.024
v 0.7936 25.728001 0.9728
v 0.7936 25.881599 0.9472
v 0.8192 26.086399 0.9216
v 1.5104 25.728001 0.4864
v 1.1264 25.9328 0.7168
v 1.6128 25.0112 0.64
v 1.2544 25.216 0.8192
v -0.3328 21.8624 0.0512
v -0.5888 22.143999 0.7424
v -0.4096 22.016001 -0.0256
v -0.4096 22.2976 1.5104
v -0.4864 21.9904 0.768
v -0.2816 21.452801 0.1536
v -0.0512 20.864 0.3584
v -0.4096 21.555201 0.8448
v -0.3328 22.118401 1.4848
v 0.0512 22.4 2.1248
v 0.0768 22.476801 2.0736
v -0.3584 22.348801 1.4848
v -0.512 22.246401 0.7424
v -0.3584 22.0928 0.0
v 0.7424 22.528 2.4064
v 0.256 20.4032 0.6144
v -0.2048 20.9664 0.9472
v -0.2816 21.683201 1.536
v 0.1024 22.2208 2.0736
v 0.7168 22.4512 2.4576
v 1.4592 22.528 2.4064
v 1.4848 22.4512 2.4576
v 2.6368 22.2976 1.5104
v 2.0992 22.2208 2.0736
v 2.1504 22.4 2.1248
v 1.4592 22.271999 2.3808
v 0.7424 22.271999 2.3808
v 0.1536 21.785601 2.0992
v -0.0512 21.0688 1.536
v 0.896 20.659201 1.9968
v 0.8192 21.1968 2.2784
v 1.3824 21.1968 2.2784
v 1.4336 21.8368 2.4064
v 2.048 21.785601 2.0992
v 0.768 21.8368 2.4064
v 0.2816 21.145599 1.9968
v 0.256 20.556801 1.4592
v 0.1536 20.48 1.024
v 0.5888 20.1728 1.0752
v 0.64 20.224001 1.3056
v 0.512 20.6336 1.792
v 0.64 20.1472 0.8704
v 1.1008 20.0704 1.1008
v 0.7936 20.249599 1.4848
v 1.8944 21.145599 1.9968
v 1.3056 20.659201 1.9968
v 1.6896 20.6336 1.792
v 1.2032 20.2752 1.5872
v 1.408 20.249599 1.4848
v 0.9728 20.2752 1.5872
v 1.536 20.224001 1.3056
v 1.9456 20.556801 1.4592
v 2.2784 21.0688 1.536
v 2.4832 21.683201 1.536
v 2.5344 22.118401 1.4848
v 1.5872 20.1728 1.0752
v 2.048 20.48 1.024
v 2.4064 20.9664 0.9472
v 2.6368 21.555201 0.8448
v 2.688 21.9904 0.768
v 2.7904 22.143999 0.7424
v 2.0992 22.476801 2.0736
v 2.56 22.348801 1.4848
v 2.7392 22.246401 0.7424
v 2.56 22.0928 0.0
v 2.6368 22.016001 -0.0256
v 2.5344 21.8624 0.0512
v 2.4832 21.452801 0.1536
v 2.2784 20.864 0.3584
v 1.9456 20.4032 0.6144
v 1.536 20.1472 0.8704
v -2.6112 22.1952 -0.0512
v -2.688 22.502399 0.6912
v -2.5344 22.374399 -0.0256
v -2.5344 22.6304 1.408
v -2.7904 22.3232 0.7168
v -2.56 22.0928 0.0
v -2.7392 22.246401 0.7424
v -2.6112 22.4512 1.4848
v -2.0992 22.7328 1.9968
v -2.1504 22.579201 2.0736
v -1.4592 22.784 2.304
v -1.4848 22.6304 2.432
v -0.7424 22.784 2.304
v -0.7168 22.6304 2.432
v -0.1024 22.7328 1.9968
v -2.56 22.348801 1.4848
v -2.0992 22.476801 2.0736
v -1.4592 22.528 2.4064
v -0.7424 22.528 2.4064
v -0.0512 22.579201 2.0736
v -0.0768 22.476801 2.0736
v 0.4096 22.4512 1.4848
v 0.3584 22.348801 1.4848
v 0.5888 22.3232 0.7168
v 0.512 22.246401 0.7424
v 0.3328 22.6304 1.408
v 0.4864 22.502399 0.6912
v 0.3328 22.374399 -0.0256
v 0.4096 22.1952 -0.0512
v 0.3584 22.0928 0.0
v -2.5344 21.8624 0.0512
v -2.6368 22.016001 -0.0256
v -2.7904 22.143999 0.7424
v -1.536 20.1472 0.8704
v -2.048 20.48 1.024
v -1.9456 20.4032 0.6144
v -2.4064 20.9664 0.9472
v -2.2784 20.864 0.3584
v -2.6368 21.555201 0.8448
v -2.4832 21.452801 0.1536
v -2.688 21.9904 0.768
v -2.6368 22.2976 1.5104
v -2.2784 21.0688 1.536
v -2.4832 21.683201 1.536
v -2.5344 22.118401 1.4848
v -2.1504 22.4 2.1248
v -2.0992 22.2208 2.0736
v -1.4848 22.4512 2.4576
v -2.048 21.785601 2.0992
v -1.4592 22.271999 2.3808
v -0.7168 22.4512 2.4576
v -0.0512 22.4 2.1248
v 0.4096 22.2976 1.5104
v 0.0512 21.0688 1.536
v -0.2816 21.145599 1.9968
v 0.2816 21.683201 1.536
v -0.1536 21.785601 2.0992
v 0.3328 22.118401 1.4848
v -0.1024 22.2208 2.0736
v -0.7424 22.271999 2.3808
v -1.4336 21.8368 2.4064
v -0.5888 20.1728 1.0752
v -0.64 20.224001 1.3056
v -0.1536 20.48 1.024
v -0.256 20.556801 1.4592
v 0.2048 20.9664 0.9472
v 0.4096 21.555201 0.8448
v 0.4864 21.9904 0.768
v 0.5888 22.143999 0.7424
v 0.4096 22.016001 -0.0256
v 0.3328 21.8624 0.0512
v 0.2816 21.452801 0.1536
v 0.0512 20.864 0.3584
v -0.256 20.4032 0.6144
v -0.64 20.1472 0.8704
v -1.1008 20.0704 1.1008
v -0.7936 20.249599 1.4848
v -0.512 20.6336 1.792
v -0.8192 21.1968 2.2784
v -0.896 20.659201 1.9968
v -1.3056 20.659201 1.9968
v -1.2032 20.2752 1.5872
v -1.408 20.249599 1.4848
v -0.9728 20.2752 1.5872
v -1.536 20.224001 1.3056
v -1.6896 20.6336 1.792
v -1.3824 21.1968 2.2784
v -0.768 21.8368 2.4064
v -1.8944 21.145599 1.9968
v -1.9456 20.556801 1.4592
v -1.5872 20.1728 1.0752
v 0.0768 22.476801 2.0736
v -0.3584 22.348801 1.4848
v -0.512 22.246401 0.7424
v -0.3584 22.0928 0.0
v 0.7424 22.528 2.4064
v 1.4592 22.528 2.4064
v 2.0992 22.476801 2.0736
v 2.56 22.348801 1.4848
v 2.7392 22.246401 0.7424
v 2.56 22.0928 0.0
v 2.6112 22.1952 -0.0512
v 2.7904 22.3232 0.7168
v 2.6112 22.4512 1.4848
v 2.1504 22.579201 2.0736
v 1.4848 22.6304 2.432
v 0.7168 22.6304 2.432
v 2.5344 22.374399 -0.0256
v 2.688 22.502399 0.6912
v 2.5344 22.6304 1.408
v 2.0992 22.7328 1.9968
v 1.4592 22.784 2.304
v 0.7424 22.784 2.304
v 0.0512 22.579201 2.0736
v 0.1024 22.7328 1.9968
v -0.4096 22.4512 1.4848
v -0.3328 22.6304 1.408
v -0.5888 22.3232 0.7168
v -0.4864 22.502399 0.6912
v -0.4096 22.1952 -0.0512
v -0.3328 22.374399 -0.0256
v 2.4832 22.784 -0.0768
v 2.6368 22.8864 0.6144
v 2.2784 23.398399 -0.0768
v 1.9456 23.9104 0.0
v 2.4064 23.500799 0.512
v 2.4832 23.0144 1.3056
v 2.048 23.1168 1.8688
v 1.4336 23.167999 2.176
v 0.768 23.167999 2.176
v 2.2784 23.603201 1.1008
v 2.048 23.9872 0.4096
v 1.536 24.2432 0.128
v 1.5872 24.268801 0.3584
v 1.1008 24.371201 0.3328
v 1.536 24.32 0.5888
v 1.408 24.3456 0.768
v 1.6896 24.1152 1.1776
v 1.9456 24.038401 0.8448
v 1.8944 23.68 1.5616
v 1.3824 23.731199 1.8176
v 1.2032 24.371201 0.8704
v 1.3056 24.1408 1.3824
v 0.896 24.1408 1.3824
v 0.9728 24.371201 0.8704
v 0.8192 23.731199 1.8176
v 0.2816 23.68 1.5616
v 0.512 24.1152 1.1776
v 0.7936 24.3456 0.768
v -0.0512 23.603201 1.1008
v -0.2816 23.0144 1.3056
v 0.1536 23.1168 1.8688
v -0.4096 22.8864 0.6144
v -0.2816 22.784 -0.0768
v -0.2048 23.500799 0.512
v -0.0512 23.398399 -0.0768
v 0.256 24.038401 0.8448
v 0.1536 23.9872 0.4096
v 0.64 24.32 0.5888
v 0.5888 24.268801 0.3584
v 0.256 23.9104 0.0
v 0.64 24.2432 0.128
v -0.0768 22.476801 2.0736
v 0.3584 22.348801 1.4848
v 0.512 22.246401 0.7424
v 0.3584 22.0928 0.0
v -0.7424 22.528 2.4064
v -1.4592 22.528 2.4064
v -2.0992 22.476801 2.0736
v -2.56 22.348801 1.4848
v -2.7392 22.246401 0.7424
v -2.56 22.0928 0.0
v -2.6112 22.1952 -0.0512
v -2.7904 22.3232 0.7168
v -2.6112 22.4512 1.4848
v -2.1504 22.579201 2.0736
v -1.4848 22.6304 2.432
v -0.7168 22.6304 2.432
v -2.5344 22.374399 -0.0256
v -2.688 22.502399 0.6912
v -2.5344 22.6304 1.408
v -2.0992 22.7328 1.9968
v -1.4592 22.784 2.304
v -0.7424 22.784 2.304
v -0.0512 22.579201 2.0736
v -0.1024 22.7328 1.9968
v 0.4096 22.4512 1.4848
v 0.3328 22.6304 1.408
v 0.5888 22.3232 0.7168
v 0.4864 22.502399 0.6912
v 0.4096 22.1952 -0.0512
v 0.3328 22.374399 -0.0256
v -2.4832 22.784 -0.0768
v -2.6368 22.8864 0.6144
v -2.2784 23.398399 -0.0768
v -1.9456 23.9104 0.0
v -2.4064 23.500799 0.512
v -2.4832 23.0144 1.3056
v -2.048 23.1168 1.8688
v -1.4336 23.167999 2.176
v -0.768 23.167999 2.176
v -2.2784 23.603201 1.1008
v -2.048 23.9872 0.4096
v -1.536 24.2432 0.128
v -1.5872 24.268801 0.3584
v -1.1008 24.371201 0.3328
v -1.536 24.32 0.5888
v -1.408 24.3456 0.768
v -1.6896 24.1152 1.1776
v -1.9456 24.038401 0.8448
v -1.8944 23.68 1.5616
v -1.3824 23.731199 1.8176
v -1.2032 24.371201 0.8704
v -1.3056 24.1408 1.3824
v -0.896 24.1408 1.3824
v -0.9728 24.371201 0.8704
v -0.8192 23.731199 1.8176
v -0.2816 23.68 1.5616
v -0.512 24.1152 1.1776
v -0.7936 24.3456 0.768
v 0.0512 23.603201 1.1008
v 0.2816 23.0144 1.3056
v -0.1536 23.1168 1.8688
v 0.4096 22.8864 0.6144
v 0.2816 22.784 -0.0768
v 0.2048 23.500799 0.512
v 0.0512 23.398399 -0.0768
v -0.256 24.038401 0.8448
v -0.1536 23.9872 0.4096
v -0.64 24.32 0.5888
v -0.5888 24.268801 0.3584
v -0.256 23.9104 0.0
v -0.64 24.2432 0.128

# 8217 Texture Coordinates
vt 0.1641 0.8125
vt 0.1328 0.8359
vt 0.1719 0.8672
vt 0.2422 0.8125
vt 0.25 0.8438
vt 0.2656 0.8438
vt 0.2656 0.8438
vt 0.25 0.8438
vt 0.25 0.8672
vt 0.25 0.8438
vt 0.2266 0.8516
vt 0.25 0.8672
vt 0.25 0.8672
vt 0.2266 0.8516
vt 0.2422 0.8828
vt 0.2422 0.8828
vt 0.2266 0.8516
vt 0.2188 0.8828
vt 0.2266 0.8516
vt 0.2109 0.8594
vt 0.2188 0.8828
vt 0.2188 0.8828
vt 0.2109 0.8594
vt 0.1953 0.8828
vt 0.1953 0.8828
vt 0.2109 0.8594
vt 0.1719 0.8672
vt 0.2109 0.8594
vt 0.1875 0.8438
vt 0.1719 0.8672
vt 0.1719 0.8672
vt 0.1875 0.8438
vt 0.1641 0.8125
vt 0.2109 0.8594
vt 0.2266 0.8516
vt 0.1875 0.8438
vt 0.1875 0.8438
vt 0.2266 0.8516
vt 0.2109 0.8281
vt 0.2266 0.8516
vt 0.25 0.8438
vt 0.2109 0.8281
vt 0.2109 0.8281
vt 0.25 0.8438
vt 0.2422 0.8125
vt 0.2422 0.8125
vt 0.2656 0.8438
vt 0.2656 0.8125
vt 0.1641 0.8125
vt 0.1875 0.8438
vt 0.1953 0.8047
vt 0.1875 0.8438
vt 0.2109 0.8281
vt 0.1953 0.8047
vt 0.1953 0.8047
vt 0.2109 0.8281
vt 0.2344 0.7891
vt 0.2109 0.8281
vt 0.2422 0.8125
vt 0.2344 0.7891
vt 0.2344 0.7891
vt 0.2422 0.8125
vt 0.2656 0.7891
vt 0.2422 0.8125
vt 0.2656 0.8125
vt 0.2656 0.7891
vt 0.2656 0.7891
vt 0.2656 0.8125
vt 0.3047 0.7891
vt 0.2656 0.8125
vt 0.2969 0.8047
vt 0.3047 0.7891
vt 0.3047 0.7891
vt 0.2969 0.8047
vt 0.3438 0.7969
vt 0.2969 0.8047
vt 0.3281 0.8125
vt 0.3438 0.7969
vt 0.3203 0.8203
vt 0.3281 0.8125
vt 0.2969 0.8125
vt 0.3281 0.8125
vt 0.2969 0.8047
vt 0.2969 0.8125
vt 0.2969 0.8047
vt 0.2656 0.8125
vt 0.2969 0.8125
vt 0.2969 0.8125
vt 0.2656 0.8125
vt 0.2891 0.8438
vt 0.2656 0.8125
vt 0.2656 0.8438
vt 0.2891 0.8438
vt 0.2891 0.8438
vt 0.2656 0.8438
vt 0.2969 0.8672
vt 0.2656 0.8438
vt 0.2734 0.875
vt 0.2969 0.8672
vt 0.2734 0.875
vt 0.2891 0.8906
vt 0.2969 0.8672
vt 0.2969 0.8672
vt 0.2891 0.8906
vt 0.3047 0.875
vt 0.3047 0.875
vt 0.2891 0.8906
vt 0.3203 0.8828
vt 0.2891 0.8906
vt 0.3047 0.9063
vt 0.3203 0.8828
vt 0.3203 0.8828
vt 0.3047 0.9063
vt 0.3359 0.9063
vt 0.3672 0.8828
vt 0.3438 0.8906
vt 0.3359 0.9063
vt 0.3359 0.9063
vt 0.3438 0.8906
vt 0.3203 0.8828
vt 0.3438 0.8906
vt 0.3359 0.8672
vt 0.3203 0.8828
vt 0.3203 0.8828
vt 0.3359 0.8672
vt 0.3047 0.875
vt 0.3359 0.8672
vt 0.3281 0.8516
vt 0.3047 0.875
vt 0.3047 0.875
vt 0.3281 0.8516
vt 0.2969 0.8672
vt 0.3281 0.8516
vt 0.3125 0.8438
vt 0.2969 0.8672
vt 0.2969 0.8672
vt 0.3125 0.8438
vt 0.2891 0.8438
vt 0.3125 0.8438
vt 0.3203 0.8203
vt 0.2891 0.8438
vt 0.2891 0.8438
vt 0.3203 0.8203
vt 0.2969 0.8125
vt 0.3438 0.8359
vt 0.3281 0.8516
vt 0.3594 0.8594
vt 0.3594 0.8594
vt 0.3281 0.8516
vt 0.3359 0.8672
vt 0.3438 0.8906
vt 0.3672 0.8828
vt 0.3359 0.8672
vt 0.3359 0.8672
vt 0.3672 0.8828
vt 0.3594 0.8594
vt 0.3672 0.8828
vt 0.375 0.875
vt 0.3594 0.8594
vt 0.375 0.875
vt 0.3672 0.8438
vt 0.3594 0.8594
vt 0.3594 0.8594
vt 0.3672 0.8438
vt 0.3438 0.8359
vt 0.3672 0.8438
vt 0.3516 0.8281
vt 0.3438 0.8359
vt 0.3516 0.8281
vt 0.3281 0.8125
vt 0.3438 0.8359
vt 0.3281 0.8125
vt 0.3203 0.8203
vt 0.3438 0.8359
vt 0.3438 0.8359
vt 0.3203 0.8203
vt 0.3281 0.8516
vt 0.3203 0.8203
vt 0.3125 0.8438
vt 0.3281 0.8516
vt 0.3438 0.7969
vt 0.3281 0.8125
vt 0.375 0.8047
vt 0.3281 0.8125
vt 0.3516 0.8281
vt 0.375 0.8047
vt 0.375 0.8047
vt 0.3516 0.8281
vt 0.3984 0.8203
vt 0.3516 0.8281
vt 0.3672 0.8438
vt 0.3984 0.8203
vt 0.3984 0.8203
vt 0.3672 0.8438
vt 0.4219 0.8438
vt 0.3672 0.8438
vt 0.375 0.875
vt 0.4219 0.8438
vt 0.4219 0.8438
vt 0.375 0.875
vt 0.4219 0.875
vt 0.4219 0.875
vt 0.375 0.875
vt 0.3672 0.9141
vt 0.375 0.875
vt 0.3672 0.8828
vt 0.3672 0.9141
vt 0.3672 0.9141
vt 0.3672 0.8828
vt 0.3359 0.9063
vt 0.4609 0.125
vt 0.4688 0.0938
vt 0.4453 0.1172
vt 0.5078 0.125
vt 0.5078 0.1094
vt 0.4922 0.125
vt 0.4922 0.125
vt 0.5078 0.1094
vt 0.4922 0.1016
vt 0.5078 0.1094
vt 0.4922 0.0859
vt 0.4922 0.1016
vt 0.4922 0.0859
vt 0.4688 0.0938
vt 0.4922 0.1016
vt 0.4922 0.1016
vt 0.4688 0.0938
vt 0.4766 0.1094
vt 0.4688 0.0938
vt 0.4609 0.125
vt 0.4766 0.1094
vt 0.4609 0.125
vt 0.4766 0.125
vt 0.4766 0.1094
vt 0.4766 0.1094
vt 0.4766 0.125
vt 0.4922 0.125
vt 0.4766 0.125
vt 0.4922 0.1484
vt 0.4922 0.125
vt 0.4922 0.125
vt 0.4922 0.1484
vt 0.5078 0.125
vt 0.4766 0.1094
vt 0.4922 0.125
vt 0.4922 0.1016
vt 0.5078 0.125
vt 0.5234 0.125
vt 0.5078 0.1094
vt 0.5234 0.125
vt 0.5156 0.0938
vt 0.5078 0.1094
vt 0.5078 0.1094
vt 0.5156 0.0938
vt 0.4922 0.0859
vt 0.5234 0.125
vt 0.5391 0.1172
vt 0.5156 0.0938
vt 0.4922 0.1484
vt 0.5078 0.1563
vt 0.5078 0.125
vt 0.5078 0.125
vt 0.5078 0.1563
vt 0.5234 0.125
vt 0.5078 0.1563
vt 0.5313 0.1484
vt 0.5234 0.125
vt 0.5234 0.125
vt 0.5313 0.1484
vt 0.5391 0.1172
vt 0.5313 0.1484
vt 0.5547 0.1406
vt 0.5391 0.1172
vt 0.5547 0.1406
vt 0.5703 0.125
vt 0.5391 0.1172
vt 0.5391 0.1172
vt 0.5703 0.125
vt 0.5469 0.1094
vt 0.5703 0.125
vt 0.5625 0.0938
vt 0.5469 0.1094
vt 0.5625 0.0938
vt 0.5313 0.0781
vt 0.5469 0.1094
vt 0.5313 0.0781
vt 0.5313 0.0938
vt 0.5469 0.1094
vt 0.5469 0.1094
vt 0.5313 0.0938
vt 0.5391 0.1172
vt 0.4297 0.8359
vt 0.438845 0.875405
vt 0.454444 0.875405
vt 0.3438 0.7734
vt 0.3828 0.7813
vt 0.3984 0.7656
vt 0.3984 0.7656
vt 0.3828 0.7813
vt 0.4297 0.7813
vt 0.3828 0.7813
vt 0.4141 0.8047
vt 0.4297 0.7813
vt 0.4297 0.7813
vt 0.4141 0.8047
vt 0.4453 0.8125
vt 0.4141 0.8047
vt 0.4297 0.8359
vt 0.4453 0.8125
vt 0.4297 0.8359
vt 0.454444 0.875405
vt 0.4453 0.8125
vt 0.4453 0.8125
vt 0.454444 0.875405
vt 0.462245 0.875405
vt 0.2813 0.7656
vt 0.3047 0.7656
vt 0.2813 0.7422
vt 0.2813 0.7422
vt 0.3047 0.7656
vt 0.3125 0.7422
vt 0.3047 0.7656
vt 0.3438 0.7734
vt 0.3125 0.7422
vt 0.3125 0.7422
vt 0.3438 0.7734
vt 0.3516 0.75
vt 0.3438 0.7734
vt 0.3984 0.7656
vt 0.3516 0.75
vt 0.3516 0.75
vt 0.3984 0.7656
vt 0.4063 0.75
vt 0.3984 0.7656
vt 0.4297 0.7813
vt 0.4063 0.75
vt 0.4063 0.75
vt 0.4297 0.7813
vt 0.4375 0.7656
vt 0.4297 0.7813
vt 0.4453 0.8125
vt 0.4375 0.7656
vt 0.4375 0.7656
vt 0.4453 0.8125
vt 0.4531 0.8125
vt 0.3594 0.7109
vt 0.4063 0.75
vt 0.4063 0.7266
vt 0.4063 0.75
vt 0.4375 0.7656
vt 0.4063 0.7266
vt 0.4453 0.8125
vt 0.462245 0.875405
vt 0.4531 0.8125
vt 0.461342 0.876335
vt 0.493264 0.876335
vt 0.453387 0.812142
vt 0.493264 0.876335
vt 0.493264 0.805019
vt 0.453387 0.812142
vt 0.4922 0.8047
vt 0.4531 0.75
vt 0.4531 0.8125
vt 0.4531 0.8125
vt 0.4531 0.75
vt 0.4375 0.7656
vt 0.4531 0.75
vt 0.4297 0.7344
vt 0.4375 0.7656
vt 0.4375 0.7656
vt 0.4297 0.7344
vt 0.4063 0.7266
vt 0.4297 0.7344
vt 0.4141 0.7109
vt 0.4063 0.7266
vt 0.4063 0.7266
vt 0.4141 0.7109
vt 0.3594 0.7109
vt 0.4141 0.7109
vt 0.3594 0.6875
vt 0.3594 0.7109
vt 0.4141 0.7109
vt 0.4297 0.7344
vt 0.4609 0.7266
vt 0.4297 0.7344
vt 0.4531 0.75
vt 0.4609 0.7266
vt 0.4609 0.7266
vt 0.4531 0.75
vt 0.4922 0.7266
vt 0.3594 0.7109
vt 0.3594 0.6875
vt 0.3125 0.7031
vt 0.3594 0.6875
vt 0.3203 0.6797
vt 0.3125 0.7031
vt 0.3203 0.6797
vt 0.2734 0.6719
vt 0.3125 0.7031
vt 0.3125 0.7031
vt 0.2734 0.6719
vt 0.2734 0.6953
vt 0.2734 0.6719
vt 0.2344 0.6953
vt 0.2734 0.6953
vt 0.2734 0.6953
vt 0.2344 0.6953
vt 0.2422 0.7188
vt 0.2344 0.6953
vt 0.1953 0.7109
vt 0.2422 0.7188
vt 0.2422 0.7188
vt 0.1953 0.7109
vt 0.2031 0.7344
vt 0.1953 0.7109
vt 0.1563 0.7266
vt 0.2031 0.7344
vt 0.2031 0.7344
vt 0.1563 0.7266
vt 0.1641 0.75
vt 0.1172 0.7422
vt 0.1563 0.7266
vt 0.1484 0.7031
vt 0.1484 0.7031
vt 0.1563 0.7266
vt 0.1875 0.6797
vt 0.1563 0.7266
vt 0.1953 0.7109
vt 0.1875 0.6797
vt 0.1875 0.6797
vt 0.1953 0.7109
vt 0.2344 0.6719
vt 0.1953 0.7109
vt 0.2344 0.6953
vt 0.2344 0.6719
vt 0.2344 0.6719
vt 0.2344 0.6953
vt 0.2734 0.6719
vt 0.2422 0.7188
vt 0.2031 0.7344
vt 0.25 0.7422
vt 0.25 0.7422
vt 0.2031 0.7344
vt 0.2109 0.75
vt 0.2031 0.7344
vt 0.1641 0.75
vt 0.2109 0.75
vt 0.2109 0.75
vt 0.1641 0.75
vt 0.1719 0.7656
vt 0.1719 0.7656
vt 0.1641 0.75
vt 0.1406 0.7813
vt 0.1641 0.75
vt 0.125 0.7656
vt 0.1406 0.7813
vt 0.1563 0.7266
vt 0.1172 0.7422
vt 0.1641 0.75
vt 0.1641 0.75
vt 0.1172 0.7422
vt 0.125 0.7656
vt 0.1172 0.7422
vt 0.1094 0.8047
vt 0.125 0.7656
vt 0.125 0.7656
vt 0.1094 0.8047
vt 0.1406 0.7813
vt 0.116963 0.799154
vt 0.124763 0.806954
vt 0.1406 0.7813
vt 0.124763 0.806954
vt 0.132563 0.822554
vt 0.1406 0.7813
vt 0.125 0.8281
vt 0.1563 0.7969
vt 0.1406 0.7813
vt 0.1406 0.7813
vt 0.1563 0.7969
vt 0.1719 0.7656
vt 0.1563 0.7969
vt 0.1875 0.7891
vt 0.1719 0.7656
vt 0.1719 0.7656
vt 0.1875 0.7891
vt 0.2109 0.75
vt 0.1875 0.7891
vt 0.2266 0.7734
vt 0.2109 0.75
vt 0.2266 0.7734
vt 0.2578 0.7656
vt 0.2109 0.75
vt 0.2109 0.75
vt 0.2578 0.7656
vt 0.25 0.7422
vt 0.2578 0.7656
vt 0.2813 0.7422
vt 0.25 0.7422
vt 0.25 0.7422
vt 0.2813 0.7422
vt 0.2422 0.7188
vt 0.2813 0.7422
vt 0.2813 0.7188
vt 0.2422 0.7188
vt 0.2422 0.7188
vt 0.2813 0.7188
vt 0.2734 0.6953
vt 0.2734 0.6953
vt 0.2813 0.7188
vt 0.3125 0.7031
vt 0.2813 0.7188
vt 0.3125 0.7266
vt 0.3125 0.7031
vt 0.3125 0.7031
vt 0.3125 0.7266
vt 0.3594 0.7109
vt 0.2578 0.7656
vt 0.2813 0.7656
vt 0.2813 0.7422
vt 0.3125 0.7266
vt 0.3594 0.7344
vt 0.3594 0.7109
vt 0.3594 0.7109
vt 0.3594 0.7344
vt 0.4063 0.75
vt 0.4063 0.75
vt 0.3594 0.7344
vt 0.3516 0.75
vt 0.3516 0.75
vt 0.3594 0.7344
vt 0.3125 0.7422
vt 0.3594 0.7344
vt 0.3125 0.7266
vt 0.3125 0.7422
vt 0.3125 0.7266
vt 0.2813 0.7188
vt 0.3125 0.7422
vt 0.3125 0.7422
vt 0.2813 0.7188
vt 0.2813 0.7422
vt 0.4453 0.1172
vt 0.4531 0.0938
vt 0.4375 0.1094
vt 0.4531 0.0938
vt 0.4531 0.0781
vt 0.4375 0.1094
vt 0.4375 0.1094
vt 0.4531 0.0781
vt 0.4219 0.0938
vt 0.125 0.8281
vt 0.1328 0.8359
vt 0.1563 0.7969
vt 0.1328 0.8359
vt 0.1641 0.8125
vt 0.1563 0.7969
vt 0.1641 0.8125
vt 0.1953 0.8047
vt 0.1563 0.7969
vt 0.1563 0.7969
vt 0.1953 0.8047
vt 0.1875 0.7891
vt 0.1953 0.8047
vt 0.2344 0.7891
vt 0.1875 0.7891
vt 0.1875 0.7891
vt 0.2344 0.7891
vt 0.2266 0.7734
vt 0.2266 0.7734
vt 0.2344 0.7891
vt 0.2578 0.7656
vt 0.2344 0.7891
vt 0.2656 0.7891
vt 0.2578 0.7656
vt 0.2578 0.7656
vt 0.2656 0.7891
vt 0.2813 0.7656
vt 0.2813 0.7656
vt 0.2656 0.7891
vt 0.3047 0.7656
vt 0.2656 0.7891
vt 0.3047 0.7891
vt 0.3047 0.7656
vt 0.3047 0.7891
vt 0.3438 0.7969
vt 0.3047 0.7656
vt 0.3047 0.7656
vt 0.3438 0.7969
vt 0.3438 0.7734
vt 0.3438 0.7734
vt 0.3438 0.7969
vt 0.3828 0.7813
vt 0.3438 0.7969
vt 0.375 0.8047
vt 0.3828 0.7813
vt 0.3828 0.7813
vt 0.375 0.8047
vt 0.4141 0.8047
vt 0.375 0.8047
vt 0.3984 0.8203
vt 0.4141 0.8047
vt 0.4141 0.8047
vt 0.3984 0.8203
vt 0.4297 0.8359
vt 0.3984 0.8203
vt 0.4219 0.8438
vt 0.4297 0.8359
vt 0.4219 0.8438
vt 0.4219 0.875
vt 0.4297 0.8359
vt 0.4297 0.8359
vt 0.4219 0.875
vt 0.4375 0.8828
vt 0.5781 0.3438
vt 0.5625 0.3203
vt 0.5547 0.3438
vt 0.9063 0.8594
vt 0.9063 0.8594
vt 0.9141 0.8672
vt 0.9141 0.8672
vt 0.9063 0.8594
vt 0.9141 0.8672
vt 0.8984 0.9453
vt 0.8984 0.9453
vt 0.8906 0.9453
vt 0.8906 0.9453
vt 0.8984 0.9453
vt 0.8906 0.9453
vt 0.3203 0.3125
vt 0.2891 0.2891
vt 0.3125 0.3438
vt 0.3125 0.3438
vt 0.2891 0.2891
vt 0.2656 0.3125
vt 0.2891 0.2891
vt 0.2656 0.2656
vt 0.2656 0.3125
vt 0.4922 0.3438
vt 0.4922 0.3594
vt 0.5 0.3594
vt 0.4922 0.3594
vt 0.5156 0.3672
vt 0.5 0.3594
vt 0.4844 0.2813
vt 0.4922 0.2969
vt 0.4922 0.2813
vt 0.4922 0.2813
vt 0.4922 0.2969
vt 0.4922 0.2969
vt 0.4922 0.2969
vt 0.4922 0.2969
vt 0.4922 0.3203
vt 0.4922 0.2969
vt 0.4922 0.3203
vt 0.4922 0.3203
vt 0.4922 0.3203
vt 0.4922 0.3203
vt 0.4922 0.3438
vt 0.4922 0.3203
vt 0.4844 0.3438
vt 0.4922 0.3438
vt 0.4922 0.3438
vt 0.4844 0.3438
vt 0.4922 0.3594
vt 0.4844 0.3438
vt 0.4844 0.3516
vt 0.4922 0.3594
vt 0.4922 0.3594
vt 0.4844 0.3516
vt 0.4688 0.3594
vt 0.9453 0.875
vt 0.9375 0.875
vt 0.9375 0.8594
vt 0.9375 0.875
vt 0.9219 0.8594
vt 0.9375 0.8594
vt 0.9219 0.9609
vt 0.9063 0.9609
vt 0.9063 0.9531
vt 0.9063 0.9609
vt 0.8984 0.9531
vt 0.9063 0.9531
vt 0.9453 0.9531
vt 0.9375 0.9609
vt 0.9375 0.9531
vt 0.7188 0.2734
vt 0.6953 0.2891
vt 0.7109 0.3203
vt 0.7109 0.3203
vt 0.6953 0.2891
vt 0.6797 0.3438
vt 0.6953 0.2891
vt 0.6641 0.3125
vt 0.6797 0.3438
vt 0.9375 0.875
vt 0.9453 0.875
vt 0.9375 0.8594
vt 0.5234 0.6953
vt 0.5234 0.7266
vt 0.5625 0.6875
vt 0.5625 0.6875
vt 0.5234 0.7266
vt 0.5703 0.7109
vt 0.5234 0.7266
vt 0.5234 0.75
vt 0.5703 0.7109
vt 0.5703 0.7109
vt 0.5234 0.75
vt 0.5469 0.7344
vt 0.6172 0.6641
vt 0.5625 0.6875
vt 0.5703 0.7109
vt 0.4922 0.6953
vt 0.4922 0.7266
vt 0.5234 0.6953
vt 0.5234 0.6953
vt 0.4922 0.7266
vt 0.5234 0.7266
vt 0.4922 0.7266
vt 0.4922 0.75
vt 0.5234 0.7266
vt 0.5234 0.7266
vt 0.4922 0.75
vt 0.5234 0.75
vt 0.4922 0.75
vt 0.5234 0.8125
vt 0.5234 0.75
vt 0.5234 0.8125
vt 0.5391 0.7656
vt 0.5234 0.75
vt 0.5234 0.75
vt 0.5391 0.7656
vt 0.5469 0.7344
vt 0.5391 0.7656
vt 0.5703 0.7266
vt 0.5469 0.7344
vt 0.5469 0.7344
vt 0.5703 0.7266
vt 0.5703 0.7109
vt 0.5703 0.7266
vt 0.6172 0.6875
vt 0.5703 0.7109
vt 0.5703 0.7109
vt 0.6172 0.6875
vt 0.6172 0.6641
vt 0.6172 0.6875
vt 0.6641 0.6563
vt 0.6172 0.6641
vt 0.4922 0.75
vt 0.4922 0.8047
vt 0.5234 0.8125
vt 0.4922 0.7266
vt 0.4922 0.6953
vt 0.4609 0.6953
vt 0.7969 0.6172
vt 0.7578 0.6094
vt 0.75 0.6406
vt 0.7578 0.6094
vt 0.7109 0.6406
vt 0.75 0.6406
vt 0.75 0.6406
vt 0.7109 0.6406
vt 0.7031 0.6719
vt 0.7031 0.6719
vt 0.7109 0.6406
vt 0.6641 0.6797
vt 0.7109 0.6406
vt 0.6641 0.6563
vt 0.6641 0.6797
vt 0.6641 0.6563
vt 0.6172 0.6875
vt 0.6641 0.6797
vt 0.6641 0.6797
vt 0.6172 0.6875
vt 0.6172 0.7109
vt 0.6172 0.6875
vt 0.5703 0.7266
vt 0.6172 0.7109
vt 0.6172 0.7109
vt 0.5703 0.7266
vt 0.5781 0.75
vt 0.5703 0.7266
vt 0.5391 0.7656
vt 0.5781 0.75
vt 0.5781 0.75
vt 0.5391 0.7656
vt 0.5547 0.7813
vt 0.5391 0.7656
vt 0.5234 0.8125
vt 0.5547 0.7813
vt 0.5547 0.7813
vt 0.5234 0.8125
vt 0.5313 0.8125
vt 0.7031 0.6719
vt 0.6641 0.6797
vt 0.7031 0.6953
vt 0.7031 0.6953
vt 0.6641 0.6797
vt 0.6641 0.7031
vt 0.6641 0.6797
vt 0.6172 0.7109
vt 0.6641 0.7031
vt 0.6641 0.7031
vt 0.6172 0.7109
vt 0.625 0.7344
vt 0.6172 0.7109
vt 0.5781 0.75
vt 0.625 0.7344
vt 0.625 0.7344
vt 0.5781 0.75
vt 0.5859 0.7656
vt 0.5781 0.75
vt 0.5547 0.7813
vt 0.5859 0.7656
vt 0.5859 0.7656
vt 0.5547 0.7813
vt 0.5703 0.8047
vt 0.5703 0.8047
vt 0.5547 0.7813
vt 0.5469 0.8359
vt 0.5547 0.7813
vt 0.5313 0.8125
vt 0.5469 0.8359
vt 0.5469 0.8359
vt 0.5313 0.8125
vt 0.540444 0.875405
vt 0.540444 0.875405
vt 0.5313 0.8125
vt 0.524745 0.875405
vt 0.5313 0.8125
vt 0.5234 0.8125
vt 0.524745 0.875405
vt 0.524745 0.875405
vt 0.5234 0.8125
vt 0.516945 0.875405
vt 0.525083 0.812142
vt 0.493264 0.805019
vt 0.517129 0.876335
vt 0.517129 0.876335
vt 0.493264 0.805019
vt 0.493264 0.876335
vt 0.8203 0.7422
vt 0.7734 0.7344
vt 0.7656 0.75
vt 0.7656 0.75
vt 0.7734 0.7344
vt 0.7344 0.7422
vt 0.7734 0.7344
vt 0.7344 0.7188
vt 0.7344 0.7422
vt 0.7344 0.7422
vt 0.7344 0.7188
vt 0.6953 0.7422
vt 0.7344 0.7188
vt 0.7031 0.7188
vt 0.6953 0.7422
vt 0.6953 0.7422
vt 0.7031 0.7188
vt 0.6641 0.7422
vt 0.7031 0.7188
vt 0.6641 0.7266
vt 0.6641 0.7422
vt 0.6641 0.7422
vt 0.6641 0.7266
vt 0.625 0.75
vt 0.6641 0.7266
vt 0.625 0.7344
vt 0.625 0.75
vt 0.625 0.7344
vt 0.5859 0.7656
vt 0.625 0.75
vt 0.625 0.75
vt 0.5859 0.7656
vt 0.5938 0.7813
vt 0.5859 0.7656
vt 0.5703 0.8047
vt 0.5938 0.7813
vt 0.625 0.7344
vt 0.6641 0.7266
vt 0.6641 0.7031
vt 0.6641 0.7031
vt 0.6641 0.7266
vt 0.7031 0.6953
vt 0.6641 0.7266
vt 0.7031 0.7188
vt 0.7031 0.6953
vt 0.7031 0.6953
vt 0.7031 0.7188
vt 0.7422 0.6953
vt 0.7031 0.7188
vt 0.7344 0.7188
vt 0.7422 0.6953
vt 0.7422 0.6953
vt 0.7344 0.7188
vt 0.7813 0.7031
vt 0.7344 0.7188
vt 0.7734 0.7344
vt 0.7813 0.7031
vt 0.7813 0.7031
vt 0.7734 0.7344
vt 0.8281 0.7266
vt 0.7734 0.7344
vt 0.8203 0.7422
vt 0.8281 0.7266
vt 0.7031 0.6953
vt 0.7422 0.6953
vt 0.75 0.6719
vt 0.75 0.6719
vt 0.7422 0.6953
vt 0.7891 0.6797
vt 0.7422 0.6953
vt 0.7813 0.7031
vt 0.7891 0.6797
vt 0.7891 0.6797
vt 0.7813 0.7031
vt 0.8281 0.6953
vt 0.7813 0.7031
vt 0.8281 0.7266
vt 0.8281 0.6953
vt 0.8281 0.6953
vt 0.8281 0.7266
vt 0.8594 0.7422
vt 0.8281 0.7266
vt 0.8203 0.7422
vt 0.8594 0.7422
vt 0.8594 0.7422
vt 0.8203 0.7422
vt 0.8516 0.7578
vt 0.8516 0.7578
vt 0.8203 0.7422
vt 0.8047 0.7656
vt 0.8047 0.7656
vt 0.8203 0.7422
vt 0.7656 0.75
vt 0.8594 0.7422
vt 0.8672 0.7188
vt 0.8281 0.6953
vt 0.8672 0.7188
vt 0.875 0.6719
vt 0.8281 0.6953
vt 0.875 0.6719
vt 0.8359 0.6563
vt 0.8281 0.6953
vt 0.8359 0.6563
vt 0.7969 0.6484
vt 0.8281 0.6953
vt 0.8281 0.6953
vt 0.7969 0.6484
vt 0.7891 0.6797
vt 0.7969 0.6484
vt 0.75 0.6719
vt 0.7891 0.6797
vt 0.75 0.7734
vt 0.7969 0.7813
vt 0.8047 0.7656
vt 0.7969 0.7813
vt 0.8438 0.7734
vt 0.8047 0.7656
vt 0.8047 0.7656
vt 0.8438 0.7734
vt 0.8516 0.7578
vt 0.8438 0.7734
vt 0.8672 0.8047
vt 0.8516 0.7578
vt 0.8516 0.7578
vt 0.8672 0.8047
vt 0.8594 0.7422
vt 0.861906 0.801297
vt 0.8984 0.7578
vt 0.8594 0.7422
vt 0.8594 0.7422
vt 0.8984 0.7578
vt 0.8672 0.7188
vt 0.8984 0.7578
vt 0.9063 0.7266
vt 0.8672 0.7188
vt 0.9063 0.7266
vt 0.9219 0.6797
vt 0.8672 0.7188
vt 0.8672 0.7188
vt 0.9219 0.6797
vt 0.875 0.6719
vt 0.8984 0.7578
vt 0.861906 0.801297
vt 0.8984 0.796003
vt 0.9219 0.6797
vt 0.9297 0.6484
vt 0.875 0.6719
vt 0.9297 0.6484
vt 0.8906 0.6406
vt 0.875 0.6719
vt 0.875 0.6719
vt 0.8906 0.6406
vt 0.8359 0.6563
vt 0.8906 0.6406
vt 0.8438 0.625
vt 0.8359 0.6563
vt 0.8359 0.6563
vt 0.8438 0.625
vt 0.7969 0.6484
vt 0.8438 0.625
vt 0.7969 0.6172
vt 0.7969 0.6484
vt 0.7969 0.6172
vt 0.75 0.6406
vt 0.7969 0.6484
vt 0.7969 0.6484
vt 0.75 0.6406
vt 0.75 0.6719
vt 0.75 0.6406
vt 0.7031 0.6719
vt 0.75 0.6719
vt 0.75 0.6719
vt 0.7031 0.6719
vt 0.7031 0.6953
vt 0.9219 0.9609
vt 0.9375 0.9609
vt 0.9375 0.9531
vt 0.9375 0.9609
vt 0.9453 0.9531
vt 0.9375 0.9531
vt 0.8984 0.9531
vt 0.9063 0.9609
vt 0.9063 0.9531
vt 0.2266 0.6094
vt 0.2266 0.5938
vt 0.1797 0.6172
vt 0.2266 0.5938
vt 0.1797 0.6016
vt 0.1797 0.6172
vt 0.1797 0.6172
vt 0.1797 0.6016
vt 0.1328 0.625
vt 0.1797 0.6016
vt 0.1328 0.6094
vt 0.1328 0.625
vt 0.1328 0.6094
vt 0.0938 0.625
vt 0.1328 0.625
vt 0.1328 0.625
vt 0.0938 0.625
vt 0.0938 0.6406
vt 0.0938 0.6406
vt 0.0938 0.625
vt 0.0469 0.6484
vt 0.0938 0.625
vt 0.0469 0.6328
vt 0.0469 0.6484
vt 0.4453 0.3672
vt 0.4219 0.3516
vt 0.4297 0.3594
vt 0.4297 0.2969
vt 0.3906 0.3047
vt 0.4219 0.3203
vt 0.3906 0.3047
vt 0.4141 0.3438
vt 0.4219 0.3203
vt 0.4219 0.3203
vt 0.4141 0.3438
vt 0.4219 0.3516
vt 0.7109 0.6406
vt 0.7578 0.6094
vt 0.7109 0.6172
vt 0.9297 0.6484
vt 0.9297 0.6328
vt 0.8906 0.6406
vt 0.9297 0.6328
vt 0.8906 0.625
vt 0.8906 0.6406
vt 0.8906 0.6406
vt 0.8906 0.625
vt 0.8438 0.625
vt 0.8906 0.625
vt 0.8438 0.6094
vt 0.8438 0.625
vt 0.8438 0.625
vt 0.8438 0.6094
vt 0.7969 0.6172
vt 0.8438 0.6094
vt 0.8047 0.6016
vt 0.7969 0.6172
vt 0.7969 0.6172
vt 0.8047 0.6016
vt 0.7578 0.6094
vt 0.8047 0.6016
vt 0.75 0.5938
vt 0.7578 0.6094
vt 0.7578 0.6094
vt 0.75 0.5938
vt 0.7109 0.6172
vt 0.5781 0.3828
vt 0.5625 0.3906
vt 0.5625 0.3906
vt 0.5625 0.3906
vt 0.5625 0.3906
vt 0.5313 0.3984
vt 0.5625 0.3906
vt 0.5313 0.3984
vt 0.5313 0.3984
vt 0.5313 0.3984
vt 0.5078 0.3906
vt 0.5313 0.3984
vt 0.5313 0.3984
vt 0.5078 0.3906
vt 0.5078 0.3906
vt 0.5078 0.3906
vt 0.5078 0.3906
vt 0.4922 0.3906
vt 0.5078 0.3906
vt 0.4922 0.3906
vt 0.4922 0.3906
vt 0.4922 0.3906
vt 0.4766 0.3906
vt 0.4922 0.3906
vt 0.4922 0.3906
vt 0.4766 0.3906
vt 0.4766 0.3906
vt 0.4766 0.3906
vt 0.4766 0.3906
vt 0.4453 0.3984
vt 0.4766 0.3906
vt 0.4453 0.3984
vt 0.4453 0.3984
vt 0.4453 0.3984
vt 0.4141 0.3906
vt 0.4453 0.3984
vt 0.4453 0.3984
vt 0.4141 0.3906
vt 0.4141 0.3906
vt 0.4141 0.3906
vt 0.3984 0.3828
vt 0.4141 0.3906
vt 0.8281 0.7969
vt 0.846306 0.824697
vt 0.861906 0.801297
vt 0.7969 0.7813
vt 0.8281 0.7969
vt 0.8438 0.7734
vt 0.8281 0.7969
vt 0.861906 0.801297
vt 0.8438 0.7734
vt 0.8438 0.7734
vt 0.861906 0.801297
vt 0.861906 0.801297
vt 0.1328 0.625
vt 0.0938 0.6406
vt 0.1016 0.6719
vt 0.2734 0.6406
vt 0.2656 0.6172
vt 0.2266 0.6406
vt 0.2656 0.6172
vt 0.2266 0.6094
vt 0.2266 0.6406
vt 0.2266 0.6406
vt 0.2266 0.6094
vt 0.1797 0.6484
vt 0.2266 0.6094
vt 0.1797 0.6172
vt 0.1797 0.6484
vt 0.1797 0.6172
vt 0.1328 0.625
vt 0.1797 0.6484
vt 0.1797 0.6484
vt 0.1328 0.625
vt 0.1406 0.6563
vt 0.1328 0.625
vt 0.1016 0.6719
vt 0.1406 0.6563
vt 0.1406 0.6563
vt 0.1016 0.6719
vt 0.1094 0.7188
vt 0.1094 0.7188
vt 0.1016 0.6719
vt 0.079263 0.730815
vt 0.079263 0.730815
vt 0.1016 0.6719
vt 0.063663 0.683915
vt 0.1016 0.6719
vt 0.0938 0.6406
vt 0.063663 0.683915
vt 0.063663 0.683915
vt 0.0938 0.6406
vt 0.055863 0.644815
vt 0.8906 0.9453
vt 0.8984 0.9453
vt 0.875 0.9297
vt 0.8984 0.9453
vt 0.8828 0.9297
vt 0.875 0.9297
vt 0.875 0.9297
vt 0.8828 0.9297
vt 0.8672 0.9141
vt 0.8828 0.9297
vt 0.875 0.9141
vt 0.8672 0.9141
vt 0.8672 0.9141
vt 0.875 0.9141
vt 0.8672 0.8984
vt 0.875 0.9141
vt 0.875 0.8984
vt 0.8672 0.8984
vt 0.8672 0.8984
vt 0.875 0.8984
vt 0.875 0.8828
vt 0.875 0.8984
vt 0.8828 0.8828
vt 0.875 0.8828
vt 0.875 0.8828
vt 0.8828 0.8828
vt 0.8906 0.8672
vt 0.8828 0.8828
vt 0.8984 0.875
vt 0.8906 0.8672
vt 0.8906 0.8672
vt 0.8984 0.875
vt 0.9063 0.8594
vt 0.8984 0.875
vt 0.9141 0.8672
vt 0.9063 0.8594
vt 0.0859 0.9141
vt 0.0859 0.9141
vt 0.0859 0.9141
vt 0.0703 0.8906
vt 0.0703 0.8906
vt 0.0703 0.9297
vt 0.0703 0.9297
vt 0.0703 0.8906
vt 0.0781 0.9219
vt 0.0703 0.8906
vt 0.0781 0.8906
vt 0.0781 0.9219
vt 0.0781 0.9219
vt 0.0781 0.8906
vt 0.0859 0.9141
vt 0.0781 0.8906
vt 0.0781 0.8906
vt 0.0859 0.9141
vt 0.0859 0.9141
vt 0.0781 0.8906
vt 0.0859 0.9141
vt 0.0781 0.8906
vt 0.0859 0.8906
vt 0.0859 0.9141
vt 0.0781 0.8906
vt 0.0703 0.8906
vt 0.0703 0.8828
vt 0.0703 0.8906
vt 0.0703 0.8906
vt 0.0703 0.8828
vt 0.0469 0.9141
vt 0.0469 0.9141
vt 0.0469 0.9141
vt 0.0469 0.9141
vt 0.0547 0.8906
vt 0.0469 0.9141
vt 0.0547 0.8906
vt 0.0547 0.8906
vt 0.0469 0.9141
vt 0.0469 0.9141
vt 0.0547 0.8906
vt 0.0547 0.9219
vt 0.0547 0.8906
vt 0.0625 0.8906
vt 0.0547 0.9219
vt 0.0547 0.9219
vt 0.0625 0.8906
vt 0.0625 0.9297
vt 0.0625 0.8906
vt 0.0625 0.8906
vt 0.0625 0.9297
vt 0.0625 0.9297
vt 0.0625 0.8906
vt 0.0703 0.9297
vt 0.0625 0.8906
vt 0.0703 0.8906
vt 0.0703 0.9297
vt 0.0703 0.9297
vt 0.0703 0.8906
vt 0.0703 0.9297
vt 0.5547 0.875
vt 0.5625 0.8438
vt 0.5391 0.8828
vt 0.5391 0.8828
vt 0.5625 0.8438
vt 0.5469 0.8359
vt 0.5625 0.8438
vt 0.5781 0.8203
vt 0.5469 0.8359
vt 0.5469 0.8359
vt 0.5781 0.8203
vt 0.5703 0.8047
vt 0.5703 0.8047
vt 0.5781 0.8203
vt 0.5938 0.7813
vt 0.5781 0.8203
vt 0.6016 0.8047
vt 0.5938 0.7813
vt 0.6016 0.8047
vt 0.6406 0.7969
vt 0.5938 0.7813
vt 0.5938 0.7813
vt 0.6406 0.7969
vt 0.6328 0.7734
vt 0.6328 0.7734
vt 0.6406 0.7969
vt 0.6719 0.7656
vt 0.6406 0.7969
vt 0.6797 0.7891
vt 0.6719 0.7656
vt 0.6719 0.7656
vt 0.6797 0.7891
vt 0.6953 0.7656
vt 0.6797 0.7891
vt 0.7188 0.7891
vt 0.6953 0.7656
vt 0.6953 0.7656
vt 0.7188 0.7891
vt 0.7188 0.7656
vt 0.7188 0.7891
vt 0.75 0.7891
vt 0.7188 0.7656
vt 0.7188 0.7656
vt 0.75 0.7891
vt 0.75 0.7734
vt 0.75 0.7734
vt 0.75 0.7891
vt 0.7969 0.7813
vt 0.75 0.7891
vt 0.7891 0.7969
vt 0.7969 0.7813
vt 0.7969 0.7813
vt 0.7891 0.7969
vt 0.8281 0.7969
vt 0.7891 0.7969
vt 0.8203 0.8125
vt 0.8281 0.7969
vt 0.8203 0.8125
vt 0.8438 0.8359
vt 0.8281 0.7969
vt 0.8281 0.7969
vt 0.8438 0.8359
vt 0.8516 0.8281
vt 0.5938 0.7813
vt 0.6328 0.7734
vt 0.625 0.75
vt 0.625 0.75
vt 0.6328 0.7734
vt 0.6641 0.7422
vt 0.6328 0.7734
vt 0.6719 0.7656
vt 0.6641 0.7422
vt 0.6641 0.7422
vt 0.6719 0.7656
vt 0.6953 0.7422
vt 0.6719 0.7656
vt 0.6953 0.7656
vt 0.6953 0.7422
vt 0.6953 0.7422
vt 0.6953 0.7656
vt 0.7344 0.7422
vt 0.6953 0.7656
vt 0.7188 0.7656
vt 0.7344 0.7422
vt 0.7344 0.7422
vt 0.7188 0.7656
vt 0.7656 0.75
vt 0.7188 0.7656
vt 0.75 0.7734
vt 0.7656 0.75
vt 0.7656 0.75
vt 0.75 0.7734
vt 0.8047 0.7656
vt 0.9141 0.8672
vt 0.9141 0.8672
vt 0.8984 0.875
vt 0.9141 0.8672
vt 0.8984 0.875
vt 0.8984 0.875
vt 0.8984 0.875
vt 0.8984 0.875
vt 0.8828 0.8828
vt 0.8984 0.875
vt 0.8828 0.8828
vt 0.8828 0.8828
vt 0.8828 0.8828
vt 0.8828 0.8828
vt 0.875 0.8984
vt 0.8828 0.8828
vt 0.875 0.8984
vt 0.875 0.8984
vt 0.875 0.8984
vt 0.875 0.8984
vt 0.875 0.9141
vt 0.875 0.8984
vt 0.875 0.9141
vt 0.875 0.9141
vt 0.875 0.9141
vt 0.875 0.9141
vt 0.8828 0.9297
vt 0.875 0.9141
vt 0.8828 0.9297
vt 0.8828 0.9297
vt 0.8828 0.9297
vt 0.8828 0.9297
vt 0.8984 0.9453
vt 0.8828 0.9297
vt 0.8984 0.9453
vt 0.8984 0.9453
vt 0.8906 0.9453
vt 0.8906 0.9453
vt 0.875 0.9297
vt 0.8906 0.9453
vt 0.875 0.9297
vt 0.875 0.9297
vt 0.875 0.9297
vt 0.875 0.9297
vt 0.8672 0.9141
vt 0.875 0.9297
vt 0.8672 0.9141
vt 0.8672 0.9141
vt 0.8672 0.9141
vt 0.8672 0.9141
vt 0.8672 0.8984
vt 0.8672 0.9141
vt 0.8672 0.8984
vt 0.8672 0.8984
vt 0.8672 0.8984
vt 0.8672 0.8984
vt 0.875 0.8828
vt 0.8672 0.8984
vt 0.875 0.8828
vt 0.875 0.8828
vt 0.875 0.8828
vt 0.875 0.8828
vt 0.8906 0.8672
vt 0.875 0.8828
vt 0.8906 0.8672
vt 0.8906 0.8672
vt 0.8906 0.8672
vt 0.8906 0.8672
vt 0.9063 0.8594
vt 0.8906 0.8672
vt 0.9063 0.8594
vt 0.9063 0.8594
vt 0.7969 0.9375
vt 0.7969 0.9375
vt 0.7969 0.9375
vt 0.7969 0.9375
vt 0.7969 0.9375
vt 0.7969 0.9375
vt 0.7969 0.9375
vt 0.7969 0.9375
vt 0.7969 0.9375
vt 0.7969 0.9375
vt 0.7969 0.9375
vt 0.7969 0.9375
vt 0.7969 0.9375
vt 0.7969 0.9375
vt 0.7969 0.9375
vt 0.7969 0.9375
vt 0.7969 0.9375
vt 0.7969 0.9375
vt 0.7969 0.9375
vt 0.7969 0.9375
vt 0.7969 0.9375
vt 0.5859 0.1563
vt 0.5703 0.1641
vt 0.5781 0.2031
vt 0.5781 0.2031
vt 0.5703 0.1641
vt 0.5625 0.2031
vt 0.5703 0.1641
vt 0.5469 0.1719
vt 0.5625 0.2031
vt 0.5313 0.1484
vt 0.5469 0.1719
vt 0.5547 0.1406
vt 0.5469 0.1719
vt 0.5703 0.1641
vt 0.5547 0.1406
vt 0.5547 0.1406
vt 0.5703 0.1641
vt 0.5703 0.125
vt 0.5703 0.1641
vt 0.5859 0.1563
vt 0.5703 0.125
vt 0.5703 0.125
vt 0.5859 0.1563
vt 0.6016 0.1484
vt 0.5859 0.1563
vt 0.6172 0.1797
vt 0.6016 0.1484
vt 0.6016 0.1484
vt 0.6172 0.1797
vt 0.6172 0.1406
vt 0.6172 0.1406
vt 0.6172 0.1797
vt 0.6406 0.1641
vt 0.6172 0.1797
vt 0.6484 0.2266
vt 0.6406 0.1641
vt 0.6406 0.1641
vt 0.6484 0.2266
vt 0.6719 0.2109
vt 0.5625 0.0938
vt 0.5703 0.125
vt 0.5859 0.1094
vt 0.5703 0.125
vt 0.6016 0.1484
vt 0.5859 0.1094
vt 0.5859 0.1094
vt 0.6016 0.1484
vt 0.6172 0.1406
vt 0.6016 0.25
vt 0.625 0.2422
vt 0.6016 0.1875
vt 0.6016 0.1875
vt 0.625 0.2422
vt 0.6172 0.1797
vt 0.6172 0.1797
vt 0.625 0.2422
vt 0.6484 0.2266
vt 0.6172 0.1797
vt 0.5859 0.1563
vt 0.6016 0.1875
vt 0.5859 0.1563
vt 0.5781 0.2031
vt 0.6016 0.1875
vt 0.6016 0.1875
vt 0.5781 0.2031
vt 0.6016 0.25
vt 0.5781 0.2031
vt 0.5625 0.2031
vt 0.6016 0.25
vt 0.5625 0.2031
vt 0.5703 0.2578
vt 0.6016 0.25
vt 0.5703 0.2578
vt 0.6172 0.2969
vt 0.6016 0.25
vt 0.6016 0.25
vt 0.6172 0.2969
vt 0.625 0.2422
vt 0.6172 0.2969
vt 0.6484 0.2813
vt 0.625 0.2422
vt 0.625 0.2422
vt 0.6484 0.2813
vt 0.6484 0.2266
vt 0.6484 0.2813
vt 0.6797 0.2656
vt 0.6484 0.2266
vt 0.6484 0.2266
vt 0.6797 0.2656
vt 0.6719 0.2109
vt 0.6719 0.2109
vt 0.6797 0.2656
vt 0.7031 0.25
vt 0.7031 0.25
vt 0.6797 0.2656
vt 0.7188 0.2734
vt 0.7188 0.2734
vt 0.6797 0.2656
vt 0.6953 0.2891
vt 0.6953 0.2891
vt 0.6797 0.2656
vt 0.6641 0.3125
vt 0.6797 0.2656
vt 0.6484 0.2813
vt 0.6641 0.3125
vt 0.6641 0.3125
vt 0.6484 0.2813
vt 0.625 0.3359
vt 0.6484 0.2813
vt 0.6172 0.2969
vt 0.625 0.3359
vt 0.625 0.3359
vt 0.6172 0.2969
vt 0.5859 0.3047
vt 0.6172 0.2969
vt 0.5703 0.2578
vt 0.5859 0.3047
vt 0.5469 0.2578
vt 0.5547 0.3047
vt 0.5859 0.3047
vt 0.5547 0.3047
vt 0.5625 0.3203
vt 0.5859 0.3047
vt 0.5859 0.3047
vt 0.5703 0.2578
vt 0.5469 0.2578
vt 0.5703 0.2578
vt 0.5625 0.2031
vt 0.5469 0.2578
vt 0.5469 0.2578
vt 0.5625 0.2031
vt 0.5313 0.2109
vt 0.5625 0.2031
vt 0.5469 0.1719
vt 0.5313 0.2109
vt 0.5469 0.1719
vt 0.5234 0.1797
vt 0.5313 0.2109
vt 0.5234 0.1797
vt 0.5078 0.1797
vt 0.5313 0.2109
vt 0.5313 0.2109
vt 0.5078 0.1797
vt 0.5156 0.2109
vt 0.5078 0.1797
vt 0.4922 0.2109
vt 0.5156 0.2109
vt 0.5156 0.2109
vt 0.4922 0.2109
vt 0.4922 0.2422
vt 0.4922 0.2109
vt 0.4688 0.2422
vt 0.4922 0.2422
vt 0.4922 0.2422
vt 0.4688 0.2422
vt 0.4688 0.2734
vt 0.4688 0.2422
vt 0.4375 0.2813
vt 0.4688 0.2734
vt 0.5156 0.2109
vt 0.4922 0.2422
vt 0.5078 0.2422
vt 0.5313 0.2109
vt 0.5156 0.2109
vt 0.5469 0.2578
vt 0.5156 0.2109
vt 0.5078 0.2422
vt 0.5469 0.2578
vt 0.5469 0.2578
vt 0.5078 0.2422
vt 0.5078 0.2734
vt 0.5078 0.2734
vt 0.5078 0.2422
vt 0.4922 0.2813
vt 0.5078 0.2422
vt 0.4922 0.2422
vt 0.4922 0.2813
vt 0.4922 0.2422
vt 0.4688 0.2734
vt 0.4922 0.2813
vt 0.4922 0.2813
vt 0.4688 0.2734
vt 0.4844 0.2813
vt 0.4922 0.2109
vt 0.4688 0.2109
vt 0.4688 0.2422
vt 0.4688 0.2422
vt 0.4688 0.2109
vt 0.4531 0.2109
vt 0.4531 0.2109
vt 0.4688 0.2109
vt 0.4609 0.1797
vt 0.4609 0.1797
vt 0.4688 0.2109
vt 0.4766 0.1797
vt 0.4766 0.1797
vt 0.4688 0.2109
vt 0.4922 0.1797
vt 0.4688 0.2109
vt 0.4922 0.2109
vt 0.4922 0.1797
vt 0.4922 0.1797
vt 0.4922 0.2109
vt 0.5078 0.1797
vt 0.4375 0.1719
vt 0.4609 0.1797
vt 0.4531 0.1484
vt 0.4531 0.1484
vt 0.4609 0.1797
vt 0.4688 0.1484
vt 0.4609 0.1797
vt 0.4766 0.1719
vt 0.4688 0.1484
vt 0.4688 0.1484
vt 0.4766 0.1719
vt 0.4922 0.1484
vt 0.4766 0.1719
vt 0.4922 0.1719
vt 0.4922 0.1484
vt 0.4922 0.1484
vt 0.4922 0.1719
vt 0.5078 0.1563
vt 0.4922 0.1719
vt 0.5078 0.1719
vt 0.5078 0.1563
vt 0.5078 0.1719
vt 0.5234 0.1797
vt 0.5078 0.1563
vt 0.5078 0.1563
vt 0.5234 0.1797
vt 0.5313 0.1484
vt 0.5234 0.1797
vt 0.5469 0.1719
vt 0.5313 0.1484
vt 0.4922 0.1484
vt 0.4766 0.125
vt 0.4688 0.1484
vt 0.4766 0.125
vt 0.4609 0.125
vt 0.4688 0.1484
vt 0.4688 0.1484
vt 0.4609 0.125
vt 0.4531 0.1484
vt 0.4609 0.125
vt 0.4297 0.1406
vt 0.4531 0.1484
vt 0.4531 0.1484
vt 0.4297 0.1406
vt 0.4375 0.1719
vt 0.4297 0.1406
vt 0.4141 0.1641
vt 0.4375 0.1719
vt 0.4375 0.1719
vt 0.4141 0.1641
vt 0.4219 0.2031
vt 0.4141 0.1641
vt 0.3984 0.2031
vt 0.4219 0.2031
vt 0.4219 0.2031
vt 0.3984 0.2031
vt 0.3828 0.25
vt 0.3984 0.2031
vt 0.3828 0.1875
vt 0.3828 0.25
vt 0.3828 0.1875
vt 0.3984 0.2031
vt 0.3984 0.1563
vt 0.3984 0.2031
vt 0.4141 0.1641
vt 0.3984 0.1563
vt 0.4141 0.1641
vt 0.4297 0.1406
vt 0.3984 0.1563
vt 0.4297 0.1406
vt 0.4141 0.125
vt 0.3984 0.1563
vt 0.3984 0.1563
vt 0.4141 0.125
vt 0.3828 0.1484
vt 0.4609 0.125
vt 0.4453 0.1172
vt 0.4297 0.1406
vt 0.4453 0.1172
vt 0.4375 0.1094
vt 0.4297 0.1406
vt 0.4297 0.1406
vt 0.4375 0.1094
vt 0.4141 0.125
vt 0.4375 0.1094
vt 0.4219 0.0938
vt 0.4141 0.125
vt 0.4219 0.0938
vt 0.3984 0.1094
vt 0.4141 0.125
vt 0.3984 0.1094
vt 0.3672 0.1328
vt 0.4141 0.125
vt 0.4141 0.125
vt 0.3672 0.1328
vt 0.3828 0.1484
vt 0.3672 0.1328
vt 0.3672 0.1797
vt 0.3828 0.1484
vt 0.3828 0.1484
vt 0.3672 0.1797
vt 0.3984 0.1563
vt 0.3672 0.1797
vt 0.3828 0.1875
vt 0.3984 0.1563
vt 0.3672 0.1328
vt 0.3438 0.1641
vt 0.3672 0.1797
vt 0.3828 0.25
vt 0.3828 0.1875
vt 0.3516 0.2344
vt 0.3828 0.1875
vt 0.3672 0.1797
vt 0.3516 0.2344
vt 0.3516 0.2344
vt 0.3672 0.1797
vt 0.3359 0.2266
vt 0.3672 0.1797
vt 0.3438 0.1641
vt 0.3359 0.2266
vt 0.3438 0.1641
vt 0.3125 0.2109
vt 0.3359 0.2266
vt 0.3359 0.2266
vt 0.3125 0.2109
vt 0.3047 0.2656
vt 0.3125 0.2109
vt 0.2813 0.25
vt 0.3047 0.2656
vt 0.2813 0.25
vt 0.2656 0.2656
vt 0.3047 0.2656
vt 0.2656 0.2656
vt 0.2891 0.2891
vt 0.3047 0.2656
vt 0.2891 0.2891
vt 0.3203 0.3125
vt 0.3047 0.2656
vt 0.3828 0.25
vt 0.3516 0.2344
vt 0.3672 0.2969
vt 0.3672 0.2969
vt 0.3516 0.2344
vt 0.3281 0.2813
vt 0.3516 0.2344
vt 0.3359 0.2266
vt 0.3281 0.2813
vt 0.3281 0.2813
vt 0.3359 0.2266
vt 0.3047 0.2656
vt 0.3047 0.2656
vt 0.3203 0.3125
vt 0.3281 0.2813
vt 0.3203 0.3125
vt 0.3516 0.3281
vt 0.3281 0.2813
vt 0.3281 0.2813
vt 0.3516 0.3281
vt 0.3672 0.2969
vt 0.3516 0.3281
vt 0.3906 0.3047
vt 0.3672 0.2969
vt 0.3906 0.3047
vt 0.4063 0.2578
vt 0.3672 0.2969
vt 0.3672 0.2969
vt 0.4063 0.2578
vt 0.3828 0.25
vt 0.3828 0.25
vt 0.4063 0.2578
vt 0.4219 0.2031
vt 0.4063 0.2578
vt 0.4531 0.2109
vt 0.4219 0.2031
vt 0.4219 0.2031
vt 0.4531 0.2109
vt 0.4375 0.1719
vt 0.4531 0.2109
vt 0.4609 0.1797
vt 0.4375 0.1719
vt 0.7969 0.9375
vt 0.7969 0.9375
vt 0.7969 0.9375
vt 0.7969 0.9375
vt 0.7969 0.9375
vt 0.7969 0.9375
vt 0.7969 0.9375
vt 0.7969 0.9375
vt 0.7969 0.9375
vt 0.7969 0.9375
vt 0.7969 0.9375
vt 0.7969 0.9375
vt 0.7969 0.9375
vt 0.7969 0.9375
vt 0.7969 0.9375
vt 0.5547 0.875
vt 0.6172 0.9141
vt 0.5625 0.8438
vt 0.6172 0.9141
vt 0.6094 0.875
vt 0.5625 0.8438
vt 0.6094 0.875
vt 0.6094 0.8438
vt 0.5625 0.8438
vt 0.5625 0.8438
vt 0.6094 0.8438
vt 0.5781 0.8203
vt 0.6094 0.8438
vt 0.6016 0.8047
vt 0.5781 0.8203
vt 0.6719 0.9063
vt 0.6406 0.8906
vt 0.6484 0.9141
vt 0.6484 0.9141
vt 0.6406 0.8906
vt 0.6172 0.9141
vt 0.6406 0.8906
vt 0.6172 0.8828
vt 0.6172 0.9141
vt 0.6172 0.9141
vt 0.6172 0.8828
vt 0.6094 0.875
vt 0.6172 0.8828
vt 0.625 0.8594
vt 0.6094 0.875
vt 0.6094 0.875
vt 0.625 0.8594
vt 0.6094 0.8438
vt 0.625 0.8594
vt 0.625 0.8281
vt 0.6094 0.8438
vt 0.6094 0.8438
vt 0.625 0.8281
vt 0.6016 0.8047
vt 0.6016 0.8047
vt 0.625 0.8281
vt 0.6406 0.7969
vt 0.625 0.8281
vt 0.6563 0.8125
vt 0.6406 0.7969
vt 0.6406 0.7969
vt 0.6563 0.8125
vt 0.6797 0.7891
vt 0.625 0.8594
vt 0.6172 0.8828
vt 0.6406 0.8906
vt 0.6641 0.8828
vt 0.6484 0.8672
vt 0.6406 0.8906
vt 0.6406 0.8906
vt 0.6484 0.8672
vt 0.625 0.8594
vt 0.6484 0.8672
vt 0.6406 0.8359
vt 0.625 0.8594
vt 0.625 0.8594
vt 0.6406 0.8359
vt 0.625 0.8281
vt 0.6406 0.8359
vt 0.6563 0.8203
vt 0.625 0.8281
vt 0.625 0.8281
vt 0.6563 0.8203
vt 0.6563 0.8125
vt 0.6563 0.8203
vt 0.6875 0.8047
vt 0.6563 0.8125
vt 0.6563 0.8125
vt 0.6875 0.8047
vt 0.6797 0.7891
vt 0.6875 0.8047
vt 0.7188 0.8125
vt 0.6797 0.7891
vt 0.6797 0.7891
vt 0.7188 0.8125
vt 0.7188 0.7891
vt 0.6563 0.8203
vt 0.6406 0.8359
vt 0.6563 0.8516
vt 0.6406 0.8359
vt 0.6484 0.8672
vt 0.6563 0.8516
vt 0.6563 0.8516
vt 0.6484 0.8672
vt 0.6797 0.875
vt 0.6484 0.8672
vt 0.6641 0.8828
vt 0.6797 0.875
vt 0.6875 0.8047
vt 0.6563 0.8203
vt 0.6875 0.8125
vt 0.6875 0.8125
vt 0.6563 0.8203
vt 0.6719 0.8438
vt 0.6563 0.8203
vt 0.6563 0.8516
vt 0.6719 0.8438
vt 0.6719 0.8438
vt 0.6563 0.8516
vt 0.6875 0.8672
vt 0.6563 0.8516
vt 0.6797 0.875
vt 0.6875 0.8672
vt 0.6875 0.8672
vt 0.6797 0.875
vt 0.7109 0.875
vt 0.7109 0.875
vt 0.6797 0.875
vt 0.6953 0.8906
vt 0.6953 0.8906
vt 0.6797 0.875
vt 0.6719 0.9063
vt 0.6797 0.875
vt 0.6641 0.8828
vt 0.6719 0.9063
vt 0.6641 0.8828
vt 0.6406 0.8906
vt 0.6719 0.9063
vt 0.6719 0.8438
vt 0.6953 0.8438
vt 0.6875 0.8125
vt 0.6875 0.8125
vt 0.6953 0.8438
vt 0.7109 0.8438
vt 0.7109 0.8438
vt 0.6953 0.8438
vt 0.7109 0.875
vt 0.7109 0.875
vt 0.6953 0.8438
vt 0.6875 0.8672
vt 0.6953 0.8438
vt 0.6719 0.8438
vt 0.6875 0.8672
vt 0.7813 0.8828
vt 0.7734 0.8594
vt 0.7578 0.8828
vt 0.7734 0.8594
vt 0.7578 0.8516
vt 0.7578 0.8828
vt 0.7578 0.8828
vt 0.7578 0.8516
vt 0.7422 0.875
vt 0.7422 0.875
vt 0.7578 0.8516
vt 0.7266 0.8672
vt 0.7578 0.8516
vt 0.7344 0.8438
vt 0.7266 0.8672
vt 0.7266 0.8672
vt 0.7344 0.8438
vt 0.7109 0.8438
vt 0.7344 0.8438
vt 0.7344 0.8125
vt 0.7109 0.8438
vt 0.7344 0.8125
vt 0.7188 0.8125
vt 0.7109 0.8438
vt 0.7109 0.8438
vt 0.7188 0.8125
vt 0.6875 0.8125
vt 0.7188 0.8125
vt 0.6875 0.8047
vt 0.6875 0.8125
vt 0.7344 0.8125
vt 0.7344 0.8438
vt 0.7656 0.8281
vt 0.7344 0.8438
vt 0.7578 0.8516
vt 0.7656 0.8281
vt 0.7578 0.8516
vt 0.7734 0.8594
vt 0.7656 0.8281
vt 0.7656 0.8281
vt 0.7734 0.8594
vt 0.7891 0.8359
vt 0.7188 0.7891
vt 0.7188 0.8125
vt 0.75 0.7891
vt 0.7188 0.8125
vt 0.7344 0.8125
vt 0.75 0.7891
vt 0.75 0.7891
vt 0.7344 0.8125
vt 0.7891 0.7969
vt 0.7344 0.8125
vt 0.7656 0.8281
vt 0.7891 0.7969
vt 0.7891 0.7969
vt 0.7656 0.8281
vt 0.8203 0.8125
vt 0.7656 0.8281
vt 0.7891 0.8359
vt 0.8203 0.8125
vt 0.8203 0.8125
vt 0.7891 0.8359
vt 0.8438 0.8359
vt 0.8438 0.8359
vt 0.7891 0.8359
vt 0.8047 0.8672
vt 0.7891 0.8359
vt 0.7734 0.8594
vt 0.8047 0.8672
vt 0.8047 0.8672
vt 0.7734 0.8594
vt 0.7813 0.8828
vt 0.9141 0.4766
vt 0.9063 0.5234
vt 0.9531 0.4844
vt 0.9531 0.4844
vt 0.9063 0.5234
vt 0.9453 0.5313
vt 0.5313 0.3672
vt 0.5625 0.375
vt 0.5547 0.3594
vt 0.4922 0.3594
vt 0.5156 0.375
vt 0.5156 0.3672
vt 0.5156 0.3672
vt 0.5156 0.375
vt 0.5313 0.3672
vt 0.5156 0.375
vt 0.5391 0.375
vt 0.5313 0.3672
vt 0.5313 0.3672
vt 0.5391 0.375
vt 0.5625 0.375
vt 0.5625 0.375
vt 0.5391 0.375
vt 0.5625 0.375
vt 0.5391 0.375
vt 0.5391 0.3906
vt 0.5625 0.375
vt 0.5625 0.375
vt 0.5391 0.3906
vt 0.5625 0.3828
vt 0.5391 0.3906
vt 0.5391 0.375
vt 0.5078 0.3828
vt 0.5391 0.375
vt 0.5156 0.375
vt 0.5078 0.3828
vt 0.5078 0.3828
vt 0.5156 0.375
vt 0.4922 0.3828
vt 0.5156 0.375
vt 0.4922 0.375
vt 0.4922 0.3828
vt 0.5625 0.3828
vt 0.5391 0.3906
vt 0.5391 0.3906
vt 0.5391 0.3906
vt 0.5078 0.3828
vt 0.5391 0.3906
vt 0.5391 0.3906
vt 0.5078 0.3828
vt 0.5078 0.3828
vt 0.5078 0.3828
vt 0.5078 0.3828
vt 0.4922 0.3828
vt 0.5078 0.3828
vt 0.4922 0.3828
vt 0.4922 0.3828
vt 0.4922 0.3828
vt 0.4922 0.3828
vt 0.4688 0.3828
vt 0.4688 0.3828
vt 0.4922 0.3828
vt 0.4688 0.375
vt 0.4922 0.3828
vt 0.4922 0.375
vt 0.4688 0.375
vt 0.4688 0.375
vt 0.4922 0.375
vt 0.4922 0.3594
vt 0.4922 0.375
vt 0.5156 0.375
vt 0.4922 0.3594
vt 0.4922 0.3828
vt 0.4688 0.3828
vt 0.4688 0.3828
vt 0.4922 0.3594
vt 0.4688 0.3594
vt 0.4688 0.375
vt 0.4688 0.3594
vt 0.4453 0.3672
vt 0.4688 0.375
vt 0.5391 0.3906
vt 0.5625 0.3906
vt 0.5625 0.3828
vt 0.0625 0.4766
vt 0.0234 0.4844
vt 0.0703 0.5234
vt 0.0703 0.5234
vt 0.0234 0.4844
vt 0.0313 0.5313
vt 0.4453 0.3984
vt 0.4766 0.3906
vt 0.4688 0.3828
vt 0.4688 0.3828
vt 0.4766 0.3906
vt 0.4922 0.3828
vt 0.4766 0.3906
vt 0.4922 0.3906
vt 0.4922 0.3828
vt 0.4922 0.3828
vt 0.4922 0.3906
vt 0.5078 0.3828
vt 0.4922 0.3906
vt 0.5078 0.3906
vt 0.5078 0.3828
vt 0.5078 0.3906
vt 0.5313 0.3984
vt 0.5078 0.3828
vt 0.5078 0.3828
vt 0.5313 0.3984
vt 0.5391 0.3906
vt 0.5391 0.3906
vt 0.5313 0.3984
vt 0.5625 0.3906
vt 0.5313 0.3984
vt 0.5625 0.3906
vt 0.5625 0.3906
vt 0.5625 0.3906
vt 0.5625 0.3906
vt 0.5781 0.3828
vt 0.0469 0.9141
vt 0.0469 0.9063
vt 0.0547 0.8906
vt 0.0625 0.9219
vt 0.0547 0.9141
vt 0.0547 0.9219
vt 0.0547 0.9219
vt 0.0547 0.9141
vt 0.0547 0.9141
vt 0.0547 0.9141
vt 0.0547 0.8906
vt 0.0547 0.9141
vt 0.0547 0.9141
vt 0.0547 0.8906
vt 0.0547 0.8906
vt 0.0547 0.8906
vt 0.0547 0.8906
vt 0.0547 0.8906
vt 0.0547 0.8906
vt 0.0547 0.8906
vt 0.0547 0.8906
vt 0.0547 0.8906
vt 0.0547 0.8906
vt 0.0547 0.9141
vt 0.0703 0.8828
vt 0.0703 0.8984
vt 0.0703 0.8984
vt 0.0703 0.8984
vt 0.0703 0.8984
vt 0.0703 0.9219
vt 0.0703 0.9219
vt 0.0703 0.8984
vt 0.0625 0.9219
vt 0.0703 0.8984
vt 0.0625 0.8984
vt 0.0625 0.9219
vt 0.0625 0.8984
vt 0.0547 0.8906
vt 0.0625 0.9219
vt 0.0625 0.9219
vt 0.0547 0.8906
vt 0.0547 0.9141
vt 0.0625 0.8828
vt 0.0547 0.8906
vt 0.0625 0.8984
vt 0.0859 0.8906
vt 0.0781 0.8906
vt 0.0859 0.8906
vt 0.0781 0.8906
vt 0.0781 0.8906
vt 0.0859 0.8906
vt 0.0859 0.8906
vt 0.0781 0.8906
vt 0.0781 0.9141
vt 0.0781 0.8906
vt 0.0703 0.8984
vt 0.0781 0.9141
vt 0.0781 0.9141
vt 0.0703 0.8984
vt 0.0703 0.9219
vt 0.0703 0.8984
vt 0.0703 0.9219
vt 0.0703 0.9219
vt 0.0703 0.9219
vt 0.0703 0.9219
vt 0.0703 0.9297
vt 0.0703 0.9297
vt 0.0703 0.9219
vt 0.0625 0.9297
vt 0.0703 0.9219
vt 0.0625 0.9219
vt 0.0625 0.9297
vt 0.0625 0.9297
vt 0.0625 0.9219
vt 0.0547 0.9219
vt 0.0703 0.9297
vt 0.0703 0.9297
vt 0.0703 0.9219
vt 0.0703 0.9219
vt 0.0703 0.9297
vt 0.0781 0.9141
vt 0.0703 0.9297
vt 0.0781 0.9219
vt 0.0781 0.9141
vt 0.0781 0.9219
vt 0.0859 0.9141
vt 0.0781 0.9141
vt 0.0781 0.9141
vt 0.0859 0.9141
vt 0.0859 0.8906
vt 0.6797 0.3672
vt 0.6484 0.375
vt 0.6484 0.3828
vt 0.6484 0.375
vt 0.6797 0.3672
vt 0.6406 0.3594
vt 0.6406 0.3594
vt 0.6797 0.3672
vt 0.6797 0.3438
vt 0.6797 0.3672
vt 0.7266 0.3672
vt 0.6797 0.3438
vt 0.6797 0.3438
vt 0.7266 0.3672
vt 0.7109 0.3203
vt 0.7266 0.3672
vt 0.7422 0.3438
vt 0.7109 0.3203
vt 0.7422 0.3438
vt 0.7656 0.3203
vt 0.7109 0.3203
vt 0.7656 0.3203
vt 0.7422 0.2969
vt 0.7109 0.3203
vt 0.7109 0.3203
vt 0.7422 0.2969
vt 0.7188 0.2734
vt 0.6797 0.3438
vt 0.6641 0.3125
vt 0.6406 0.3594
vt 0.6406 0.3594
vt 0.6641 0.3125
vt 0.625 0.3359
vt 0.3516 0.3281
vt 0.3203 0.3125
vt 0.3438 0.3594
vt 0.3438 0.3594
vt 0.3203 0.3125
vt 0.3125 0.3438
vt 0.0234 0.4844
vt 0.0625 0.4766
vt 0.0234 0.4531
vt 0.0234 0.4531
vt 0.0625 0.4766
vt 0.0547 0.4453
vt 0.4609 0.4688
vt 0.4922 0.4688
vt 0.4609 0.4375
vt 0.4609 0.4375
vt 0.4922 0.4688
vt 0.4922 0.4375
vt 0.625 0.4063
vt 0.6016 0.4297
vt 0.6172 0.4453
vt 0.6016 0.4297
vt 0.5938 0.4609
vt 0.6172 0.4453
vt 0.6172 0.4453
vt 0.5938 0.4609
vt 0.6328 0.4844
vt 0.6328 0.4844
vt 0.5938 0.4609
vt 0.6016 0.4922
vt 0.5938 0.4609
vt 0.5547 0.4609
vt 0.6016 0.4922
vt 0.6016 0.4922
vt 0.5547 0.4609
vt 0.5625 0.5
vt 0.5547 0.4609
vt 0.5156 0.4688
vt 0.5625 0.5
vt 0.5625 0.5
vt 0.5156 0.4688
vt 0.5234 0.5078
vt 0.5156 0.4688
vt 0.4922 0.4688
vt 0.5234 0.5078
vt 0.5234 0.5078
vt 0.4922 0.4688
vt 0.4922 0.5078
vt 0.4922 0.4688
vt 0.4609 0.4688
vt 0.4922 0.5078
vt 0.4922 0.5078
vt 0.4609 0.4688
vt 0.4609 0.5078
vt 0.4609 0.4688
vt 0.4219 0.5
vt 0.4609 0.5078
vt 0.5547 0.4609
vt 0.5938 0.4609
vt 0.5859 0.4453
vt 0.5938 0.4609
vt 0.6016 0.4297
vt 0.5859 0.4453
vt 0.2188 0.3203
vt 0.2422 0.3438
vt 0.2422 0.2891
vt 0.2422 0.3438
vt 0.2656 0.3125
vt 0.2422 0.2891
vt 0.2422 0.2891
vt 0.2656 0.3125
vt 0.2656 0.2656
vt 0.8359 0.5156
vt 0.8672 0.5156
vt 0.8516 0.4688
vt 0.8516 0.4688
vt 0.8672 0.5156
vt 0.8828 0.4766
vt 0.8672 0.5156
vt 0.9063 0.5234
vt 0.8828 0.4766
vt 0.9063 0.5234
vt 0.9141 0.4766
vt 0.8828 0.4766
vt 0.8828 0.4766
vt 0.9141 0.4766
vt 0.8906 0.4375
vt 0.8906 0.4375
vt 0.9141 0.4766
vt 0.9219 0.4453
vt 0.9219 0.4453
vt 0.9141 0.4766
vt 0.9531 0.4453
vt 0.9141 0.4766
vt 0.9531 0.4844
vt 0.9531 0.4453
vt 0.0859 0.8906
vt 0.0938 0.9063
vt 0.0859 0.9141
vt 0.9063 0.8672
vt 0.8984 0.8672
vt 0.8906 0.8828
vt 0.8984 0.8672
vt 0.8906 0.875
vt 0.8906 0.8828
vt 0.8906 0.8828
vt 0.8906 0.875
vt 0.875 0.8906
vt 0.8906 0.875
vt 0.875 0.8906
vt 0.875 0.8906
vt 0.875 0.8906
vt 0.875 0.8906
vt 0.875 0.9063
vt 0.875 0.8906
vt 0.8672 0.9063
vt 0.875 0.9063
vt 0.875 0.9063
vt 0.8672 0.9063
vt 0.8672 0.9219
vt 0.8672 0.9063
vt 0.8672 0.9219
vt 0.8672 0.9219
vt 0.8672 0.9219
vt 0.8672 0.9219
vt 0.875 0.9375
vt 0.8672 0.9219
vt 0.875 0.9375
vt 0.875 0.9375
vt 0.875 0.9375
vt 0.875 0.9375
vt 0.8828 0.9531
vt 0.875 0.9375
vt 0.8828 0.9531
vt 0.8828 0.9531
vt 0.8672 0.9375
vt 0.875 0.9531
vt 0.8672 0.9375
vt 0.875 0.9531
vt 0.8828 0.9531
vt 0.8672 0.9375
vt 0.8828 0.9531
vt 0.875 0.9375
vt 0.8672 0.9375
vt 0.8672 0.9375
vt 0.875 0.9375
vt 0.8594 0.9141
vt 0.875 0.9375
vt 0.8672 0.9219
vt 0.8594 0.9141
vt 0.8594 0.9141
vt 0.8672 0.9219
vt 0.8594 0.9063
vt 0.8672 0.9219
vt 0.8672 0.9063
vt 0.8594 0.9063
vt 0.8594 0.9063
vt 0.8672 0.9063
vt 0.8672 0.8906
vt 0.8672 0.9063
vt 0.875 0.8906
vt 0.8672 0.8906
vt 0.8672 0.8906
vt 0.875 0.8906
vt 0.8828 0.875
vt 0.875 0.8906
vt 0.8906 0.875
vt 0.8828 0.875
vt 0.8828 0.875
vt 0.8906 0.875
vt 0.8984 0.8672
vt 0.8906 0.875
vt 0.8984 0.8672
vt 0.8984 0.8672
vt 0.9063 0.8672
vt 0.8984 0.8672
vt 0.8984 0.8672
vt 0.8594 0.8984
vt 0.8594 0.9141
vt 0.8594 0.9063
vt 0.8828 0.875
vt 0.8672 0.8906
vt 0.8828 0.875
vt 0.5547 0.4609
vt 0.5156 0.4453
vt 0.5156 0.4688
vt 0.5156 0.4688
vt 0.5156 0.4453
vt 0.4922 0.4688
vt 0.5156 0.4453
vt 0.4922 0.4375
vt 0.4922 0.4688
vt 0.6875 0.3828
vt 0.6641 0.3984
vt 0.6719 0.3984
vt 0.7266 0.3672
vt 0.6797 0.3672
vt 0.6875 0.3828
vt 0.6016 0.4922
vt 0.6484 0.5234
vt 0.6328 0.4844
vt 0.6484 0.5234
vt 0.6719 0.5156
vt 0.6328 0.4844
vt 0.6719 0.5156
vt 0.6484 0.4844
vt 0.6328 0.4844
vt 0.6484 0.4844
vt 0.6406 0.4531
vt 0.6328 0.4844
vt 0.6328 0.4844
vt 0.6406 0.4531
vt 0.6172 0.4453
vt 0.6406 0.4531
vt 0.6406 0.4297
vt 0.6172 0.4453
vt 0.6172 0.4453
vt 0.6406 0.4297
vt 0.625 0.4063
vt 0.6406 0.4297
vt 0.6641 0.3984
vt 0.625 0.4063
vt 0.2891 0.2109
vt 0.25 0.2422
vt 0.2656 0.25
vt 0.2969 0.1719
vt 0.2813 0.1797
vt 0.2891 0.2109
vt 0.2813 0.1797
vt 0.2656 0.2031
vt 0.2891 0.2109
vt 0.2891 0.2109
vt 0.2656 0.2031
vt 0.25 0.2422
vt 0.25 0.2422
vt 0.2656 0.2031
vt 0.2344 0.2422
vt 0.2656 0.2031
vt 0.25 0.2031
vt 0.2344 0.2422
vt 0.8906 0.4375
vt 0.8516 0.4297
vt 0.8828 0.4766
vt 0.8828 0.4766
vt 0.8516 0.4297
vt 0.8516 0.4688
vt 0.2266 0.0313
vt 0.2188 0.0391
vt 0.2422 0.0625
vt 0.2422 0.0625
vt 0.2188 0.0391
vt 0.2266 0.0625
vt 0.2266 0.0625
vt 0.2188 0.0391
vt 0.2109 0.0469
vt 0.2109 0.0469
vt 0.2188 0.0391
vt 0.2031 0.0234
vt 0.2188 0.0391
vt 0.2266 0.0313
vt 0.2031 0.0234
vt 0.2031 0.0234
vt 0.2266 0.0313
vt 0.2109 0.0156
vt 0.5 0.2813
vt 0.4922 0.2969
vt 0.5156 0.3203
vt 0.4922 0.2969
vt 0.4922 0.3203
vt 0.5156 0.3203
vt 0.4922 0.3203
vt 0.4922 0.3438
vt 0.5156 0.3203
vt 0.4922 0.3438
vt 0.5 0.3594
vt 0.5156 0.3203
vt 0.5 0.3594
vt 0.5156 0.3672
vt 0.5156 0.3203
vt 0.5156 0.3672
vt 0.5313 0.3672
vt 0.5156 0.3203
vt 0.5313 0.3672
vt 0.5547 0.3594
vt 0.5156 0.3203
vt 0.5547 0.3594
vt 0.5547 0.3438
vt 0.5156 0.3203
vt 0.5547 0.3438
vt 0.5625 0.3203
vt 0.5156 0.3203
vt 0.5625 0.3203
vt 0.5547 0.3047
vt 0.5156 0.3203
vt 0.5156 0.3203
vt 0.5547 0.3047
vt 0.5391 0.2813
vt 0.5547 0.3047
vt 0.5469 0.2578
vt 0.5391 0.2813
vt 0.5469 0.2578
vt 0.5078 0.2734
vt 0.5391 0.2813
vt 0.5391 0.2813
vt 0.5078 0.2734
vt 0.5156 0.3203
vt 0.5156 0.3203
vt 0.5078 0.2734
vt 0.5 0.2813
vt 0.5078 0.2734
vt 0.4922 0.2813
vt 0.5 0.2813
vt 0.5 0.2813
vt 0.4922 0.2813
vt 0.4922 0.2969
vt 0.8984 0.9219
vt 0.9063 0.9141
vt 0.8984 0.9141
vt 0.9141 0.875
vt 0.9063 0.875
vt 0.9063 0.8828
vt 0.9063 0.875
vt 0.8984 0.8828
vt 0.9063 0.8828
vt 0.9063 0.8828
vt 0.8984 0.8828
vt 0.8984 0.8984
vt 0.8984 0.8828
vt 0.8906 0.8984
vt 0.8984 0.8984
vt 0.8906 0.8984
vt 0.8906 0.9141
vt 0.8984 0.8984
vt 0.8984 0.8984
vt 0.8906 0.9141
vt 0.8984 0.9141
vt 0.8906 0.9141
vt 0.8906 0.9219
vt 0.8984 0.9141
vt 0.8984 0.9141
vt 0.8906 0.9219
vt 0.8984 0.9219
vt 0.8906 0.9219
vt 0.8906 0.9375
vt 0.8984 0.9219
vt 0.8984 0.9219
vt 0.8906 0.9375
vt 0.8984 0.9375
vt 0.8906 0.8984
vt 0.8984 0.8828
vt 0.8906 0.8828
vt 0.8906 0.8828
vt 0.8984 0.8828
vt 0.8984 0.875
vt 0.8984 0.8828
vt 0.9063 0.875
vt 0.8984 0.875
vt 0.8984 0.875
vt 0.9063 0.875
vt 0.9063 0.8594
vt 0.9063 0.875
vt 0.9219 0.8594
vt 0.9063 0.8594
vt 0.8984 0.9219
vt 0.8984 0.9375
vt 0.9063 0.9219
vt 0.8984 0.9375
vt 0.9063 0.9375
vt 0.9063 0.9219
vt 0.9063 0.9219
vt 0.9063 0.9375
vt 0.9141 0.9219
vt 0.9063 0.9375
vt 0.9141 0.9375
vt 0.9141 0.9219
vt 0.9141 0.9219
vt 0.9141 0.9375
vt 0.9219 0.9219
vt 0.9141 0.9375
vt 0.9219 0.9375
vt 0.9219 0.9219
vt 0.9219 0.9219
vt 0.9219 0.9375
vt 0.9375 0.9219
vt 0.9219 0.9375
vt 0.9375 0.9375
vt 0.9375 0.9219
vt 0.9375 0.9219
vt 0.9375 0.9375
vt 0.9453 0.9219
vt 0.9375 0.9375
vt 0.9453 0.9375
vt 0.9453 0.9219
vt 0.9141 0.9219
vt 0.9219 0.9219
vt 0.9219 0.9141
vt 0.9375 0.9219
vt 0.9375 0.9141
vt 0.9219 0.9219
vt 0.9219 0.9219
vt 0.9375 0.9141
vt 0.9219 0.9141
vt 0.9375 0.9141
vt 0.9375 0.8984
vt 0.9219 0.9141
vt 0.9453 0.9219
vt 0.9453 0.9141
vt 0.9375 0.9219
vt 0.9375 0.9219
vt 0.9453 0.9141
vt 0.9375 0.9141
vt 0.9453 0.9141
vt 0.9453 0.8984
vt 0.9375 0.9141
vt 0.9375 0.9141
vt 0.9453 0.8984
vt 0.9375 0.8984
vt 0.9453 0.8984
vt 0.9453 0.8828
vt 0.9375 0.8984
vt 0.9453 0.8828
vt 0.9375 0.8828
vt 0.9375 0.8984
vt 0.9375 0.8828
vt 0.9219 0.8984
vt 0.9375 0.8984
vt 0.9375 0.8984
vt 0.9219 0.8984
vt 0.9219 0.9141
vt 0.9219 0.8984
vt 0.9141 0.9141
vt 0.9219 0.9141
vt 0.9219 0.9141
vt 0.9141 0.9141
vt 0.9141 0.9219
vt 0.9141 0.9141
vt 0.9063 0.9219
vt 0.9141 0.9219
vt 0.9531 0.8828
vt 0.9453 0.875
vt 0.9453 0.8828
vt 0.9453 0.8828
vt 0.9453 0.875
vt 0.9375 0.8828
vt 0.9453 0.875
vt 0.9375 0.875
vt 0.9375 0.8828
vt 0.9375 0.875
vt 0.9219 0.8828
vt 0.9375 0.8828
vt 0.9375 0.8828
vt 0.9219 0.8828
vt 0.9219 0.8984
vt 0.9219 0.8828
vt 0.9141 0.8984
vt 0.9219 0.8984
vt 0.9219 0.8984
vt 0.9141 0.8984
vt 0.9141 0.9141
vt 0.9141 0.8984
vt 0.9063 0.9141
vt 0.9141 0.9141
vt 0.9141 0.9141
vt 0.9063 0.9141
vt 0.9063 0.9219
vt 0.9063 0.9141
vt 0.8984 0.9219
vt 0.9063 0.9219
vt 0.8984 0.9141
vt 0.9063 0.9141
vt 0.9063 0.8984
vt 0.9063 0.9141
vt 0.9141 0.8984
vt 0.9063 0.8984
vt 0.9063 0.8984
vt 0.9141 0.8984
vt 0.9141 0.8828
vt 0.9141 0.8984
vt 0.9219 0.8828
vt 0.9141 0.8828
vt 0.9141 0.8828
vt 0.9219 0.8828
vt 0.9219 0.875
vt 0.9219 0.8828
vt 0.9375 0.875
vt 0.9219 0.875
vt 0.9375 0.875
vt 0.9375 0.8594
vt 0.9219 0.875
vt 0.9375 0.8594
vt 0.9219 0.8594
vt 0.9219 0.875
vt 0.9219 0.875
vt 0.9219 0.8594
vt 0.9141 0.875
vt 0.9219 0.8594
vt 0.9063 0.875
vt 0.9141 0.875
vt 0.8984 0.9141
vt 0.9063 0.8984
vt 0.8984 0.8984
vt 0.8984 0.8984
vt 0.9063 0.8984
vt 0.9063 0.8828
vt 0.9063 0.8984
vt 0.9141 0.8828
vt 0.9063 0.8828
vt 0.9063 0.8828
vt 0.9141 0.8828
vt 0.9141 0.875
vt 0.9141 0.8828
vt 0.9219 0.875
vt 0.9141 0.875
vt 0.9375 0.9531
vt 0.9219 0.9531
vt 0.9219 0.9609
vt 0.9219 0.9531
vt 0.9141 0.9531
vt 0.9219 0.9609
vt 0.9219 0.9609
vt 0.9141 0.9531
vt 0.9063 0.9609
vt 0.9141 0.9531
vt 0.9063 0.9531
vt 0.9063 0.9609
vt 0.8906 0.9375
vt 0.8984 0.9531
vt 0.8984 0.9375
vt 0.8984 0.9375
vt 0.8984 0.9531
vt 0.9063 0.9375
vt 0.8984 0.9531
vt 0.9063 0.9531
vt 0.9063 0.9375
vt 0.9063 0.9375
vt 0.9063 0.9531
vt 0.9141 0.9375
vt 0.9063 0.9531
vt 0.9141 0.9531
vt 0.9141 0.9375
vt 0.9141 0.9375
vt 0.9141 0.9531
vt 0.9219 0.9375
vt 0.9141 0.9531
vt 0.9219 0.9531
vt 0.9219 0.9375
vt 0.9219 0.9375
vt 0.9219 0.9531
vt 0.9375 0.9375
vt 0.9219 0.9531
vt 0.9375 0.9531
vt 0.9375 0.9375
vt 0.9375 0.9375
vt 0.9375 0.9531
vt 0.9453 0.9375
vt 0.9375 0.9531
vt 0.9453 0.9531
vt 0.9453 0.9375
vt 0.9453 0.9531
vt 0.9531 0.9375
vt 0.9453 0.9375
vt 0.9531 0.9375
vt 0.9531 0.9219
vt 0.9453 0.9375
vt 0.9453 0.9375
vt 0.9531 0.9219
vt 0.9453 0.9219
vt 0.9531 0.9219
vt 0.9531 0.9141
vt 0.9453 0.9219
vt 0.9453 0.9219
vt 0.9531 0.9141
vt 0.9453 0.9141
vt 0.9531 0.9141
vt 0.9531 0.8984
vt 0.9453 0.9141
vt 0.9453 0.9141
vt 0.9531 0.8984
vt 0.9453 0.8984
vt 0.9531 0.8984
vt 0.9531 0.8828
vt 0.9453 0.8984
vt 0.9453 0.8984
vt 0.9531 0.8828
vt 0.9453 0.8828
vt 0.2813 0.5313
vt 0.2266 0.5547
vt 0.2813 0.5391
vt 0.2734 0.6016
vt 0.3203 0.5859
vt 0.2734 0.5703
vt 0.3203 0.5859
vt 0.3203 0.5547
vt 0.2734 0.5703
vt 0.3203 0.5547
vt 0.2813 0.5391
vt 0.2734 0.5703
vt 0.2734 0.5703
vt 0.2813 0.5391
vt 0.2266 0.5703
vt 0.2813 0.5391
vt 0.2266 0.5547
vt 0.2266 0.5703
vt 0.2266 0.5703
vt 0.2266 0.5547
vt 0.1719 0.5781
vt 0.2266 0.5547
vt 0.1719 0.5547
vt 0.1719 0.5781
vt 0.1719 0.5547
vt 0.125 0.5547
vt 0.1719 0.5781
vt 0.1719 0.5781
vt 0.125 0.5547
vt 0.1328 0.5859
vt 0.1328 0.5859
vt 0.125 0.5547
vt 0.0859 0.5938
vt 0.0859 0.5938
vt 0.125 0.5547
vt 0.0781 0.5625
vt 0.125 0.5547
vt 0.0703 0.5234
vt 0.0781 0.5625
vt 0.0703 0.5234
vt 0.0313 0.5313
vt 0.0781 0.5625
vt 0.0781 0.5625
vt 0.0313 0.5313
vt 0.0391 0.5703
vt 0.6172 0.625
vt 0.6563 0.6094
vt 0.6563 0.5859
vt 0.6563 0.5859
vt 0.6563 0.6094
vt 0.7031 0.5703
vt 0.6563 0.6094
vt 0.7109 0.6016
vt 0.7031 0.5703
vt 0.7031 0.5703
vt 0.7109 0.6016
vt 0.75 0.5703
vt 0.75 0.5547
vt 0.6953 0.5391
vt 0.7031 0.5703
vt 0.6953 0.5391
vt 0.6563 0.5547
vt 0.7031 0.5703
vt 0.7031 0.5703
vt 0.6563 0.5547
vt 0.6563 0.5859
vt 0.6563 0.5547
vt 0.6172 0.5938
vt 0.6563 0.5859
vt 0.6563 0.5859
vt 0.6172 0.5938
vt 0.6172 0.625
vt 0.6172 0.625
vt 0.6172 0.5938
vt 0.5625 0.6406
vt 0.6172 0.5938
vt 0.5625 0.6094
vt 0.5625 0.6406
vt 0.5625 0.6406
vt 0.5625 0.6094
vt 0.5234 0.6484
vt 0.5625 0.6094
vt 0.5156 0.6172
vt 0.5234 0.6484
vt 0.5234 0.6484
vt 0.5156 0.6172
vt 0.4922 0.6563
vt 0.4922 0.5859
vt 0.4922 0.6172
vt 0.5234 0.5781
vt 0.4922 0.6172
vt 0.5156 0.6172
vt 0.5234 0.5781
vt 0.5234 0.5781
vt 0.5156 0.6172
vt 0.5625 0.5781
vt 0.5156 0.6172
vt 0.5625 0.6094
vt 0.5625 0.5781
vt 0.5625 0.5781
vt 0.5625 0.6094
vt 0.6172 0.5625
vt 0.5625 0.6094
vt 0.6172 0.5938
vt 0.6172 0.5625
vt 0.6172 0.5938
vt 0.6563 0.5547
vt 0.6172 0.5625
vt 0.6563 0.5547
vt 0.6172 0.5313
vt 0.6172 0.5625
vt 0.6172 0.5313
vt 0.5625 0.5391
vt 0.6172 0.5625
vt 0.6172 0.5625
vt 0.5625 0.5391
vt 0.5625 0.5781
vt 0.5625 0.5781
vt 0.5625 0.5391
vt 0.5234 0.5781
vt 0.5625 0.5391
vt 0.5234 0.5469
vt 0.5234 0.5781
vt 0.5234 0.5781
vt 0.5234 0.5469
vt 0.4922 0.5859
vt 0.5234 0.5469
vt 0.4922 0.5469
vt 0.4922 0.5859
vt 0.4922 0.5859
vt 0.4922 0.5469
vt 0.4609 0.5781
vt 0.4922 0.5469
vt 0.4609 0.5469
vt 0.4609 0.5781
vt 0.4609 0.5469
vt 0.4141 0.5391
vt 0.4609 0.5781
vt 0.4609 0.5781
vt 0.4141 0.5391
vt 0.4141 0.5781
vt 0.4141 0.5391
vt 0.3672 0.5625
vt 0.4141 0.5781
vt 0.4141 0.5391
vt 0.3672 0.5313
vt 0.3672 0.5625
vt 0.3672 0.5313
vt 0.3203 0.5547
vt 0.3672 0.5625
vt 0.3203 0.5547
vt 0.3203 0.5859
vt 0.3672 0.5625
vt 0.3203 0.5859
vt 0.3672 0.5938
vt 0.3672 0.5625
vt 0.3672 0.5625
vt 0.3672 0.5938
vt 0.4141 0.5781
vt 0.3672 0.5938
vt 0.4141 0.6094
vt 0.4141 0.5781
vt 0.4141 0.5781
vt 0.4141 0.6094
vt 0.4609 0.5781
vt 0.4141 0.6094
vt 0.4609 0.6172
vt 0.4609 0.5781
vt 0.4609 0.5781
vt 0.4609 0.6172
vt 0.4922 0.5859
vt 0.4609 0.6172
vt 0.4922 0.6172
vt 0.4922 0.5859
vt 0.5156 0.6172
vt 0.4922 0.6172
vt 0.4922 0.6563
vt 0.4922 0.6563
vt 0.4922 0.6172
vt 0.4609 0.6484
vt 0.4922 0.6172
vt 0.4609 0.6172
vt 0.4609 0.6484
vt 0.4609 0.6484
vt 0.4609 0.6172
vt 0.4141 0.6406
vt 0.4609 0.6172
vt 0.4141 0.6094
vt 0.4141 0.6406
vt 0.4141 0.6406
vt 0.4141 0.6094
vt 0.3594 0.625
vt 0.4141 0.6094
vt 0.3672 0.5938
vt 0.3594 0.625
vt 0.3594 0.625
vt 0.3672 0.5938
vt 0.3203 0.6094
vt 0.3672 0.5938
vt 0.3203 0.5859
vt 0.3203 0.6094
vt 0.3203 0.6094
vt 0.3203 0.5859
vt 0.2734 0.6016
vt 0.8359 0.5156
vt 0.8125 0.5547
vt 0.8672 0.5156
vt 0.8125 0.5547
vt 0.8516 0.5547
vt 0.8672 0.5156
vt 0.8672 0.5156
vt 0.8516 0.5547
vt 0.9063 0.5234
vt 0.8516 0.5547
vt 0.8984 0.5625
vt 0.9063 0.5234
vt 0.9453 0.5313
vt 0.9063 0.5234
vt 0.9453 0.5703
vt 0.9063 0.5234
vt 0.8984 0.5625
vt 0.9453 0.5703
vt 0.9453 0.5703
vt 0.8984 0.5625
vt 0.8906 0.5938
vt 0.8906 0.5938
vt 0.8984 0.5625
vt 0.8516 0.5859
vt 0.8984 0.5625
vt 0.8516 0.5547
vt 0.8516 0.5859
vt 0.8516 0.5859
vt 0.8516 0.5547
vt 0.8047 0.5781
vt 0.8516 0.5547
vt 0.8125 0.5547
vt 0.8047 0.5781
vt 0.8047 0.5781
vt 0.8125 0.5547
vt 0.75 0.5703
vt 0.8125 0.5547
vt 0.75 0.5547
vt 0.75 0.5703
vt 0.75 0.5703
vt 0.75 0.5547
vt 0.7031 0.5703
vt 0.4609 0.6484
vt 0.4141 0.6406
vt 0.4141 0.6641
vt 0.4141 0.6641
vt 0.4141 0.6406
vt 0.3594 0.6406
vt 0.4141 0.6406
vt 0.3594 0.625
vt 0.3594 0.6406
vt 0.3594 0.6406
vt 0.3594 0.625
vt 0.3125 0.625
vt 0.3594 0.625
vt 0.3203 0.6094
vt 0.3125 0.625
vt 0.6563 0.6094
vt 0.6172 0.625
vt 0.6172 0.6406
vt 0.6172 0.6406
vt 0.6172 0.625
vt 0.5625 0.6641
vt 0.6172 0.625
vt 0.5625 0.6406
vt 0.5625 0.6641
vt 0.5625 0.6641
vt 0.5625 0.6406
vt 0.5234 0.6719
vt 0.5625 0.6406
vt 0.5234 0.6484
vt 0.5234 0.6719
vt 0.5234 0.6719
vt 0.5234 0.6484
vt 0.4922 0.6719
vt 0.5234 0.6484
vt 0.4922 0.6563
vt 0.4922 0.6719
vt 0.4922 0.6719
vt 0.4922 0.6563
vt 0.4609 0.6719
vt 0.4922 0.6563
vt 0.4609 0.6484
vt 0.4609 0.6719
vt 0.4609 0.6719
vt 0.4609 0.6484
vt 0.4141 0.6641
vt 0.2344 0.2891
vt 0.2656 0.25
vt 0.25 0.2422
vt 0.6953 0.5313
vt 0.6719 0.5156
vt 0.6953 0.5391
vt 0.6953 0.5391
vt 0.6719 0.5156
vt 0.6484 0.5234
vt 0.75 0.5547
vt 0.8125 0.5547
vt 0.8047 0.5469
vt 0.8047 0.5469
vt 0.8125 0.5547
vt 0.8359 0.5156
vt 0.1484 0.25
vt 0.1172 0.2422
vt 0.125 0.2891
vt 0.125 0.2891
vt 0.1172 0.2422
vt 0.0938 0.2656
vt 0.1563 0.3047
vt 0.125 0.2891
vt 0.1406 0.3438
vt 0.1406 0.3438
vt 0.125 0.2891
vt 0.1094 0.3203
vt 0.125 0.2891
vt 0.0938 0.2656
vt 0.1094 0.3203
vt 0.1094 0.3203
vt 0.0938 0.2656
vt 0.0781 0.3047
vt 0.2656 0.2031
vt 0.2578 0.1719
vt 0.25 0.2031
vt 0.2578 0.1719
vt 0.2188 0.1719
vt 0.25 0.2031
vt 0.2188 0.1719
vt 0.2188 0.2031
vt 0.25 0.2031
vt 0.25 0.2031
vt 0.2188 0.2031
vt 0.2031 0.2344
vt 0.2188 0.2031
vt 0.1641 0.1953
vt 0.2031 0.2344
vt 0.1641 0.1953
vt 0.1563 0.2188
vt 0.2031 0.2344
vt 0.2031 0.2344
vt 0.1563 0.2188
vt 0.1875 0.2656
vt 0.1563 0.2188
vt 0.1484 0.25
vt 0.1875 0.2656
vt 0.1875 0.2656
vt 0.1484 0.25
vt 0.1563 0.3047
vt 0.1484 0.25
vt 0.125 0.2891
vt 0.1563 0.3047
vt 0.25 0.2031
vt 0.2031 0.2344
vt 0.2344 0.2422
vt 0.2578 0.1719
vt 0.2656 0.1406
vt 0.2188 0.1719
vt 0.2188 0.1719
vt 0.2656 0.1406
vt 0.2188 0.1406
vt 0.2656 0.1406
vt 0.2578 0.1016
vt 0.2188 0.1406
vt 0.2188 0.1406
vt 0.2578 0.1016
vt 0.2188 0.1094
vt 0.2578 0.1016
vt 0.1953 0.0703
vt 0.2188 0.1094
vt 0.2188 0.1094
vt 0.1953 0.0703
vt 0.1563 0.0859
vt 0.1953 0.0703
vt 0.1719 0.0391
vt 0.1563 0.0859
vt 0.1563 0.0859
vt 0.1719 0.0391
vt 0.1406 0.0547
vt 0.2188 0.1094
vt 0.1563 0.0859
vt 0.1641 0.1172
vt 0.2109 0.0469
vt 0.1953 0.0703
vt 0.2266 0.0625
vt 0.1953 0.0703
vt 0.2578 0.1016
vt 0.2266 0.0625
vt 0.2266 0.0625
vt 0.2578 0.1016
vt 0.2422 0.0625
vt 0.2422 0.0625
vt 0.2578 0.1016
vt 0.2656 0.0859
vt 0.2656 0.0859
vt 0.2578 0.1016
vt 0.2734 0.1016
vt 0.2578 0.1016
vt 0.2656 0.1406
vt 0.2734 0.1016
vt 0.2734 0.1016
vt 0.2656 0.1406
vt 0.2813 0.1406
vt 0.2813 0.1406
vt 0.2656 0.1406
vt 0.2813 0.1797
vt 0.2656 0.1406
vt 0.2578 0.1719
vt 0.2813 0.1797
vt 0.2813 0.1797
vt 0.2578 0.1719
vt 0.2656 0.2031
vt 0.2109 0.0469
vt 0.2031 0.0234
vt 0.1953 0.0313
vt 0.1719 0.3672
vt 0.1875 0.3203
vt 0.1641 0.3672
vt 0.1641 0.3672
vt 0.1875 0.3203
vt 0.1797 0.3125
vt 0.1875 0.3203
vt 0.2109 0.2734
vt 0.1797 0.3125
vt 0.1641 0.3672
vt 0.1797 0.3125
vt 0.1563 0.3594
vt 0.6875 0.3828
vt 0.6484 0.3828
vt 0.6641 0.3984
vt 0.6484 0.3828
vt 0.625 0.4063
vt 0.6641 0.3984
vt 0.2109 0.0469
vt 0.1953 0.0313
vt 0.1953 0.0703
vt 0.1953 0.0703
vt 0.1953 0.0313
vt 0.1719 0.0391
vt 0.1328 0.1719
vt 0.1641 0.1719
vt 0.1641 0.1406
vt 0.125 0.2109
vt 0.125 0.1953
vt 0.1094 0.1875
vt 0.1094 0.1875
vt 0.125 0.1953
vt 0.1094 0.1719
vt 0.125 0.1953
vt 0.1328 0.1719
vt 0.1094 0.1719
vt 0.1094 0.1719
vt 0.1328 0.1719
vt 0.1328 0.1484
vt 0.1328 0.1719
vt 0.1641 0.1406
vt 0.1328 0.1484
vt 0.1328 0.1484
vt 0.1641 0.1406
vt 0.1641 0.1172
vt 0.1641 0.1172
vt 0.1641 0.1406
vt 0.2188 0.1094
vt 0.2188 0.1094
vt 0.1641 0.1406
vt 0.2188 0.1406
vt 0.1641 0.1406
vt 0.1641 0.1719
vt 0.2188 0.1406
vt 0.2188 0.1406
vt 0.1641 0.1719
vt 0.2188 0.1719
vt 0.1328 0.1484
vt 0.1094 0.1484
vt 0.1094 0.1719
vt 0.1094 0.1484
vt 0.0938 0.1484
vt 0.1094 0.1719
vt 0.0938 0.1484
vt 0.0938 0.1719
vt 0.1094 0.1719
vt 0.0938 0.1719
vt 0.0938 0.1875
vt 0.1094 0.1719
vt 0.1094 0.1719
vt 0.0938 0.1875
vt 0.1094 0.1875
vt 0.0938 0.1875
vt 0.0859 0.2031
vt 0.1094 0.1875
vt 0.1094 0.1875
vt 0.0859 0.2031
vt 0.1016 0.2109
vt 0.0859 0.2031
vt 0.0781 0.2266
vt 0.1016 0.2109
vt 0.1016 0.2109
vt 0.0781 0.2266
vt 0.0938 0.2344
vt 0.0781 0.2266
vt 0.0625 0.25
vt 0.0938 0.2344
vt 0.0938 0.2344
vt 0.0625 0.25
vt 0.0781 0.2578
vt 0.0625 0.25
vt 0.0469 0.2734
vt 0.0781 0.2578
vt 0.0469 0.2734
vt 0.0625 0.2891
vt 0.0781 0.2578
vt 0.0625 0.2891
vt 0.0781 0.3047
vt 0.0781 0.2578
vt 0.0781 0.3047
vt 0.0938 0.2656
vt 0.0781 0.2578
vt 0.0781 0.2578
vt 0.0938 0.2656
vt 0.0938 0.2344
vt 0.0938 0.2656
vt 0.1172 0.2422
vt 0.0938 0.2344
vt 0.0938 0.2344
vt 0.1172 0.2422
vt 0.1016 0.2109
vt 0.1172 0.2422
vt 0.125 0.2109
vt 0.1016 0.2109
vt 0.1016 0.2109
vt 0.125 0.2109
vt 0.1094 0.1875
vt 0.2188 0.1719
vt 0.1641 0.1719
vt 0.2188 0.2031
vt 0.2188 0.2031
vt 0.1641 0.1719
vt 0.1641 0.1953
vt 0.1641 0.1719
vt 0.1328 0.1719
vt 0.1641 0.1953
vt 0.1328 0.1719
vt 0.125 0.1953
vt 0.1641 0.1953
vt 0.1641 0.1953
vt 0.125 0.1953
vt 0.1563 0.2188
vt 0.125 0.1953
vt 0.125 0.2109
vt 0.1563 0.2188
vt 0.1563 0.2188
vt 0.125 0.2109
vt 0.1484 0.25
vt 0.125 0.2109
vt 0.1172 0.2422
vt 0.1484 0.25
vt 0.0938 0.1016
vt 0.0703 0.0938
vt 0.0781 0.1094
vt 0.0938 0.1016
vt 0.125 0.125
vt 0.1172 0.0938
vt 0.0625 0.0859
vt 0.0703 0.0938
vt 0.0781 0.0703
vt 0.0703 0.0938
vt 0.0938 0.1016
vt 0.0781 0.0703
vt 0.0781 0.0703
vt 0.0938 0.1016
vt 0.1016 0.0625
vt 0.0938 0.1016
vt 0.1172 0.0938
vt 0.1016 0.0625
vt 0.1016 0.0625
vt 0.1172 0.0938
vt 0.1406 0.0547
vt 0.1406 0.0547
vt 0.1172 0.0938
vt 0.1563 0.0859
vt 0.1563 0.0859
vt 0.1172 0.0938
vt 0.1641 0.1172
vt 0.1172 0.0938
vt 0.125 0.125
vt 0.1641 0.1172
vt 0.1641 0.1172
vt 0.125 0.125
vt 0.1328 0.1484
vt 0.125 0.125
vt 0.1094 0.1484
vt 0.1328 0.1484
vt 0.0625 0.1172
vt 0.0859 0.125
vt 0.0781 0.1094
vt 0.0781 0.1094
vt 0.0859 0.125
vt 0.0938 0.1016
vt 0.0859 0.125
vt 0.1094 0.125
vt 0.0938 0.1016
vt 0.0938 0.1016
vt 0.1094 0.125
vt 0.125 0.125
vt 0.125 0.125
vt 0.1094 0.125
vt 0.1094 0.1484
vt 0.1094 0.125
vt 0.0859 0.125
vt 0.1094 0.1484
vt 0.1094 0.1484
vt 0.0859 0.125
vt 0.0938 0.1484
vt 0.0938 0.1484
vt 0.0859 0.125
vt 0.0703 0.1563
vt 0.0703 0.1563
vt 0.0859 0.125
vt 0.0625 0.1406
vt 0.0859 0.125
vt 0.0625 0.1172
vt 0.0625 0.1406
vt 0.0625 0.1406
vt 0.0625 0.1172
vt 0.0547 0.1172
vt 0.2344 0.2422
vt 0.2031 0.2344
vt 0.2109 0.2734
vt 0.2031 0.2344
vt 0.1875 0.2656
vt 0.2109 0.2734
vt 0.2109 0.2734
vt 0.1875 0.2656
vt 0.1797 0.3125
vt 0.1875 0.2656
vt 0.1563 0.3047
vt 0.1797 0.3125
vt 0.1797 0.3125
vt 0.1563 0.3047
vt 0.1563 0.3594
vt 0.1563 0.3047
vt 0.1406 0.3438
vt 0.1563 0.3594
vt 0.0234 0.1641
vt 0.0234 0.1797
vt 0.0313 0.1797
vt 0.0234 0.1797
vt 0.0313 0.1953
vt 0.0313 0.1797
vt 0.0234 0.1484
vt 0.0234 0.1641
vt 0.0313 0.1641
vt 0.0234 0.1641
vt 0.0313 0.1797
vt 0.0313 0.1641
vt 0.0313 0.1641
vt 0.0313 0.1797
vt 0.0391 0.1719
vt 0.0391 0.1719
vt 0.0313 0.1797
vt 0.0391 0.1875
vt 0.0313 0.1797
vt 0.0313 0.1953
vt 0.0391 0.1875
vt 0.0391 0.1875
vt 0.0313 0.1953
vt 0.0391 0.2109
vt 0.0313 0.1484
vt 0.0313 0.1641
vt 0.0391 0.1641
vt 0.0313 0.1641
vt 0.0391 0.1719
vt 0.0391 0.1641
vt 0.0391 0.1641
vt 0.0391 0.1719
vt 0.0469 0.1797
vt 0.0391 0.1719
vt 0.0391 0.1875
vt 0.0469 0.1797
vt 0.0469 0.1797
vt 0.0391 0.1875
vt 0.0469 0.1953
vt 0.0391 0.1875
vt 0.0391 0.2109
vt 0.0469 0.1953
vt 0.0469 0.1953
vt 0.0391 0.2109
vt 0.0547 0.2188
vt 0.0391 0.2109
vt 0.0391 0.2344
vt 0.0547 0.2188
vt 0.0547 0.2188
vt 0.0391 0.2344
vt 0.0625 0.25
vt 0.0391 0.2344
vt 0.0391 0.2656
vt 0.0625 0.25
vt 0.0625 0.25
vt 0.0391 0.2656
vt 0.0469 0.2734
vt 0.0547 0.2188
vt 0.0625 0.2031
vt 0.0469 0.1953
vt 0.0625 0.1875
vt 0.0625 0.2031
vt 0.0859 0.2031
vt 0.0859 0.2031
vt 0.0625 0.2031
vt 0.0781 0.2266
vt 0.0625 0.2031
vt 0.0547 0.2188
vt 0.0781 0.2266
vt 0.0781 0.2266
vt 0.0547 0.2188
vt 0.0625 0.25
vt 0.0625 0.2031
vt 0.0625 0.1875
vt 0.0547 0.1797
vt 0.0625 0.1875
vt 0.0703 0.1719
vt 0.0547 0.1797
vt 0.0703 0.1719
vt 0.0547 0.1641
vt 0.0547 0.1797
vt 0.0547 0.1797
vt 0.0547 0.1641
vt 0.0547 0.1641
vt 0.0391 0.1484
vt 0.0547 0.1641
vt 0.0469 0.1484
vt 0.0547 0.1641
vt 0.0547 0.1641
vt 0.0469 0.1484
vt 0.0469 0.1484
vt 0.0547 0.1641
vt 0.0547 0.1406
vt 0.0547 0.1406
vt 0.0547 0.1641
vt 0.0703 0.1563
vt 0.0547 0.1641
vt 0.0703 0.1719
vt 0.0703 0.1563
vt 0.0703 0.1563
vt 0.0703 0.1719
vt 0.0938 0.1484
vt 0.0938 0.1484
vt 0.0703 0.1719
vt 0.0938 0.1719
vt 0.0938 0.1719
vt 0.0703 0.1719
vt 0.0938 0.1875
vt 0.0703 0.1719
vt 0.0625 0.1875
vt 0.0938 0.1875
vt 0.0938 0.1875
vt 0.0625 0.1875
vt 0.0859 0.2031
vt 0.0703 0.1563
vt 0.0625 0.1406
vt 0.0547 0.1406
vt 0.0625 0.2031
vt 0.0547 0.1797
vt 0.0469 0.1953
vt 0.0469 0.1953
vt 0.0547 0.1797
vt 0.0469 0.1797
vt 0.0547 0.1797
vt 0.0547 0.1641
vt 0.0469 0.1797
vt 0.0469 0.1797
vt 0.0547 0.1641
vt 0.0391 0.1641
vt 0.0547 0.1641
vt 0.0391 0.1484
vt 0.0391 0.1641
vt 0.0391 0.1641
vt 0.0391 0.1484
vt 0.0313 0.1484
vt 0.0391 0.1484
vt 0.0469 0.1484
vt 0.0313 0.1484
vt 0.0313 0.1484
vt 0.0469 0.1484
vt 0.0391 0.1328
vt 0.0469 0.1484
vt 0.0547 0.1406
vt 0.0391 0.1328
vt 0.0391 0.1328
vt 0.0547 0.1406
vt 0.0469 0.125
vt 0.0469 0.0938
vt 0.0391 0.1016
vt 0.0469 0.1016
vt 0.0469 0.1016
vt 0.0391 0.1016
vt 0.0469 0.1094
vt 0.0469 0.1094
vt 0.0391 0.1016
vt 0.0469 0.1094
vt 0.0391 0.1016
vt 0.0313 0.1172
vt 0.0469 0.1094
vt 0.0469 0.1094
vt 0.0313 0.1172
vt 0.0469 0.125
vt 0.0313 0.1172
vt 0.0234 0.1328
vt 0.0469 0.125
vt 0.0469 0.125
vt 0.0234 0.1328
vt 0.0391 0.1328
vt 0.0234 0.1328
vt 0.0234 0.1484
vt 0.0391 0.1328
vt 0.0391 0.1328
vt 0.0234 0.1484
vt 0.0313 0.1484
vt 0.0234 0.1484
vt 0.0313 0.1641
vt 0.0313 0.1484
vt 0.0547 0.1406
vt 0.0625 0.1406
vt 0.0469 0.125
vt 0.0625 0.1406
vt 0.0547 0.1172
vt 0.0469 0.125
vt 0.0469 0.125
vt 0.0547 0.1172
vt 0.0469 0.1094
vt 0.0547 0.1172
vt 0.0547 0.1172
vt 0.0469 0.1094
vt 0.0469 0.1094
vt 0.0547 0.1172
vt 0.0469 0.1094
vt 0.0547 0.1172
vt 0.0547 0.1094
vt 0.0469 0.1094
vt 0.0469 0.1094
vt 0.0547 0.1094
vt 0.0547 0.1094
vt 0.0547 0.1094
vt 0.0547 0.1094
vt 0.0547 0.1094
vt 0.0547 0.1094
vt 0.0547 0.1094
vt 0.0547 0.1094
vt 0.0547 0.1094
vt 0.0547 0.1094
vt 0.0547 0.1094
vt 0.0625 0.1016
vt 0.0625 0.1094
vt 0.0625 0.1094
vt 0.0625 0.1094
vt 0.0625 0.1094
vt 0.0625 0.1094
vt 0.0625 0.1094
vt 0.0625 0.1094
vt 0.0625 0.1094
vt 0.0625 0.1094
vt 0.0547 0.1094
vt 0.0625 0.1094
vt 0.0547 0.1094
vt 0.0547 0.1094
vt 0.0625 0.1094
vt 0.0547 0.1094
vt 0.0547 0.1094
vt 0.0625 0.1094
vt 0.0625 0.1094
vt 0.0547 0.1094
vt 0.0625 0.1094
vt 0.0547 0.1094
vt 0.0547 0.1172
vt 0.0625 0.1094
vt 0.0625 0.1094
vt 0.0547 0.1172
vt 0.0625 0.1094
vt 0.0547 0.1172
vt 0.0547 0.1172
vt 0.0625 0.1094
vt 0.0625 0.1094
vt 0.0547 0.1094
vt 0.0625 0.1094
vt 0.0625 0.1016
vt 0.0625 0.1016
vt 0.0703 0.1094
vt 0.0625 0.1016
vt 0.0625 0.1094
vt 0.0703 0.1094
vt 0.0703 0.1094
vt 0.0625 0.1094
vt 0.0625 0.1094
vt 0.0625 0.1094
vt 0.0625 0.1094
vt 0.0625 0.1094
vt 0.0469 0.1016
vt 0.0469 0.1016
vt 0.0547 0.0938
vt 0.0469 0.1016
vt 0.0547 0.1016
vt 0.0547 0.0938
vt 0.0547 0.0938
vt 0.0547 0.1016
vt 0.0547 0.0938
vt 0.0547 0.1016
vt 0.0547 0.0938
vt 0.0547 0.0938
vt 0.0547 0.0938
vt 0.0547 0.0938
vt 0.0625 0.1016
vt 0.0547 0.0938
vt 0.0625 0.1016
vt 0.0625 0.1016
vt 0.0625 0.1016
vt 0.0625 0.1016
vt 0.0703 0.1094
vt 0.0625 0.1016
vt 0.0703 0.1094
vt 0.0703 0.1094
vt 0.0703 0.1094
vt 0.0703 0.1094
vt 0.0625 0.1094
vt 0.0703 0.1094
vt 0.0625 0.1094
vt 0.0625 0.1094
vt 0.0469 0.1094
vt 0.0547 0.1094
vt 0.0469 0.1016
vt 0.0469 0.1016
vt 0.0547 0.1094
vt 0.0469 0.1016
vt 0.0547 0.1094
vt 0.0547 0.1094
vt 0.0469 0.1016
vt 0.0547 0.1094
vt 0.0547 0.1016
vt 0.0469 0.1016
vt 0.0469 0.1016
vt 0.0547 0.1016
vt 0.0547 0.1016
vt 0.0547 0.1016
vt 0.0547 0.1016
vt 0.0547 0.1016
vt 0.0547 0.1016
vt 0.0547 0.1016
vt 0.0547 0.0938
vt 0.0547 0.1016
vt 0.0547 0.1016
vt 0.0547 0.0938
vt 0.0547 0.0938
vt 0.0547 0.1016
vt 0.0625 0.1016
vt 0.0547 0.1016
vt 0.0625 0.1016
vt 0.0625 0.1016
vt 0.0547 0.1016
vt 0.0547 0.1094
vt 0.0547 0.1094
vt 0.0547 0.1094
vt 0.0547 0.1094
vt 0.0547 0.1094
vt 0.0547 0.1094
vt 0.0547 0.1016
vt 0.0547 0.1094
vt 0.0547 0.1094
vt 0.0547 0.1016
vt 0.0547 0.1016
vt 0.0547 0.1016
vt 0.0547 0.1016
vt 0.0547 0.1016
vt 0.0547 0.1016
vt 0.0547 0.1016
vt 0.0547 0.1016
vt 0.0547 0.1016
vt 0.0547 0.1016
vt 0.0547 0.1016
vt 0.0547 0.1016
vt 0.0547 0.1016
vt 0.0547 0.1016
vt 0.0547 0.1016
vt 0.0625 0.1016
vt 0.0547 0.1016
vt 0.0547 0.1016
vt 0.0625 0.1016
vt 0.0625 0.1016
vt 0.0625 0.1016
vt 0.0625 0.1094
vt 0.0625 0.1016
vt 0.0547 0.1016
vt 0.0547 0.1016
vt 0.0547 0.1016
vt 0.0547 0.1016
vt 0.0625 0.1016
vt 0.0547 0.1016
vt 0.0547 0.1016
vt 0.0625 0.1016
vt 0.0625 0.1094
vt 0.0625 0.1016
vt 0.0547 0.1094
vt 0.0625 0.1094
vt 0.0625 0.1094
vt 0.0547 0.1094
vt 0.0547 0.1094
vt 0.0547 0.1094
vt 0.0547 0.1094
vt 0.0547 0.1016
vt 0.0547 0.1094
vt 0.0547 0.1016
vt 0.0547 0.1016
vt 0.0547 0.1016
vt 0.0547 0.1016
vt 0.0547 0.1016
vt 0.0547 0.1016
vt 0.0547 0.1016
vt 0.0547 0.1016
vt 0.0547 0.1016
vt 0.0625 0.1094
vt 0.0547 0.1016
vt 0.0547 0.1016
vt 0.0625 0.1094
vt 0.0625 0.1016
vt 0.0625 0.1016
vt 0.0547 0.1016
vt 0.0547 0.1094
vt 0.0547 0.1172
vt 0.0625 0.1172
vt 0.0625 0.1094
vt 0.0625 0.1094
vt 0.0625 0.1172
vt 0.0703 0.1094
vt 0.0625 0.1172
vt 0.0781 0.1094
vt 0.0703 0.1094
vt 0.0703 0.1094
vt 0.0781 0.1094
vt 0.0625 0.1016
vt 0.0781 0.1094
vt 0.0703 0.0938
vt 0.0625 0.1016
vt 0.0625 0.1016
vt 0.0703 0.0938
vt 0.0547 0.0938
vt 0.0703 0.0938
vt 0.0625 0.0859
vt 0.0547 0.0938
vt 0.0547 0.0938
vt 0.0625 0.0859
vt 0.0547 0.0938
vt 0.0625 0.0859
vt 0.0469 0.0938
vt 0.0547 0.0938
vt 0.0547 0.0938
vt 0.0469 0.0938
vt 0.0469 0.1016
vt 0.0156 0.2344
vt 0.0156 0.2422
vt 0.0156 0.2266
vt 0.0156 0.2422
vt 0.0234 0.2266
vt 0.0156 0.2266
vt 0.0156 0.2266
vt 0.0234 0.2266
vt 0.0234 0.2188
vt 0.0234 0.2188
vt 0.0234 0.2266
vt 0.0313 0.2109
vt 0.0234 0.2266
vt 0.0313 0.2344
vt 0.0313 0.2109
vt 0.0313 0.2109
vt 0.0313 0.2344
vt 0.0391 0.2109
vt 0.0391 0.2109
vt 0.0313 0.2344
vt 0.0391 0.2344
vt 0.0313 0.2344
vt 0.0313 0.2578
vt 0.0391 0.2344
vt 0.0391 0.2344
vt 0.0313 0.2578
vt 0.0391 0.2656
vt 0.0313 0.2578
vt 0.0313 0.2344
vt 0.0234 0.25
vt 0.0313 0.2344
vt 0.0234 0.2266
vt 0.0234 0.25
vt 0.0234 0.25
vt 0.0234 0.2266
vt 0.0156 0.2422
vt 0.0859 0.9141
vt 0.0859 0.9141
vt 0.0859 0.9141
vt 0.8828 0.9531
vt 0.8828 0.9531
vt 0.875 0.9531
vt 0.875 0.9531
vt 0.8828 0.9531
vt 0.875 0.9531
vt 0.5703 0.4141
vt 0.5469 0.4219
vt 0.5469 0.4375
vt 0.5469 0.4219
vt 0.5156 0.4219
vt 0.5469 0.4375
vt 0.5469 0.4375
vt 0.5156 0.4219
vt 0.5156 0.4453
vt 0.6016 0.3594
vt 0.6016 0.3672
vt 0.6094 0.375
vt 0.6016 0.3672
vt 0.6016 0.375
vt 0.6094 0.375
vt 0.6094 0.375
vt 0.6016 0.375
vt 0.5938 0.3906
vt 0.6016 0.375
vt 0.5938 0.3906
vt 0.5938 0.3906
vt 0.5938 0.3906
vt 0.5938 0.3906
vt 0.5703 0.4141
vt 0.5938 0.3906
vt 0.5703 0.4063
vt 0.5703 0.4141
vt 0.5703 0.4141
vt 0.5703 0.4063
vt 0.5469 0.4219
vt 0.5703 0.4063
vt 0.5469 0.4141
vt 0.5469 0.4219
vt 0.5469 0.4219
vt 0.5469 0.4141
vt 0.5156 0.4219
vt 0.5469 0.4141
vt 0.5156 0.4141
vt 0.5156 0.4219
vt 0.6016 0.375
vt 0.6016 0.3672
vt 0.6016 0.375
vt 0.6016 0.375
vt 0.6016 0.375
vt 0.6016 0.375
vt 0.6016 0.375
vt 0.6016 0.375
vt 0.6016 0.375
vt 0.6016 0.375
vt 0.6016 0.375
vt 0.5938 0.3906
vt 0.6016 0.375
vt 0.5859 0.3906
vt 0.5938 0.3906
vt 0.5938 0.3906
vt 0.5859 0.3906
vt 0.5703 0.4063
vt 0.5859 0.3906
vt 0.5703 0.3984
vt 0.5703 0.4063
vt 0.5703 0.4063
vt 0.5703 0.3984
vt 0.5469 0.4141
vt 0.5703 0.3984
vt 0.5391 0.4063
vt 0.5469 0.4141
vt 0.5469 0.4141
vt 0.5391 0.4063
vt 0.5156 0.4141
vt 0.5391 0.4063
vt 0.5156 0.4063
vt 0.5156 0.4141
vt 0.5156 0.4219
vt 0.5156 0.4141
vt 0.4922 0.4141
vt 0.4922 0.4141
vt 0.5156 0.4141
vt 0.4922 0.4063
vt 0.5156 0.4141
vt 0.5156 0.4063
vt 0.4922 0.4063
vt 0.4922 0.4063
vt 0.5156 0.4063
vt 0.4922 0.3984
vt 0.5781 0.3906
vt 0.5625 0.3984
vt 0.5625 0.3984
vt 0.5625 0.3984
vt 0.5625 0.3984
vt 0.5391 0.4063
vt 0.5625 0.3984
vt 0.5391 0.4063
vt 0.5391 0.4063
vt 0.5391 0.4063
vt 0.5156 0.3984
vt 0.5391 0.4063
vt 0.5391 0.4063
vt 0.5156 0.3984
vt 0.5156 0.3984
vt 0.5156 0.3984
vt 0.4922 0.3984
vt 0.5156 0.3984
vt 0.4922 0.3984
vt 0.4922 0.3984
vt 0.5156 0.3984
vt 0.4922 0.3984
vt 0.5156 0.4063
vt 0.5156 0.3984
vt 0.5156 0.3984
vt 0.5156 0.4063
vt 0.5391 0.4063
vt 0.5156 0.4063
vt 0.5391 0.4063
vt 0.5391 0.4063
vt 0.4922 0.3984
vt 0.5156 0.3984
vt 0.4922 0.3984
vt 0.5391 0.4063
vt 0.5391 0.4063
vt 0.5625 0.3984
vt 0.5391 0.4063
vt 0.5703 0.3984
vt 0.5625 0.3984
vt 0.5625 0.3984
vt 0.5703 0.3984
vt 0.5781 0.3906
vt 0.5703 0.3984
vt 0.5859 0.3906
vt 0.5781 0.3906
vt 0.5781 0.3906
vt 0.5859 0.3906
vt 0.6016 0.375
vt 0.8672 0.9375
vt 0.875 0.9531
vt 0.875 0.9531
vt 0.8594 0.8984
vt 0.8594 0.9141
vt 0.8594 0.9141
vt 0.8594 0.9141
vt 0.8594 0.9141
vt 0.8672 0.9375
vt 0.8594 0.9141
vt 0.8672 0.9375
vt 0.8672 0.9375
vt 0.6406 0.3594
vt 0.6016 0.3516
vt 0.6172 0.3594
vt 0.5625 0.3203
vt 0.5781 0.3438
vt 0.5938 0.3359
vt 0.5938 0.3359
vt 0.5781 0.3438
vt 0.6016 0.3516
vt 0.5859 0.3672
vt 0.6016 0.3516
vt 0.5781 0.3594
vt 0.6016 0.3516
vt 0.5781 0.3438
vt 0.5781 0.3594
vt 0.5781 0.3438
vt 0.5547 0.3438
vt 0.5781 0.3594
vt 0.5547 0.3438
vt 0.5547 0.3594
vt 0.5781 0.3594
vt 0.5781 0.3594
vt 0.5547 0.3594
vt 0.5859 0.3672
vt 0.5547 0.3594
vt 0.5625 0.375
vt 0.5859 0.3672
vt 0.5859 0.3672
vt 0.5625 0.375
vt 0.5781 0.375
vt 0.5625 0.375
vt 0.5625 0.375
vt 0.5781 0.375
vt 0.5781 0.375
vt 0.5625 0.375
vt 0.5625 0.3828
vt 0.6016 0.375
vt 0.5781 0.3828
vt 0.6016 0.375
vt 0.6016 0.375
vt 0.5781 0.3828
vt 0.5781 0.3828
vt 0.5781 0.3828
vt 0.5781 0.3828
vt 0.5625 0.3906
vt 0.5625 0.3906
vt 0.5781 0.3828
vt 0.5625 0.3828
vt 0.5625 0.3828
vt 0.5781 0.3828
vt 0.5781 0.375
vt 0.5781 0.3828
vt 0.6016 0.375
vt 0.5781 0.375
vt 0.6016 0.375
vt 0.6016 0.3672
vt 0.5781 0.375
vt 0.6016 0.3672
vt 0.6016 0.3594
vt 0.5781 0.375
vt 0.5781 0.375
vt 0.6016 0.3594
vt 0.5859 0.3672
vt 0.6016 0.3594
vt 0.6016 0.3516
vt 0.5859 0.3672
vt 0.6016 0.375
vt 0.5781 0.3828
vt 0.6016 0.375
vt 0.6016 0.375
vt 0.5781 0.3828
vt 0.5781 0.3828
vt 0.5781 0.3828
vt 0.5625 0.3906
vt 0.5781 0.3828
vt 0.6016 0.375
vt 0.5938 0.375
vt 0.6016 0.375
vt 0.5156 0.4453
vt 0.5547 0.4609
vt 0.5469 0.4375
vt 0.5156 0.4453
vt 0.5156 0.4219
vt 0.4922 0.4375
vt 0.4922 0.4375
vt 0.5156 0.4219
vt 0.4922 0.4141
vt 0.6016 0.3516
vt 0.625 0.3359
vt 0.5938 0.3359
vt 0.625 0.3359
vt 0.5859 0.3047
vt 0.5938 0.3359
vt 0.5859 0.3047
vt 0.5625 0.3203
vt 0.5938 0.3359
vt 0.5469 0.4375
vt 0.5781 0.4297
vt 0.5703 0.4141
vt 0.5703 0.4141
vt 0.5781 0.4297
vt 0.5938 0.3906
vt 0.5938 0.3906
vt 0.5781 0.4297
vt 0.5938 0.4063
vt 0.5781 0.4297
vt 0.6016 0.4297
vt 0.5938 0.4063
vt 0.5938 0.4063
vt 0.6016 0.4297
vt 0.625 0.375
vt 0.6016 0.4297
vt 0.625 0.4063
vt 0.625 0.375
vt 0.625 0.4063
vt 0.6484 0.3828
vt 0.625 0.375
vt 0.6484 0.3828
vt 0.6484 0.375
vt 0.625 0.375
vt 0.6484 0.375
vt 0.6172 0.3594
vt 0.625 0.375
vt 0.6172 0.3594
vt 0.6094 0.3828
vt 0.625 0.375
vt 0.625 0.375
vt 0.6094 0.3828
vt 0.5938 0.4063
vt 0.5938 0.4063
vt 0.6094 0.3828
vt 0.5938 0.3906
vt 0.5938 0.3906
vt 0.6094 0.3828
vt 0.6094 0.375
vt 0.6094 0.3828
vt 0.6016 0.3594
vt 0.6094 0.375
vt 0.625 0.3359
vt 0.6016 0.3516
vt 0.6406 0.3594
vt 0.3984 0.3672
vt 0.3984 0.375
vt 0.4219 0.3672
vt 0.4219 0.3672
vt 0.3984 0.375
vt 0.4219 0.3672
vt 0.4141 0.3906
vt 0.4141 0.3828
vt 0.3984 0.3828
vt 0.3984 0.3828
vt 0.4141 0.3828
vt 0.3984 0.375
vt 0.3984 0.375
vt 0.4141 0.3828
vt 0.4219 0.3672
vt 0.4141 0.3828
vt 0.4453 0.3906
vt 0.4219 0.3672
vt 0.4453 0.3906
vt 0.4453 0.375
vt 0.4219 0.3672
vt 0.4219 0.3672
vt 0.4453 0.375
vt 0.4219 0.3672
vt 0.4453 0.375
vt 0.4453 0.3672
vt 0.4219 0.3672
vt 0.4219 0.3672
vt 0.4453 0.3672
vt 0.4297 0.3594
vt 0.3984 0.3828
vt 0.4141 0.3906
vt 0.4141 0.3906
vt 0.3828 0.375
vt 0.375 0.375
vt 0.3828 0.375
vt 0.4141 0.3906
vt 0.3984 0.3828
vt 0.3984 0.3828
vt 0.3984 0.3828
vt 0.3984 0.3828
vt 0.3828 0.375
vt 0.3984 0.3828
vt 0.3828 0.3672
vt 0.3828 0.375
vt 0.3828 0.375
vt 0.3828 0.3672
vt 0.375 0.375
vt 0.375 0.375
vt 0.3828 0.3672
vt 0.375 0.375
vt 0.3828 0.3672
vt 0.3828 0.3672
vt 0.375 0.375
vt 0.3047 0.3594
vt 0.3125 0.3438
vt 0.2578 0.3594
vt 0.2578 0.3594
vt 0.3125 0.3438
vt 0.2656 0.3125
vt 0.1406 0.5156
vt 0.0938 0.4766
vt 0.1094 0.5234
vt 0.1172 0.7422
vt 0.087063 0.754215
vt 0.116963 0.799154
vt 0.116963 0.799154
vt 0.087063 0.754215
vt 0.094863 0.801115
vt 0.4922 0.8047
vt 0.4922 0.75
vt 0.4531 0.75
vt 0.4531 0.75
vt 0.4922 0.75
vt 0.4922 0.7266
vt 0.375 0.4922
vt 0.3594 0.4531
vt 0.3438 0.4844
vt 0.7266 0.1797
vt 0.7344 0.2109
vt 0.7578 0.2109
vt 0.7266 0.2578
vt 0.7344 0.25
vt 0.7031 0.2109
vt 0.7344 0.25
vt 0.7344 0.2109
vt 0.7031 0.2109
vt 0.7344 0.2109
vt 0.7266 0.1797
vt 0.7031 0.2109
vt 0.7031 0.2109
vt 0.7266 0.1797
vt 0.6953 0.1797
vt 0.7266 0.1797
vt 0.7266 0.1406
vt 0.6953 0.1797
vt 0.6953 0.1797
vt 0.7266 0.1406
vt 0.7109 0.1406
vt 0.7734 0.0547
vt 0.7422 0.0625
vt 0.7656 0.0703
vt 0.7578 0.0391
vt 0.7422 0.0625
vt 0.7656 0.0391
vt 0.7422 0.0625
vt 0.7734 0.0547
vt 0.7656 0.0391
vt 0.7734 0.0547
vt 0.7891 0.0313
vt 0.7656 0.0391
vt 0.7656 0.0391
vt 0.7891 0.0313
vt 0.7891 0.0234
vt 0.375 0.4922
vt 0.3906 0.4609
vt 0.3594 0.4531
vt 0.4609 0.4688
vt 0.4219 0.4609
vt 0.4219 0.5
vt 0.4219 0.5
vt 0.4219 0.4609
vt 0.375 0.4922
vt 0.375 0.4922
vt 0.4219 0.4609
vt 0.3906 0.4609
vt 0.4219 0.4609
vt 0.3906 0.4453
vt 0.3906 0.4609
vt 0.3906 0.4453
vt 0.375 0.4219
vt 0.3906 0.4609
vt 0.3906 0.4609
vt 0.375 0.4219
vt 0.3594 0.4531
vt 0.375 0.4219
vt 0.3516 0.3906
vt 0.3594 0.4531
vt 0.3594 0.4531
vt 0.3516 0.3906
vt 0.3281 0.4141
vt 0.3516 0.3906
vt 0.3203 0.3984
vt 0.3281 0.4141
vt 0.3281 0.4141
vt 0.3203 0.3984
vt 0.3203 0.4219
vt 0.3281 0.4141
vt 0.3359 0.4531
vt 0.3594 0.4531
vt 0.3594 0.4531
vt 0.3359 0.4531
vt 0.3438 0.4844
vt 0.3359 0.4531
vt 0.3281 0.4844
vt 0.3438 0.4844
vt 0.3281 0.4844
vt 0.3125 0.5156
vt 0.3438 0.4844
vt 0.3125 0.5156
vt 0.3281 0.5234
vt 0.3438 0.4844
vt 0.3438 0.4844
vt 0.3281 0.5234
vt 0.375 0.4922
vt 0.2578 0.3594
vt 0.2969 0.375
vt 0.3047 0.3594
vt 0.3047 0.3594
vt 0.2969 0.375
vt 0.3281 0.3828
vt 0.2969 0.375
vt 0.3203 0.3984
vt 0.3281 0.3828
vt 0.0938 0.4766
vt 0.0625 0.4766
vt 0.1094 0.5234
vt 0.1094 0.5234
vt 0.0625 0.4766
vt 0.0703 0.5234
vt 0.125 0.4297
vt 0.0859 0.4453
vt 0.125 0.4688
vt 0.0859 0.4453
vt 0.0938 0.4766
vt 0.125 0.4688
vt 0.125 0.4688
vt 0.0938 0.4766
vt 0.1406 0.5156
vt 0.9063 0.8672
vt 0.8984 0.8672
vt 0.8984 0.8672
vt 0.8828 0.875
vt 0.8828 0.875
vt 0.8984 0.8672
vt 0.8984 0.8672
vt 0.8828 0.875
vt 0.8984 0.8672
vt 0.8828 0.875
vt 0.8672 0.8906
vt 0.8672 0.8906
vt 0.8672 0.8906
vt 0.8672 0.8906
vt 0.8594 0.9063
vt 0.8672 0.8906
vt 0.8594 0.8984
vt 0.8594 0.9063
vt 0.4609 0.4375
vt 0.4297 0.4375
vt 0.4609 0.4688
vt 0.4609 0.4688
vt 0.4297 0.4375
vt 0.4219 0.4609
vt 0.4297 0.4375
vt 0.3984 0.4297
vt 0.4219 0.4609
vt 0.4219 0.4609
vt 0.3984 0.4297
vt 0.3906 0.4453
vt 0.3984 0.4297
vt 0.375 0.4219
vt 0.3906 0.4453
vt 0.4688 0.3984
vt 0.4453 0.4063
vt 0.4453 0.4063
vt 0.4453 0.4063
vt 0.4141 0.3984
vt 0.4453 0.4063
vt 0.4141 0.3984
vt 0.4141 0.3984
vt 0.4453 0.4063
vt 0.4453 0.4063
vt 0.4141 0.3984
vt 0.4375 0.4063
vt 0.3281 0.5234
vt 0.3125 0.5156
vt 0.2813 0.5391
vt 0.2813 0.5391
vt 0.3125 0.5156
vt 0.2813 0.5313
vt 0.9375 0.6016
vt 0.8906 0.625
vt 0.9297 0.6328
vt 0.75 0.5703
vt 0.75 0.5938
vt 0.8047 0.5781
vt 0.75 0.5938
vt 0.8047 0.6016
vt 0.8047 0.5781
vt 0.8047 0.5781
vt 0.8047 0.6016
vt 0.8516 0.5859
vt 0.8047 0.6016
vt 0.8438 0.6094
vt 0.8516 0.5859
vt 0.8438 0.6094
vt 0.8906 0.625
vt 0.8516 0.5859
vt 0.8516 0.5859
vt 0.8906 0.625
vt 0.8906 0.5938
vt 0.8906 0.625
vt 0.9375 0.6016
vt 0.8906 0.5938
vt 0.8906 0.5938
vt 0.9375 0.6016
vt 0.9453 0.5703
vt 0.7578 0.0391
vt 0.7656 0.0391
vt 0.7813 0.0156
vt 0.7813 0.0156
vt 0.7656 0.0391
vt 0.7891 0.0234
vt 0.2734 0.6406
vt 0.2266 0.6406
vt 0.2344 0.6719
vt 0.2266 0.6406
vt 0.1797 0.6484
vt 0.2344 0.6719
vt 0.2344 0.6719
vt 0.1797 0.6484
vt 0.1875 0.6797
vt 0.1875 0.6797
vt 0.1797 0.6484
vt 0.1484 0.7031
vt 0.1797 0.6484
vt 0.1406 0.6563
vt 0.1484 0.7031
vt 0.1406 0.6563
vt 0.1094 0.7188
vt 0.1484 0.7031
vt 0.1484 0.7031
vt 0.1094 0.7188
vt 0.1172 0.7422
vt 0.1094 0.7188
vt 0.079263 0.730815
vt 0.1172 0.7422
vt 0.4922 0.7266
vt 0.4609 0.6953
vt 0.4609 0.7266
vt 0.4609 0.6953
vt 0.4141 0.6875
vt 0.4609 0.7266
vt 0.4609 0.7266
vt 0.4141 0.6875
vt 0.4141 0.7109
vt 0.4141 0.6875
vt 0.3594 0.6641
vt 0.4141 0.7109
vt 0.4141 0.7109
vt 0.3594 0.6641
vt 0.3594 0.6875
vt 0.3594 0.6641
vt 0.3125 0.6563
vt 0.3594 0.6875
vt 0.3594 0.6875
vt 0.3125 0.6563
vt 0.3203 0.6797
vt 0.3125 0.6563
vt 0.2734 0.6406
vt 0.3203 0.6797
vt 0.3203 0.6797
vt 0.2734 0.6406
vt 0.2734 0.6719
vt 0.2734 0.6719
vt 0.2734 0.6406
vt 0.2344 0.6719
vt 0.2266 0.5938
vt 0.2266 0.5703
vt 0.1797 0.6016
vt 0.2266 0.5703
vt 0.1719 0.5781
vt 0.1797 0.6016
vt 0.1797 0.6016
vt 0.1719 0.5781
vt 0.1328 0.6094
vt 0.1719 0.5781
vt 0.1328 0.5859
vt 0.1328 0.6094
vt 0.1328 0.6094
vt 0.1328 0.5859
vt 0.0938 0.625
vt 0.1328 0.5859
vt 0.0859 0.5938
vt 0.0938 0.625
vt 0.0938 0.625
vt 0.0859 0.5938
vt 0.0469 0.6328
vt 0.0469 0.6328
vt 0.0859 0.5938
vt 0.0391 0.6016
vt 0.0859 0.5938
vt 0.0781 0.5625
vt 0.0391 0.6016
vt 0.0781 0.5625
vt 0.0391 0.5703
vt 0.0391 0.6016
vt 0.7734 0.1172
vt 0.8281 0.125
vt 0.8359 0.0938
vt 0.7422 0.0625
vt 0.7578 0.1172
vt 0.7656 0.0703
vt 0.7578 0.1172
vt 0.7734 0.1172
vt 0.7656 0.0703
vt 0.7656 0.0703
vt 0.7734 0.1172
vt 0.7969 0.0781
vt 0.7734 0.1172
vt 0.8359 0.0938
vt 0.7969 0.0781
vt 0.7969 0.0781
vt 0.8359 0.0938
vt 0.8203 0.0469
vt 0.8359 0.0938
vt 0.8516 0.0547
vt 0.8203 0.0469
vt 0.7891 0.0313
vt 0.7734 0.0547
vt 0.8203 0.0469
vt 0.8203 0.0469
vt 0.7734 0.0547
vt 0.7969 0.0781
vt 0.7969 0.0781
vt 0.7734 0.0547
vt 0.7656 0.0703
vt 0.7734 0.1172
vt 0.7578 0.1172
vt 0.7656 0.1484
vt 0.7578 0.1172
vt 0.75 0.1484
vt 0.7656 0.1484
vt 0.7656 0.1484
vt 0.75 0.1484
vt 0.7656 0.1797
vt 0.7813 0.2422
vt 0.7734 0.2031
vt 0.7578 0.2109
vt 0.7734 0.2031
vt 0.7656 0.1797
vt 0.7578 0.2109
vt 0.7578 0.2109
vt 0.7656 0.1797
vt 0.75 0.1797
vt 0.7656 0.1797
vt 0.75 0.1484
vt 0.75 0.1797
vt 0.75 0.1797
vt 0.75 0.1484
vt 0.7266 0.1797
vt 0.7266 0.1797
vt 0.75 0.1484
vt 0.7266 0.1406
vt 0.7266 0.1406
vt 0.75 0.1484
vt 0.7344 0.1094
vt 0.75 0.1484
vt 0.7578 0.1172
vt 0.7344 0.1094
vt 0.7344 0.1094
vt 0.7578 0.1172
vt 0.7266 0.0859
vt 0.7266 0.0859
vt 0.7578 0.1172
vt 0.7422 0.0625
vt 0.7266 0.1797
vt 0.7578 0.2109
vt 0.75 0.1797
vt 0.9141 0.3047
vt 0.8906 0.2734
vt 0.8828 0.3281
vt 0.8906 0.2734
vt 0.8594 0.2891
vt 0.8828 0.3281
vt 0.8828 0.3281
vt 0.8594 0.2891
vt 0.8516 0.3438
vt 0.8516 0.3438
vt 0.8594 0.2891
vt 0.8281 0.3047
vt 0.8594 0.2891
vt 0.8438 0.2578
vt 0.8281 0.3047
vt 0.8281 0.3047
vt 0.8438 0.2578
vt 0.7969 0.2734
vt 0.8438 0.2578
vt 0.8281 0.2266
vt 0.7969 0.2734
vt 0.7969 0.2734
vt 0.8281 0.2266
vt 0.7813 0.2422
vt 0.8281 0.2266
vt 0.8281 0.2031
vt 0.7813 0.2422
vt 0.8281 0.2031
vt 0.7734 0.2031
vt 0.7813 0.2422
vt 0.8906 0.2734
vt 0.875 0.2422
vt 0.8594 0.2891
vt 0.8594 0.2891
vt 0.875 0.2422
vt 0.8438 0.2578
vt 0.8281 0.3047
vt 0.8281 0.3672
vt 0.8516 0.3438
vt 0.7969 0.3203
vt 0.8203 0.3672
vt 0.8047 0.3203
vt 0.8203 0.3672
vt 0.8281 0.3672
vt 0.8047 0.3203
vt 0.8281 0.3672
vt 0.8281 0.3047
vt 0.8047 0.3203
vt 0.8281 0.3047
vt 0.7969 0.2734
vt 0.8047 0.3203
vt 0.8047 0.3203
vt 0.7969 0.2734
vt 0.7813 0.2734
vt 0.7969 0.2734
vt 0.7656 0.2422
vt 0.7813 0.2734
vt 0.7813 0.2734
vt 0.7656 0.2422
vt 0.7344 0.25
vt 0.7344 0.25
vt 0.7656 0.2422
vt 0.7344 0.2109
vt 0.7344 0.2109
vt 0.7656 0.2422
vt 0.7578 0.2109
vt 0.7578 0.2109
vt 0.7656 0.2422
vt 0.7813 0.2422
vt 0.7656 0.2422
vt 0.7969 0.2734
vt 0.7813 0.2422
vt 0.2813 0.5313
vt 0.2266 0.5469
vt 0.2266 0.5547
vt 0.2266 0.5547
vt 0.2266 0.5469
vt 0.1719 0.5547
vt 0.2266 0.5469
vt 0.1719 0.5469
vt 0.1719 0.5547
vt 0.8203 0.3672
vt 0.7969 0.3203
vt 0.8125 0.375
vt 0.8125 0.375
vt 0.7969 0.3203
vt 0.7891 0.3281
vt 0.7969 0.3203
vt 0.7656 0.2813
vt 0.7891 0.3281
vt 0.7891 0.3281
vt 0.7656 0.2813
vt 0.7578 0.2891
vt 0.7578 0.2891
vt 0.7656 0.2813
vt 0.7344 0.25
vt 0.7344 0.25
vt 0.7656 0.2813
vt 0.7813 0.2734
vt 0.7813 0.2734
vt 0.7656 0.2813
vt 0.8047 0.3203
vt 0.7656 0.2813
vt 0.7969 0.3203
vt 0.8047 0.3203
vt 0.9531 0.1406
vt 0.9688 0.1328
vt 0.9609 0.125
vt 0.9688 0.1484
vt 0.9688 0.1328
vt 0.9609 0.1484
vt 0.9688 0.1328
vt 0.9531 0.1406
vt 0.9609 0.1484
vt 0.9609 0.1484
vt 0.9531 0.1406
vt 0.9453 0.1563
vt 0.9453 0.1328
vt 0.9375 0.1484
vt 0.9531 0.1406
vt 0.9531 0.1406
vt 0.9375 0.1484
vt 0.9453 0.1563
vt 0.9375 0.1484
vt 0.9453 0.1641
vt 0.9453 0.1563
vt 0.9453 0.1563
vt 0.9453 0.1641
vt 0.9609 0.1484
vt 0.9453 0.1641
vt 0.9609 0.1719
vt 0.9609 0.1484
vt 0.9609 0.1484
vt 0.9609 0.1719
vt 0.9688 0.1484
vt 0.9609 0.1719
vt 0.9688 0.1719
vt 0.9688 0.1484
vt 0.9297 0.1172
vt 0.9375 0.1172
vt 0.9375 0.1172
vt 0.9375 0.1172
vt 0.9375 0.1172
vt 0.9453 0.1172
vt 0.9375 0.1172
vt 0.9375 0.125
vt 0.9453 0.1172
vt 0.9453 0.1172
vt 0.9375 0.125
vt 0.9453 0.1328
vt 0.9375 0.125
vt 0.9375 0.1484
vt 0.9453 0.1328
vt 0.9453 0.1328
vt 0.9375 0.1484
vt 0.9375 0.1484
vt 0.9375 0.1484
vt 0.9375 0.1641
vt 0.9375 0.1484
vt 0.9375 0.1484
vt 0.9375 0.1641
vt 0.9453 0.1641
vt 0.9375 0.1641
vt 0.9453 0.1797
vt 0.9453 0.1641
vt 0.9453 0.1641
vt 0.9453 0.1797
vt 0.9609 0.1719
vt 0.9297 0.2031
vt 0.9375 0.2031
vt 0.9219 0.1953
vt 0.9219 0.1953
vt 0.9375 0.2031
vt 0.9375 0.1875
vt 0.9375 0.2031
vt 0.9453 0.1953
vt 0.9375 0.1875
vt 0.9375 0.1875
vt 0.9453 0.1953
vt 0.9375 0.1875
vt 0.9453 0.1953
vt 0.9531 0.1875
vt 0.9375 0.1875
vt 0.9531 0.1875
vt 0.9453 0.1797
vt 0.9375 0.1875
vt 0.9453 0.1797
vt 0.9375 0.1641
vt 0.9375 0.1875
vt 0.9375 0.1875
vt 0.9375 0.1641
vt 0.9297 0.1641
vt 0.9375 0.1641
vt 0.9375 0.1484
vt 0.9297 0.1641
vt 0.9297 0.1641
vt 0.9375 0.1484
vt 0.9219 0.1406
vt 0.9375 0.1484
vt 0.9375 0.125
vt 0.9219 0.1406
vt 0.9219 0.1953
vt 0.9375 0.1875
vt 0.9219 0.1719
vt 0.9219 0.1719
vt 0.9375 0.1875
vt 0.9297 0.1641
vt 0.9375 0.1875
vt 0.9375 0.1875
vt 0.9297 0.1641
vt 0.9219 0.1406
vt 0.9219 0.1563
vt 0.9297 0.1641
vt 0.9297 0.1641
vt 0.9219 0.1563
vt 0.9219 0.1719
vt 0.9219 0.1563
vt 0.8984 0.1719
vt 0.9219 0.1719
vt 0.9219 0.1719
vt 0.8984 0.1719
vt 0.8984 0.1953
vt 0.8984 0.1719
vt 0.8828 0.1953
vt 0.8984 0.1953
vt 0.8828 0.1953
vt 0.8594 0.1953
vt 0.8672 0.2188
vt 0.8906 0.2422
vt 0.8672 0.2188
vt 0.875 0.2422
vt 0.875 0.2422
vt 0.8672 0.2188
vt 0.8438 0.2578
vt 0.8438 0.2578
vt 0.8672 0.2188
vt 0.8281 0.2266
vt 0.8672 0.2188
vt 0.8594 0.1953
vt 0.8281 0.2266
vt 0.8281 0.2266
vt 0.8594 0.1953
vt 0.8281 0.2031
vt 0.8281 0.2031
vt 0.8594 0.1953
vt 0.8594 0.1797
vt 0.8594 0.1953
vt 0.8828 0.1953
vt 0.8594 0.1797
vt 0.8594 0.1797
vt 0.8828 0.1953
vt 0.875 0.1719
vt 0.8828 0.1953
vt 0.8984 0.1719
vt 0.875 0.1719
vt 0.875 0.1719
vt 0.8984 0.1719
vt 0.8984 0.1563
vt 0.9141 0.2344
vt 0.8906 0.2422
vt 0.9141 0.2656
vt 0.8906 0.2422
vt 0.875 0.2422
vt 0.9141 0.2656
vt 0.9141 0.2656
vt 0.875 0.2422
vt 0.8906 0.2734
vt 0.9375 0.2266
vt 0.9141 0.2344
vt 0.9297 0.2578
vt 0.9141 0.2344
vt 0.9141 0.2656
vt 0.9297 0.2578
vt 0.9297 0.2578
vt 0.9141 0.2656
vt 0.9297 0.2969
vt 0.9141 0.2656
vt 0.8906 0.2734
vt 0.9297 0.2969
vt 0.9297 0.2969
vt 0.8906 0.2734
vt 0.9141 0.3047
vt 0.9297 0.2578
vt 0.9453 0.2422
vt 0.9375 0.2266
vt 0.9453 0.2422
vt 0.9531 0.2344
vt 0.9375 0.2266
vt 0.9375 0.2266
vt 0.9531 0.2344
vt 0.9453 0.2188
vt 0.9531 0.2344
vt 0.9609 0.2344
vt 0.9453 0.2188
vt 0.9453 0.2188
vt 0.9609 0.2344
vt 0.9609 0.2188
vt 0.9688 0.2188
vt 0.9609 0.2188
vt 0.9766 0.2266
vt 0.9609 0.2188
vt 0.9609 0.2344
vt 0.9766 0.2266
vt 0.9766 0.2266
vt 0.9609 0.2344
vt 0.9766 0.2422
vt 0.9766 0.2422
vt 0.9609 0.2344
vt 0.9766 0.25
vt 0.9609 0.2344
vt 0.9531 0.2344
vt 0.9766 0.25
vt 0.9766 0.25
vt 0.9531 0.2344
vt 0.9688 0.2578
vt 0.9531 0.2344
vt 0.9453 0.2422
vt 0.9688 0.2578
vt 0.9688 0.2578
vt 0.9453 0.2422
vt 0.9609 0.2656
vt 0.9609 0.2656
vt 0.9453 0.2422
vt 0.9531 0.2734
vt 0.9453 0.2422
vt 0.9297 0.2578
vt 0.9531 0.2734
vt 0.9531 0.2734
vt 0.9297 0.2578
vt 0.9453 0.2813
vt 0.9297 0.2578
vt 0.9297 0.2969
vt 0.9453 0.2813
vt 0.9297 0.1016
vt 0.9297 0.1094
vt 0.9375 0.1094
vt 0.9375 0.1094
vt 0.9297 0.1094
vt 0.9297 0.1094
vt 0.9297 0.1094
vt 0.9375 0.1094
vt 0.9297 0.1094
vt 0.9297 0.1094
vt 0.9375 0.1094
vt 0.9297 0.1094
vt 0.9375 0.1094
vt 0.9297 0.1094
vt 0.9297 0.1094
vt 0.9297 0.1094
vt 0.9297 0.1094
vt 0.9297 0.1094
vt 0.9297 0.1094
vt 0.9297 0.1094
vt 0.9297 0.1094
vt 0.9297 0.1094
vt 0.9297 0.1094
vt 0.9297 0.1094
vt 0.9297 0.1094
vt 0.9297 0.1016
vt 0.9297 0.1094
vt 0.9297 0.1094
vt 0.9297 0.1016
vt 0.9297 0.1094
vt 0.9297 0.1016
vt 0.9297 0.1016
vt 0.9297 0.1094
vt 0.9297 0.1094
vt 0.9297 0.1016
vt 0.9297 0.1094
vt 0.9297 0.1094
vt 0.9297 0.1094
vt 0.9297 0.1094
vt 0.9219 0.1094
vt 0.9219 0.1094
vt 0.9297 0.1094
vt 0.9297 0.1094
vt 0.9219 0.1094
vt 0.9297 0.1094
vt 0.9219 0.1094
vt 0.9297 0.1094
vt 0.9297 0.1094
vt 0.9297 0.1094
vt 0.9297 0.1094
vt 0.9297 0.1094
vt 0.9297 0.1094
vt 0.9297 0.1094
vt 0.9297 0.1094
vt 0.9297 0.1094
vt 0.9297 0.1094
vt 0.9297 0.1094
vt 0.9297 0.1094
vt 0.9297 0.1094
vt 0.9297 0.1094
vt 0.9297 0.1094
vt 0.9219 0.1094
vt 0.9297 0.1094
vt 0.9297 0.1094
vt 0.9219 0.1094
vt 0.9297 0.1172
vt 0.9219 0.1094
vt 0.9219 0.1094
vt 0.9297 0.1172
vt 0.9297 0.1172
vt 0.9219 0.1094
vt 0.9219 0.1172
vt 0.9297 0.1016
vt 0.9297 0.1094
vt 0.9297 0.1094
vt 0.9297 0.1094
vt 0.9297 0.1094
vt 0.9219 0.1094
vt 0.9297 0.1094
vt 0.9141 0.1094
vt 0.9219 0.1094
vt 0.9219 0.1094
vt 0.9141 0.1094
vt 0.9219 0.1172
vt 0.9141 0.1094
vt 0.9219 0.125
vt 0.9219 0.1172
vt 0.8984 0.1719
vt 0.9219 0.1563
vt 0.8984 0.1563
vt 0.8984 0.1563
vt 0.9219 0.1563
vt 0.8984 0.1328
vt 0.9219 0.1563
vt 0.9219 0.1406
vt 0.8984 0.1328
vt 0.8984 0.1328
vt 0.9219 0.1406
vt 0.9219 0.125
vt 0.9219 0.1406
vt 0.9375 0.125
vt 0.9219 0.125
vt 0.9219 0.125
vt 0.9375 0.125
vt 0.9219 0.1172
vt 0.9375 0.125
vt 0.9375 0.1172
vt 0.9219 0.1172
vt 0.9219 0.1172
vt 0.9375 0.1172
vt 0.9297 0.1172
vt 0.9375 0.1172
vt 0.9297 0.1172
vt 0.9297 0.1172
vt 0.9297 0.1172
vt 0.9297 0.1172
vt 0.9297 0.1094
vt 0.9297 0.1094
vt 0.9297 0.1016
vt 0.9297 0.1016
vt 0.9297 0.1016
vt 0.9297 0.1016
vt 0.9297 0.1094
vt 0.9297 0.1016
vt 0.9219 0.1016
vt 0.9297 0.1094
vt 0.9297 0.1094
vt 0.9219 0.1016
vt 0.9141 0.1094
vt 0.9219 0.1016
vt 0.9141 0.1172
vt 0.9141 0.1094
vt 0.9141 0.1094
vt 0.9141 0.1172
vt 0.9219 0.125
vt 0.9219 0.125
vt 0.9141 0.1172
vt 0.8984 0.1328
vt 0.9141 0.1172
vt 0.8828 0.1328
vt 0.8984 0.1328
vt 0.8984 0.1328
vt 0.8828 0.1328
vt 0.8984 0.1563
vt 0.8828 0.1328
vt 0.875 0.1563
vt 0.8984 0.1563
vt 0.8828 0.1328
vt 0.8594 0.1484
vt 0.875 0.1563
vt 0.8203 0.1797
vt 0.8594 0.1484
vt 0.8203 0.1484
vt 0.8984 0.1563
vt 0.875 0.1563
vt 0.875 0.1719
vt 0.875 0.1563
vt 0.8594 0.1484
vt 0.875 0.1719
vt 0.875 0.1719
vt 0.8594 0.1484
vt 0.8594 0.1797
vt 0.8594 0.1484
vt 0.8203 0.1797
vt 0.8594 0.1797
vt 0.8594 0.1797
vt 0.8203 0.1797
vt 0.8281 0.2031
vt 0.8281 0.2031
vt 0.8203 0.1797
vt 0.7734 0.2031
vt 0.7734 0.2031
vt 0.8203 0.1797
vt 0.7656 0.1797
vt 0.8203 0.1797
vt 0.8203 0.1484
vt 0.7656 0.1797
vt 0.7656 0.1797
vt 0.8203 0.1484
vt 0.7656 0.1484
vt 0.7656 0.1484
vt 0.8203 0.1484
vt 0.7734 0.1172
vt 0.7734 0.1172
vt 0.8203 0.1484
vt 0.8281 0.125
vt 0.8203 0.1484
vt 0.8594 0.1484
vt 0.8281 0.125
vt 0.8281 0.125
vt 0.8594 0.1484
vt 0.8672 0.125
vt 0.8594 0.1484
vt 0.8828 0.1328
vt 0.8672 0.125
vt 0.8672 0.125
vt 0.8828 0.1328
vt 0.875 0.1016
vt 0.8828 0.1328
vt 0.8906 0.1094
vt 0.875 0.1016
vt 0.875 0.1016
vt 0.8906 0.1094
vt 0.8906 0.0703
vt 0.8906 0.0703
vt 0.8906 0.1094
vt 0.9063 0.0781
vt 0.8906 0.1094
vt 0.9141 0.1016
vt 0.9063 0.0781
vt 0.9063 0.0781
vt 0.9141 0.1016
vt 0.9297 0.0938
vt 0.8906 0.0703
vt 0.8516 0.0547
vt 0.875 0.1016
vt 0.8516 0.0547
vt 0.8359 0.0938
vt 0.875 0.1016
vt 0.8359 0.0938
vt 0.8281 0.125
vt 0.875 0.1016
vt 0.875 0.1016
vt 0.8281 0.125
vt 0.8672 0.125
vt 0.8828 0.1328
vt 0.9141 0.1172
vt 0.8906 0.1094
vt 0.8906 0.1094
vt 0.9141 0.1172
vt 0.9141 0.1016
vt 0.9141 0.1172
vt 0.9219 0.1016
vt 0.9141 0.1016
vt 0.9141 0.1016
vt 0.9219 0.1016
vt 0.9297 0.0938
vt 0.9219 0.1016
vt 0.9297 0.1016
vt 0.9297 0.0938
vt 0.9297 0.0938
vt 0.9297 0.1016
vt 0.9375 0.1016
vt 0.9297 0.1016
vt 0.9297 0.1094
vt 0.9375 0.1016
vt 0.9375 0.1016
vt 0.9297 0.1094
vt 0.9375 0.1094
vt 0.9297 0.1094
vt 0.9297 0.1094
vt 0.9375 0.1094
vt 0.9297 0.1172
vt 0.9297 0.1172
vt 0.9297 0.1094
vt 0.9297 0.1094
vt 0.9297 0.1172
vt 0.9297 0.1094
vt 0.9297 0.1172
vt 0.9375 0.1094
vt 0.9297 0.1094
vt 0.9297 0.1094
vt 0.9375 0.1094
vt 0.9297 0.1094
vt 0.9375 0.1094
vt 0.9375 0.1094
vt 0.9297 0.1094
vt 0.9297 0.1094
vt 0.9375 0.1094
vt 0.9375 0.1094
vt 0.9375 0.1094
vt 0.9297 0.1094
vt 0.9375 0.1094
vt 0.9375 0.1094
vt 0.9297 0.1094
vt 0.9297 0.1016
vt 0.9297 0.1094
vt 0.9297 0.1094
vt 0.9297 0.1016
vt 0.9297 0.1016
vt 0.9297 0.1094
vt 0.9297 0.1016
vt 0.9141 0.1016
vt 0.9297 0.0938
vt 0.9297 0.0938
vt 0.9297 0.0938
vt 0.9297 0.0938
vt 0.9375 0.1016
vt 0.9297 0.0938
vt 0.9375 0.1016
vt 0.9375 0.1016
vt 0.9375 0.1016
vt 0.9375 0.1016
vt 0.9375 0.1094
vt 0.9375 0.1016
vt 0.9375 0.1094
vt 0.9375 0.1094
vt 0.9375 0.1094
vt 0.9375 0.1094
vt 0.9375 0.1094
vt 0.9375 0.1094
vt 0.9375 0.1094
vt 0.9375 0.1094
vt 0.9375 0.1094
vt 0.9297 0.1172
vt 0.9375 0.1094
vt 0.9297 0.1172
vt 0.9297 0.1172
vt 0.9375 0.1094
vt 0.9375 0.1094
vt 0.9297 0.1172
vt 0.9375 0.1172
vt 0.9297 0.0938
vt 0.9375 0.1016
vt 0.9375 0.1016
vt 0.9375 0.1016
vt 0.9375 0.1016
vt 0.9453 0.1094
vt 0.9375 0.1016
vt 0.9375 0.1094
vt 0.9453 0.1094
vt 0.9375 0.1094
vt 0.9375 0.1094
vt 0.9453 0.1094
vt 0.9375 0.1094
vt 0.9375 0.1172
vt 0.9453 0.1094
vt 0.9453 0.1094
vt 0.9375 0.1172
vt 0.9531 0.1094
vt 0.9375 0.1172
vt 0.9453 0.1172
vt 0.9531 0.1094
vt 0.9531 0.1094
vt 0.9453 0.1172
vt 0.9609 0.125
vt 0.9453 0.1172
vt 0.9453 0.1328
vt 0.9609 0.125
vt 0.9609 0.125
vt 0.9453 0.1328
vt 0.9531 0.1406
vt 0.9375 0.1016
vt 0.9453 0.1094
vt 0.9531 0.1094
vt 0.9453 0.1797
vt 0.9531 0.1875
vt 0.9609 0.1719
vt 0.9609 0.1719
vt 0.9531 0.1875
vt 0.9688 0.1719
vt 0.9688 0.1719
vt 0.9531 0.1875
vt 0.9609 0.1875
vt 0.9531 0.1875
vt 0.9453 0.1953
vt 0.9609 0.1875
vt 0.9609 0.1875
vt 0.9453 0.1953
vt 0.9609 0.2031
vt 0.9453 0.1953
vt 0.9375 0.2031
vt 0.9609 0.2031
vt 0.9609 0.2031
vt 0.9375 0.2031
vt 0.9453 0.2188
vt 0.9375 0.2031
vt 0.9297 0.2031
vt 0.9453 0.2188
vt 0.9453 0.2188
vt 0.9297 0.2031
vt 0.9375 0.2266
vt 0.9297 0.2031
vt 0.9141 0.2344
vt 0.9375 0.2266
vt 0.9219 0.1719
vt 0.8984 0.1953
vt 0.9219 0.1953
vt 0.9219 0.1953
vt 0.8984 0.1953
vt 0.8984 0.2109
vt 0.8984 0.1953
vt 0.8828 0.1953
vt 0.8984 0.2109
vt 0.8984 0.2109
vt 0.8828 0.1953
vt 0.8828 0.2109
vt 0.8828 0.1953
vt 0.8672 0.2188
vt 0.8828 0.2109
vt 0.8672 0.2188
vt 0.8906 0.2422
vt 0.8828 0.2109
vt 0.8828 0.2109
vt 0.8906 0.2422
vt 0.8984 0.2109
vt 0.8906 0.2422
vt 0.9141 0.2344
vt 0.8984 0.2109
vt 0.9141 0.2344
vt 0.9297 0.2031
vt 0.8984 0.2109
vt 0.8984 0.2109
vt 0.9297 0.2031
vt 0.9219 0.1953
vt 0.3828 0.375
vt 0.3828 0.375
vt 0.3984 0.3828
vt 0.3828 0.375
vt 0.3828 0.375
vt 0.3906 0.3672
vt 0.3828 0.375
vt 0.3906 0.3906
vt 0.3906 0.3672
vt 0.3906 0.3672
vt 0.3906 0.3906
vt 0.4063 0.3906
vt 0.3906 0.3906
vt 0.4063 0.3984
vt 0.4063 0.3906
vt 0.4063 0.3906
vt 0.4063 0.3984
vt 0.4141 0.3984
vt 0.4063 0.3984
vt 0.4375 0.4063
vt 0.4141 0.3984
vt 0.4141 0.3984
vt 0.4141 0.3984
vt 0.4063 0.3906
vt 0.4922 0.3984
vt 0.4688 0.3984
vt 0.4922 0.3984
vt 0.4688 0.3984
vt 0.4688 0.3984
vt 0.4922 0.3984
vt 0.4922 0.3984
vt 0.4688 0.3984
vt 0.4922 0.3984
vt 0.4922 0.3984
vt 0.4688 0.3984
vt 0.4688 0.4063
vt 0.4688 0.4063
vt 0.4688 0.3984
vt 0.4375 0.4063
vt 0.4375 0.4063
vt 0.4688 0.3984
vt 0.4453 0.4063
vt 0.4688 0.3984
vt 0.4688 0.3984
vt 0.4453 0.4063
vt 0.0469 0.9141
vt 0.0547 0.9141
vt 0.0469 0.9141
vt 0.0547 0.9141
vt 0.0547 0.8906
vt 0.0469 0.9141
vt 0.0469 0.9141
vt 0.0547 0.8906
vt 0.0469 0.9063
vt 0.4922 0.4141
vt 0.4922 0.4063
vt 0.4688 0.4219
vt 0.4688 0.4219
vt 0.4922 0.4063
vt 0.4688 0.4141
vt 0.4922 0.4063
vt 0.4922 0.3984
vt 0.4688 0.4141
vt 0.4922 0.3984
vt 0.4688 0.4063
vt 0.4688 0.4141
vt 0.4688 0.4141
vt 0.4688 0.4063
vt 0.4375 0.4141
vt 0.4688 0.4063
vt 0.4375 0.4063
vt 0.4375 0.4141
vt 0.4375 0.4063
vt 0.4063 0.4063
vt 0.4375 0.4141
vt 0.4375 0.4141
vt 0.4063 0.4063
vt 0.4063 0.4141
vt 0.4063 0.4141
vt 0.4063 0.4063
vt 0.3828 0.3906
vt 0.3828 0.3906
vt 0.4063 0.4063
vt 0.3906 0.3906
vt 0.4063 0.4063
vt 0.4063 0.3984
vt 0.3906 0.3906
vt 0.4063 0.3984
vt 0.3906 0.3906
vt 0.3906 0.3906
vt 0.3906 0.3906
vt 0.3906 0.3906
vt 0.3828 0.375
vt 0.4063 0.4063
vt 0.4375 0.4063
vt 0.4063 0.3984
vt 0.4063 0.4141
vt 0.4375 0.4219
vt 0.4375 0.4141
vt 0.4375 0.4141
vt 0.4375 0.4219
vt 0.4688 0.4141
vt 0.4375 0.4219
vt 0.4688 0.4219
vt 0.4688 0.4141
vt 0.4141 0.3906
vt 0.3984 0.3828
vt 0.3984 0.3828
vt 0.3984 0.3828
vt 0.3984 0.3828
vt 0.3828 0.375
vt 0.4688 0.3828
vt 0.4453 0.3906
vt 0.4453 0.3984
vt 0.4453 0.3984
vt 0.4453 0.3906
vt 0.4141 0.3906
vt 0.4453 0.3906
vt 0.4141 0.3906
vt 0.4141 0.3906
vt 0.4453 0.3906
vt 0.4688 0.3828
vt 0.4688 0.3828
vt 0.4453 0.3672
vt 0.4453 0.375
vt 0.4688 0.375
vt 0.4688 0.375
vt 0.4453 0.375
vt 0.4688 0.3828
vt 0.4453 0.375
vt 0.4453 0.3906
vt 0.4688 0.3828
vt 0.4688 0.3828
vt 0.4453 0.3906
vt 0.4453 0.3906
vt 0.4453 0.3906
vt 0.4141 0.3828
vt 0.4453 0.3906
vt 0.4453 0.3906
vt 0.4141 0.3828
vt 0.4141 0.3906
vt 0.4141 0.3438
vt 0.3906 0.3047
vt 0.3828 0.3359
vt 0.3906 0.3047
vt 0.3516 0.3281
vt 0.3828 0.3359
vt 0.3516 0.3281
vt 0.3828 0.3516
vt 0.3828 0.3359
vt 0.3828 0.3359
vt 0.3828 0.3516
vt 0.4141 0.3438
vt 0.3828 0.3516
vt 0.4063 0.3516
vt 0.4141 0.3438
vt 0.4141 0.3438
vt 0.4063 0.3516
vt 0.4219 0.3516
vt 0.4219 0.3516
vt 0.4063 0.3516
vt 0.4297 0.3594
vt 0.4297 0.3594
vt 0.4063 0.3516
vt 0.4219 0.3672
vt 0.4219 0.3672
vt 0.4063 0.3516
vt 0.3984 0.3672
vt 0.4063 0.3516
vt 0.3828 0.3516
vt 0.3984 0.3672
vt 0.3828 0.3516
vt 0.3828 0.3672
vt 0.3984 0.3672
vt 0.3984 0.3672
vt 0.3828 0.3672
vt 0.3828 0.3672
vt 0.3828 0.3672
vt 0.375 0.375
vt 0.3828 0.3672
vt 0.3984 0.3672
vt 0.3828 0.3672
vt 0.3984 0.375
vt 0.3828 0.3672
vt 0.3828 0.3672
vt 0.3984 0.375
vt 0.3984 0.375
vt 0.3828 0.3672
vt 0.3984 0.3828
vt 0.3828 0.375
vt 0.375 0.375
vt 0.3906 0.3906
vt 0.3516 0.3281
vt 0.3438 0.3594
vt 0.3828 0.3516
vt 0.3828 0.3516
vt 0.3438 0.3594
vt 0.3281 0.3828
vt 0.375 0.375
vt 0.3828 0.3672
vt 0.375 0.3672
vt 0.3828 0.3672
vt 0.3828 0.3516
vt 0.375 0.3672
vt 0.375 0.3672
vt 0.3828 0.3516
vt 0.3672 0.3672
vt 0.3828 0.3516
vt 0.3281 0.3828
vt 0.3672 0.3672
vt 0.3281 0.3828
vt 0.3594 0.3828
vt 0.3672 0.3672
vt 0.3672 0.3672
vt 0.3594 0.3828
vt 0.375 0.3672
vt 0.375 0.3672
vt 0.3594 0.3828
vt 0.3828 0.4063
vt 0.3828 0.4063
vt 0.3594 0.3828
vt 0.375 0.4219
vt 0.3594 0.3828
vt 0.3516 0.3906
vt 0.375 0.4219
vt 0.3828 0.4063
vt 0.375 0.4219
vt 0.3984 0.4297
vt 0.4375 0.4219
vt 0.4063 0.4141
vt 0.4297 0.4375
vt 0.4297 0.4375
vt 0.4063 0.4141
vt 0.3984 0.4297
vt 0.4063 0.4141
vt 0.3828 0.3906
vt 0.3984 0.4297
vt 0.3984 0.4297
vt 0.3828 0.3906
vt 0.3828 0.4063
vt 0.3828 0.3906
vt 0.375 0.3672
vt 0.3828 0.4063
vt 0.4375 0.4219
vt 0.4297 0.4375
vt 0.4688 0.4219
vt 0.4297 0.4375
vt 0.4609 0.4375
vt 0.4688 0.4219
vt 0.4609 0.4375
vt 0.4922 0.4375
vt 0.4688 0.4219
vt 0.4688 0.4219
vt 0.4922 0.4375
vt 0.4922 0.4141
vt 0.7969 0.9375
vt 0.7969 0.9375
vt 0.7969 0.9375
vt 0.7969 0.9375
vt 0.7969 0.9375
vt 0.7969 0.9375
vt 0.7969 0.9375
vt 0.7969 0.9375
vt 0.7969 0.9375
vt 0.7969 0.9375
vt 0.7969 0.9375
vt 0.7969 0.9375
vt 0.7969 0.9375
vt 0.7969 0.9375
vt 0.7969 0.9375
vt 0.7969 0.9375
vt 0.7969 0.9375
vt 0.7969 0.9375
vt 0.7969 0.9375
vt 0.7969 0.9375
vt 0.7969 0.9375
vt 0.7969 0.9375
vt 0.7969 0.9375
vt 0.7969 0.9375
vt 0.7969 0.9375
vt 0.7969 0.9375
vt 0.7969 0.9375
vt 0.7969 0.9375
vt 0.7969 0.9375
vt 0.7969 0.9375
vt 0.7969 0.9375
vt 0.7969 0.9375
vt 0.7969 0.9375
vt 0.4063 0.2578
vt 0.3906 0.3047
vt 0.4375 0.2578
vt 0.3906 0.3047
vt 0.4297 0.2969
vt 0.4375 0.2578
vt 0.4297 0.2969
vt 0.4375 0.2813
vt 0.4375 0.2578
vt 0.4375 0.2578
vt 0.4375 0.2813
vt 0.4688 0.2422
vt 0.7969 0.9375
vt 0.7969 0.9375
vt 0.7969 0.9375
vt 0.0703 0.8828
vt 0.0781 0.8906
vt 0.0781 0.8906
vt 0.0781 0.8906
vt 0.0781 0.8906
vt 0.0781 0.8906
vt 0.0703 0.8828
vt 0.0703 0.8906
vt 0.0703 0.8828
vt 0.0703 0.8906
vt 0.0625 0.8906
vt 0.0703 0.8828
vt 0.0703 0.8828
vt 0.0625 0.8906
vt 0.0625 0.8828
vt 0.0625 0.8828
vt 0.0625 0.8906
vt 0.0625 0.8906
vt 0.0625 0.8906
vt 0.0625 0.8906
vt 0.0625 0.8906
vt 0.0625 0.8906
vt 0.0625 0.8906
vt 0.0547 0.8906
vt 0.0078 0.8125
vt 0.0078 0.8203
vt 0.0156 0.8125
vt 0.0156 0.8125
vt 0.0078 0.8203
vt 0.0156 0.8203
vt 0.0391 0.8125
vt 0.0469 0.8203
vt 0.0469 0.8125
vt 0.0469 0.8125
vt 0.0469 0.8203
vt 0.0547 0.8125
vt 0.0469 0.8203
vt 0.0547 0.8203
vt 0.0547 0.8125
vt 0.4922 0.5078
vt 0.4609 0.5078
vt 0.4922 0.5469
vt 0.4922 0.5469
vt 0.4609 0.5078
vt 0.4609 0.5469
vt 0.4609 0.5469
vt 0.4609 0.5078
vt 0.4141 0.5391
vt 0.4609 0.5078
vt 0.4219 0.5
vt 0.4141 0.5391
vt 0.0313 0.8047
vt 0.0234 0.8125
vt 0.0313 0.8125
vt 0.0547 0.8203
vt 0.0469 0.8281
vt 0.0547 0.8203
vt 0.0547 0.8203
vt 0.0469 0.8281
vt 0.0391 0.8203
vt 0.0469 0.8281
vt 0.0391 0.8281
vt 0.0391 0.8203
vt 0.0391 0.8203
vt 0.0391 0.8281
vt 0.0313 0.8203
vt 0.0391 0.8281
vt 0.0313 0.8281
vt 0.0313 0.8203
vt 0.0313 0.8203
vt 0.0313 0.8281
vt 0.0234 0.8203
vt 0.0313 0.8281
vt 0.0234 0.8281
vt 0.0234 0.8203
vt 0.0234 0.8203
vt 0.0234 0.8281
vt 0.0078 0.8203
vt 0.0234 0.8281
vt 0.0156 0.8281
vt 0.0078 0.8203
vt 0.0625 0.8828
vt 0.0625 0.8906
vt 0.0547 0.8906
vt 0.0625 0.8906
vt 0.0547 0.8906
vt 0.0547 0.8906
vt 0.0703 0.8828
vt 0.0703 0.8828
vt 0.0703 0.8984
vt 0.0703 0.8984
vt 0.0703 0.8828
vt 0.0625 0.8984
vt 0.0703 0.8828
vt 0.0625 0.8828
vt 0.0625 0.8984
vt 0.0781 0.8906
vt 0.0781 0.8906
vt 0.0781 0.8906
vt 0.0781 0.8906
vt 0.0781 0.8906
vt 0.0703 0.8984
vt 0.0781 0.8906
vt 0.0703 0.8828
vt 0.0703 0.8984
vt 0.4063 0.2578
vt 0.4375 0.2578
vt 0.4531 0.2109
vt 0.4375 0.2578
vt 0.4688 0.2422
vt 0.4531 0.2109
vt 0.0938 0.9063
vt 0.0859 0.8906
vt 0.0859 0.9141
vt 0.0859 0.8906
vt 0.0859 0.8906
vt 0.0859 0.9141
vt 0.0859 0.9141
vt 0.0859 0.8906
vt 0.0859 0.9141
vt 0.8047 0.5469
vt 0.75 0.5469
vt 0.75 0.5547
vt 0.75 0.5547
vt 0.75 0.5469
vt 0.6953 0.5391
vt 0.75 0.5469
vt 0.6953 0.5313
vt 0.6953 0.5391
vt 0.1875 0.3203
vt 0.2188 0.2813
vt 0.2109 0.2734
vt 0.2109 0.2734
vt 0.2188 0.2813
vt 0.2344 0.2422
vt 0.2344 0.2422
vt 0.2188 0.2813
vt 0.25 0.2422
vt 0.25 0.2422
vt 0.2188 0.2813
vt 0.2344 0.2891
vt 0.2344 0.2891
vt 0.2188 0.2813
vt 0.1953 0.3203
vt 0.2188 0.2813
vt 0.1875 0.3203
vt 0.1953 0.3203
vt 0.1953 0.3203
vt 0.1875 0.3203
vt 0.1719 0.3672
vt 0.2813 0.5391
vt 0.3203 0.5547
vt 0.3281 0.5234
vt 0.3203 0.5547
vt 0.3672 0.5313
vt 0.3281 0.5234
vt 0.75 0.5703
vt 0.7109 0.6016
vt 0.75 0.5938
vt 0.2266 0.5703
vt 0.2266 0.5938
vt 0.2734 0.5703
vt 0.2734 0.5703
vt 0.2266 0.5938
vt 0.2734 0.6016
vt 0.6172 0.6641
vt 0.6641 0.6563
vt 0.6172 0.6406
vt 0.6172 0.6406
vt 0.6641 0.6563
vt 0.6641 0.625
vt 0.6641 0.6563
vt 0.7109 0.6406
vt 0.6641 0.625
vt 0.6641 0.625
vt 0.7109 0.6406
vt 0.7109 0.6172
vt 0.75 0.5938
vt 0.7109 0.6016
vt 0.7109 0.6172
vt 0.7109 0.6172
vt 0.7109 0.6016
vt 0.6641 0.625
vt 0.7109 0.6016
vt 0.6563 0.6094
vt 0.6641 0.625
vt 0.6641 0.625
vt 0.6563 0.6094
vt 0.6172 0.6406
vt 0.4141 0.6641
vt 0.3594 0.6406
vt 0.3594 0.6641
vt 0.3594 0.6641
vt 0.3594 0.6406
vt 0.3125 0.6563
vt 0.3594 0.6406
vt 0.3125 0.625
vt 0.3125 0.6563
vt 0.3125 0.6563
vt 0.3125 0.625
vt 0.2734 0.6406
vt 0.3125 0.625
vt 0.2656 0.6172
vt 0.2734 0.6406
vt 0.3125 0.625
vt 0.3203 0.6094
vt 0.2656 0.6172
vt 0.3203 0.6094
vt 0.2734 0.6016
vt 0.2656 0.6172
vt 0.2656 0.6172
vt 0.2734 0.6016
vt 0.2266 0.6094
vt 0.2734 0.6016
vt 0.2266 0.5938
vt 0.2266 0.6094
vt 0.5625 0.6641
vt 0.5234 0.6719
vt 0.5234 0.6953
vt 0.5234 0.6953
vt 0.5234 0.6719
vt 0.4922 0.6953
vt 0.5234 0.6719
vt 0.4922 0.6719
vt 0.4922 0.6953
vt 0.4922 0.6953
vt 0.4922 0.6719
vt 0.4609 0.6953
vt 0.4922 0.6719
vt 0.4609 0.6719
vt 0.4609 0.6953
vt 0.2578 0.3594
vt 0.2656 0.3125
vt 0.2422 0.3438
vt 0.0625 0.4766
vt 0.0938 0.4766
vt 0.0547 0.4453
vt 0.0547 0.4453
vt 0.0938 0.4766
vt 0.0859 0.4453
vt 0.6172 0.5313
vt 0.5625 0.5
vt 0.5625 0.5391
vt 0.5625 0.5
vt 0.5234 0.5078
vt 0.5625 0.5391
vt 0.5625 0.5391
vt 0.5234 0.5078
vt 0.5234 0.5469
vt 0.5234 0.5469
vt 0.5234 0.5078
vt 0.4922 0.5078
vt 0.5234 0.5469
vt 0.4922 0.5078
vt 0.4922 0.5469
vt 0.6172 0.5313
vt 0.6016 0.4922
vt 0.5625 0.5
vt 0.6484 0.5234
vt 0.6016 0.4922
vt 0.6172 0.5313
vt 0.4219 0.5
vt 0.375 0.4922
vt 0.4141 0.5391
vt 0.4141 0.5391
vt 0.375 0.4922
vt 0.3672 0.5313
vt 0.375 0.4922
vt 0.3281 0.5234
vt 0.3672 0.5313
vt 0.7578 0.2891
vt 0.7344 0.25
vt 0.7266 0.2578
vt 0.0703 0.5234
vt 0.125 0.5547
vt 0.1094 0.5234
vt 0.1094 0.5234
vt 0.125 0.5547
vt 0.1406 0.5156
vt 0.125 0.5547
vt 0.1719 0.5547
vt 0.1406 0.5156
vt 0.1406 0.5156
vt 0.1719 0.5547
vt 0.1719 0.5469
vt 0.6016 0.4297
vt 0.5781 0.4297
vt 0.5859 0.4453
vt 0.5859 0.4453
vt 0.5781 0.4297
vt 0.5547 0.4609
vt 0.5781 0.4297
vt 0.5469 0.4375
vt 0.5547 0.4609
vt 0.6406 0.3594
vt 0.6172 0.3594
vt 0.6484 0.375
vt 0.6016 0.3594
vt 0.6094 0.3828
vt 0.6016 0.3516
vt 0.6016 0.3516
vt 0.6094 0.3828
vt 0.6172 0.3594
vt 0.6953 0.5391
vt 0.6484 0.5234
vt 0.6563 0.5547
vt 0.6484 0.5234
vt 0.6172 0.5313
vt 0.6563 0.5547
vt 0.079263 0.730815
vt 0.087063 0.754215
vt 0.1172 0.7422
vt 0.375 0.375
vt 0.3828 0.3906
vt 0.375 0.375
vt 0.375 0.375
vt 0.3828 0.3906
vt 0.3906 0.3906
vt 0.6172 0.6641
vt 0.6172 0.6406
vt 0.5625 0.6875
vt 0.6172 0.6406
vt 0.5625 0.6641
vt 0.5625 0.6875
vt 0.5625 0.6875
vt 0.5625 0.6641
vt 0.5234 0.6953
vt 0.4609 0.6953
vt 0.4609 0.6719
vt 0.4141 0.6875
vt 0.4609 0.6719
vt 0.4141 0.6641
vt 0.4141 0.6875
vt 0.4141 0.6875
vt 0.4141 0.6641
vt 0.3594 0.6641
vt 0.6016 0.375
vt 0.5938 0.375
vt 0.5781 0.3906
vt 0.4219 0.3203
vt 0.4219 0.3516
vt 0.4531 0.3203
vt 0.4219 0.3516
vt 0.4453 0.3672
vt 0.4531 0.3203
vt 0.4453 0.3672
vt 0.4688 0.3594
vt 0.4531 0.3203
vt 0.4688 0.3594
vt 0.4844 0.3516
vt 0.4531 0.3203
vt 0.4844 0.3516
vt 0.4844 0.3438
vt 0.4531 0.3203
vt 0.4844 0.3438
vt 0.4922 0.3203
vt 0.4531 0.3203
vt 0.4922 0.3203
vt 0.4922 0.2969
vt 0.4531 0.3203
vt 0.4922 0.2969
vt 0.4844 0.2813
vt 0.4531 0.3203
vt 0.4844 0.2813
vt 0.4688 0.2734
vt 0.4531 0.3203
vt 0.4688 0.2734
vt 0.4375 0.2813
vt 0.4531 0.3203
vt 0.4375 0.2813
vt 0.4297 0.2969
vt 0.4531 0.3203
vt 0.4531 0.3203
vt 0.4297 0.2969
vt 0.4219 0.3203
vt 0.9375 0.9219
vt 0.9219 0.9141
vt 0.9375 0.9141
vt 0.9375 0.9375
vt 0.9375 0.9219
vt 0.9453 0.9375
vt 0.9453 0.9375
vt 0.9375 0.9219
vt 0.9453 0.9219
vt 0.9375 0.9219
vt 0.9375 0.9141
vt 0.9453 0.9219
vt 0.9453 0.9219
vt 0.9375 0.9141
vt 0.9453 0.9141
vt 0.9375 0.9141
vt 0.9375 0.8984
vt 0.9453 0.9141
vt 0.9453 0.9141
vt 0.9375 0.8984
vt 0.9453 0.8984
vt 0.9453 0.8984
vt 0.9375 0.8984
vt 0.9375 0.8828
vt 0.9375 0.8984
vt 0.9219 0.8828
vt 0.9375 0.8828
vt 0.9375 0.8828
vt 0.9219 0.8828
vt 0.9219 0.875
vt 0.9219 0.875
vt 0.9219 0.8828
vt 0.9141 0.875
vt 0.9219 0.8828
vt 0.9141 0.8828
vt 0.9141 0.875
vt 0.9141 0.875
vt 0.9141 0.8828
vt 0.9063 0.875
vt 0.9375 0.9141
vt 0.9219 0.8984
vt 0.9375 0.8984
vt 0.9375 0.8984
vt 0.9219 0.8984
vt 0.9219 0.8828
vt 0.9219 0.8984
vt 0.9141 0.8828
vt 0.9219 0.8828
vt 0.9375 0.9141
vt 0.9219 0.9141
vt 0.9219 0.8984
vt 0.9219 0.9141
vt 0.9141 0.8984
vt 0.9219 0.8984
vt 0.9219 0.8984
vt 0.9141 0.8984
vt 0.9141 0.8828
vt 0.9141 0.8984
vt 0.9063 0.8828
vt 0.9141 0.8828
vt 0.9141 0.8828
vt 0.9063 0.8828
vt 0.9063 0.875
vt 0.9063 0.8828
vt 0.8984 0.875
vt 0.9063 0.875
vt 0.8984 0.875
vt 0.9063 0.8594
vt 0.9063 0.875
vt 0.9063 0.875
vt 0.9063 0.8594
vt 0.9141 0.875
vt 0.9063 0.8594
vt 0.9219 0.8594
vt 0.9141 0.875
vt 0.9141 0.875
vt 0.9219 0.8594
vt 0.9219 0.875
vt 0.8984 0.8984
vt 0.8906 0.8828
vt 0.8984 0.8828
vt 0.8906 0.8828
vt 0.8984 0.875
vt 0.8984 0.8828
vt 0.8984 0.875
vt 0.9063 0.8828
vt 0.8984 0.8828
vt 0.8984 0.8828
vt 0.9063 0.8828
vt 0.9063 0.8984
vt 0.9063 0.8828
vt 0.9141 0.8984
vt 0.9063 0.8984
vt 0.9063 0.8984
vt 0.9141 0.8984
vt 0.9141 0.9141
vt 0.9141 0.8984
vt 0.9219 0.9141
vt 0.9141 0.9141
vt 0.9141 0.9141
vt 0.9219 0.9141
vt 0.9219 0.9219
vt 0.9219 0.9141
vt 0.9375 0.9219
vt 0.9219 0.9219
vt 0.9219 0.9219
vt 0.9375 0.9219
vt 0.9375 0.9375
vt 0.9141 0.9141
vt 0.9063 0.9141
vt 0.9063 0.8984
vt 0.9063 0.9141
vt 0.8984 0.8984
vt 0.9063 0.8984
vt 0.9063 0.8984
vt 0.8984 0.8984
vt 0.8984 0.8828
vt 0.9063 0.9141
vt 0.8984 0.9141
vt 0.8984 0.8984
vt 0.8984 0.9219
vt 0.8984 0.9141
vt 0.9063 0.9219
vt 0.8984 0.9141
vt 0.9063 0.9141
vt 0.9063 0.9219
vt 0.9063 0.9219
vt 0.9063 0.9141
vt 0.9141 0.9219
vt 0.9063 0.9141
vt 0.9141 0.9141
vt 0.9141 0.9219
vt 0.9141 0.9219
vt 0.9141 0.9141
vt 0.9219 0.9219
vt 0.8984 0.9375
vt 0.8984 0.9219
vt 0.9063 0.9375
vt 0.8984 0.9219
vt 0.9063 0.9219
vt 0.9063 0.9375
vt 0.9063 0.9375
vt 0.9063 0.9219
vt 0.9141 0.9375
vt 0.9063 0.9219
vt 0.9141 0.9219
vt 0.9141 0.9375
vt 0.9141 0.9375
vt 0.9141 0.9219
vt 0.9219 0.9375
vt 0.9141 0.9219
vt 0.9219 0.9219
vt 0.9219 0.9375
vt 0.9219 0.9375
vt 0.9219 0.9219
vt 0.9375 0.9375
vt 0.9453 0.9219
vt 0.9531 0.9375
vt 0.9453 0.9375
vt 0.9531 0.9375
vt 0.9453 0.9531
vt 0.9453 0.9375
vt 0.9453 0.9375
vt 0.9453 0.9531
vt 0.9375 0.9375
vt 0.9453 0.9531
vt 0.9375 0.9531
vt 0.9375 0.9375
vt 0.9375 0.9375
vt 0.9375 0.9531
vt 0.9219 0.9375
vt 0.9375 0.9531
vt 0.9219 0.9531
vt 0.9219 0.9375
vt 0.9219 0.9375
vt 0.9219 0.9531
vt 0.9141 0.9375
vt 0.9219 0.9531
vt 0.9141 0.9531
vt 0.9141 0.9375
vt 0.9141 0.9375
vt 0.9141 0.9531
vt 0.9063 0.9375
vt 0.9141 0.9531
vt 0.9063 0.9531
vt 0.9063 0.9375
vt 0.9063 0.9531
vt 0.9141 0.9531
vt 0.9219 0.9609
vt 0.9141 0.9531
vt 0.9219 0.9531
vt 0.9219 0.9609
vt 0.9219 0.9609
vt 0.9219 0.9531
vt 0.9375 0.9609
vt 0.9219 0.9531
vt 0.9375 0.9531
vt 0.9375 0.9609
vt 0.9063 0.9375
vt 0.9063 0.9531
vt 0.8984 0.9375
vt 0.9063 0.9531
vt 0.8984 0.9531
vt 0.8984 0.9375
vt 0.8984 0.9531
vt 0.8906 0.9375
vt 0.8984 0.9375
vt 0.8906 0.9375
vt 0.8906 0.9219
vt 0.8984 0.9375
vt 0.8984 0.9375
vt 0.8906 0.9219
vt 0.8984 0.9219
vt 0.8906 0.9219
vt 0.8906 0.9141
vt 0.8984 0.9219
vt 0.8984 0.9219
vt 0.8906 0.9141
vt 0.8984 0.9141
vt 0.8906 0.9141
vt 0.8906 0.8984
vt 0.8984 0.9141
vt 0.8984 0.9141
vt 0.8906 0.8984
vt 0.8984 0.8984
vt 0.8906 0.8984
vt 0.8906 0.8828
vt 0.8984 0.8984
vt 0.9219 0.8594
vt 0.9375 0.875
vt 0.9219 0.875
vt 0.9219 0.875
vt 0.9375 0.875
vt 0.9375 0.8828
vt 0.9375 0.875
vt 0.9453 0.8828
vt 0.9375 0.8828
vt 0.9375 0.8828
vt 0.9453 0.8828
vt 0.9453 0.8984
vt 0.9453 0.8828
vt 0.9531 0.8984
vt 0.9453 0.8984
vt 0.9531 0.8984
vt 0.9531 0.9141
vt 0.9453 0.8984
vt 0.9453 0.8984
vt 0.9531 0.9141
vt 0.9453 0.9141
vt 0.9531 0.9141
vt 0.9531 0.9219
vt 0.9453 0.9141
vt 0.9453 0.9141
vt 0.9531 0.9219
vt 0.9453 0.9219
vt 0.9531 0.9219
vt 0.9531 0.9375
vt 0.9453 0.9219
vt 0.9375 0.875
vt 0.9453 0.875
vt 0.9453 0.8828
vt 0.9453 0.875
vt 0.9531 0.8828
vt 0.9453 0.8828
vt 0.9453 0.8828
vt 0.9531 0.8828
vt 0.9531 0.8984
vt 0.6797 0.3672
vt 0.6484 0.3828
vt 0.6875 0.3828
vt 0.3281 0.3828
vt 0.3203 0.3984
vt 0.3594 0.3828
vt 0.3594 0.3828
vt 0.3203 0.3984
vt 0.3516 0.3906
vt 0.3125 0.3438
vt 0.3047 0.3594
vt 0.3438 0.3594
vt 0.3438 0.3594
vt 0.3047 0.3594
vt 0.3281 0.3828
vt 0.375 0.3672
vt 0.3828 0.3906
vt 0.375 0.375
vt 0.7969 0.9453
vt 0.7969 0.9453
vt 0.7969 0.9453
vt 0.7969 0.9453
vt 0.7969 0.9453
vt 0.7969 0.9453
vt 0.7969 0.9375
vt 0.7969 0.9375
vt 0.7969 0.9375
vt 0.7969 0.9375
vt 0.7969 0.9375
vt 0.7969 0.9375
vt 0.7969 0.9375
vt 0.7969 0.9375
vt 0.7969 0.9375
vt 0.7969 0.9375
vt 0.7969 0.9375
vt 0.7969 0.9375
vt 0.7969 0.9375
vt 0.7969 0.9375
vt 0.7969 0.9375
vt 0.7969 0.9375
vt 0.7969 0.9375
vt 0.7969 0.9375
vt 0.7969 0.9375
vt 0.7969 0.9375
vt 0.7969 0.9375
vt 0.7969 0.9375
vt 0.7969 0.9453
vt 0.7969 0.9375
vt 0.7969 0.9375
vt 0.7969 0.9453
vt 0.7969 0.9453
vt 0.7969 0.9453
vt 0.7969 0.9453
vt 0.7969 0.9453
vt 0.7969 0.9453
vt 0.7969 0.9375
vt 0.7969 0.9453
vt 0.7969 0.9375
vt 0.7969 0.9375
vt 0.7969 0.9453
vt 0.7969 0.9453
vt 0.7969 0.9375
vt 0.7969 0.9453
vt 0.7969 0.9375
vt 0.7969 0.9375
vt 0.7969 0.9453
vt 0.7969 0.9453
vt 0.7969 0.9453
vt 0.7969 0.9453
vt 0.7969 0.9453
vt 0.7969 0.9453
vt 0.7969 0.9453
vt 0.7969 0.9453
vt 0.7969 0.9453
vt 0.7969 0.9453
vt 0.7969 0.9453
vt 0.7969 0.9453
vt 0.7969 0.9453
vt 0.7969 0.9453
vt 0.7969 0.9453
vt 0.7969 0.9453
vt 0.7969 0.9453
vt 0.7969 0.9453
vt 0.7969 0.9453
vt 0.7969 0.9453
vt 0.7969 0.9453
vt 0.7969 0.9453
vt 0.7969 0.9453
vt 0.7969 0.9453
vt 0.7969 0.9453
vt 0.7969 0.9453
vt 0.7969 0.9453
vt 0.8047 0.9453
vt 0.8047 0.9453
vt 0.7969 0.9453
vt 0.7969 0.9453
vt 0.7969 0.9453
vt 0.7969 0.9453
vt 0.7969 0.9453
vt 0.7969 0.9453
vt 0.7969 0.9453
vt 0.7969 0.9453
vt 0.7969 0.9453
vt 0.7969 0.9375
vt 0.7969 0.9453
vt 0.7969 0.9453
vt 0.7969 0.9375
vt 0.7969 0.9375
vt 0.7969 0.9375
vt 0.7969 0.9375
vt 0.7969 0.9375
vt 0.7969 0.9375
vt 0.7969 0.9375
vt 0.7969 0.9375
vt 0.7969 0.9375
vt 0.7969 0.9375
vt 0.7969 0.9375
vt 0.7969 0.9375
vt 0.7969 0.9375
vt 0.7969 0.9375
vt 0.7969 0.9375
vt 0.7969 0.9375
vt 0.7969 0.9375
vt 0.7969 0.9375
vt 0.7969 0.9375
vt 0.7969 0.9375
vt 0.7969 0.9375
vt 0.7969 0.9453
vt 0.7969 0.9375
vt 0.7969 0.9375
vt 0.7969 0.9453
vt 0.8047 0.9453
vt 0.7891 0.9297
vt 0.7969 0.9297
vt 0.7969 0.9375
vt 0.7969 0.9297
vt 0.7969 0.9297
vt 0.7969 0.9375
vt 0.7969 0.9297
vt 0.8047 0.9297
vt 0.7969 0.9375
vt 0.8047 0.9297
vt 0.8047 0.9375
vt 0.7969 0.9375
vt 0.8047 0.9375
vt 0.8047 0.9453
vt 0.7969 0.9375
vt 0.8047 0.9453
vt 0.7969 0.9453
vt 0.7969 0.9375
vt 0.7969 0.9453
vt 0.7969 0.9453
vt 0.7969 0.9375
vt 0.7969 0.9453
vt 0.7891 0.9453
vt 0.7969 0.9375
vt 0.7891 0.9453
vt 0.7891 0.9375
vt 0.7969 0.9375
vt 0.7969 0.9375
vt 0.7891 0.9375
vt 0.7891 0.9297
vt 0.7969 0.9453
vt 0.8047 0.9453
vt 0.7969 0.9375
vt 0.8047 0.9453
vt 0.8047 0.9375
vt 0.7969 0.9375
vt 0.8047 0.9375
vt 0.8047 0.9297
vt 0.7969 0.9375
vt 0.8047 0.9297
vt 0.7969 0.9297
vt 0.7969 0.9375
vt 0.7969 0.9297
vt 0.7969 0.9297
vt 0.7969 0.9375
vt 0.7969 0.9297
vt 0.7891 0.9297
vt 0.7969 0.9375
vt 0.7891 0.9297
vt 0.7891 0.9375
vt 0.7969 0.9375
vt 0.7891 0.9375
vt 0.7891 0.9453
vt 0.7969 0.9375
vt 0.7891 0.9453
vt 0.7969 0.9453
vt 0.7969 0.9375
vt 0.7969 0.9375
vt 0.7969 0.9453
vt 0.7969 0.9453
vt 0.7969 0.9453
vt 0.7969 0.9453
vt 0.7969 0.9453
vt 0.7969 0.9453
vt 0.7969 0.9453
vt 0.7969 0.9453
vt 0.7969 0.9375
vt 0.7969 0.9375
vt 0.7969 0.9375
vt 0.7969 0.9453
vt 0.7969 0.9453
vt 0.7969 0.9453
vt 0.7969 0.9453
vt 0.7969 0.9453
vt 0.7969 0.9453
vt 0.7969 0.9453
vt 0.7969 0.9375
vt 0.7969 0.9453
vt 0.7969 0.9453
vt 0.7969 0.9375
vt 0.7969 0.9375
vt 0.7969 0.9375
vt 0.7969 0.9375
vt 0.7969 0.9375
vt 0.7969 0.9375
vt 0.7969 0.9375
vt 0.7969 0.9375
vt 0.7969 0.9375
vt 0.7969 0.9375
vt 0.7969 0.9375
vt 0.7969 0.9375
vt 0.7969 0.9375
vt 0.7969 0.9375
vt 0.7969 0.9375
vt 0.7969 0.9375
vt 0.7969 0.9375
vt 0.7969 0.9375
vt 0.7969 0.9375
vt 0.7969 0.9453
vt 0.7969 0.9453
vt 0.7969 0.9375
vt 0.7969 0.9453
vt 0.7969 0.9453
vt 0.7969 0.9453
vt 0.7969 0.9453
vt 0.7969 0.9453
vt 0.7969 0.9375
vt 0.7969 0.9453
vt 0.7969 0.9453
vt 0.7969 0.9375
vt 0.7969 0.9375
vt 0.7969 0.9375
vt 0.7969 0.9375
vt 0.7969 0.9375
vt 0.7969 0.9375
vt 0.7969 0.9453
vt 0.7969 0.9453
vt 0.7969 0.9453
vt 0.7969 0.9453
vt 0.7969 0.9453
vt 0.7969 0.9453
vt 0.7969 0.9453
vt 0.7969 0.9453
vt 0.7969 0.9453
vt 0.7969 0.9453
vt 0.7969 0.9453
vt 0.7969 0.9453
vt 0.7969 0.9453
vt 0.7969 0.9453
vt 0.7969 0.9453
vt 0.7969 0.9453
vt 0.7969 0.9453
vt 0.7969 0.9453
vt 0.7969 0.9453
vt 0.7969 0.9453
vt 0.7969 0.9453
vt 0.7969 0.9453
vt 0.7969 0.9453
vt 0.7969 0.9375
vt 0.7969 0.9375
vt 0.7969 0.9375
vt 0.7969 0.9375
vt 0.7969 0.9375
vt 0.7969 0.9375
vt 0.7969 0.9375
vt 0.7969 0.9375
vt 0.7969 0.9453
vt 0.7969 0.9375
vt 0.7969 0.9453
vt 0.7969 0.9453
vt 0.7969 0.9453
vt 0.7969 0.9453
vt 0.7969 0.9453
vt 0.7969 0.9453
vt 0.7969 0.9453
vt 0.7969 0.9453
vt 0.7969 0.9375
vt 0.7969 0.9375
vt 0.7969 0.9375
vt 0.7969 0.9375
vt 0.7969 0.9375
vt 0.7969 0.9375
vt 0.7969 0.9375
vt 0.7969 0.9375
vt 0.7969 0.9375
vt 0.7969 0.9375
vt 0.7969 0.9375
vt 0.7969 0.9375
vt 0.7969 0.9375
vt 0.7969 0.9375
vt 0.7969 0.9375
vt 0.7969 0.9375
vt 0.7969 0.9453
vt 0.7969 0.9375
vt 0.740321 0.450468
vt 0.740321 0.450468
vt 0.740321 0.450468
vt 0.740321 0.450468
vt 0.740321 0.450468
vt 0.740321 0.450468
vt 0.740321 0.450468
vt 0.740321 0.450468
vt 0.740321 0.450468
vt 0.740321 0.450468
vt 0.740321 0.450468
vt 0.740321 0.450468
vt 0.740321 0.450468
vt 0.740321 0.450468
vt 0.740321 0.450468
vt 0.740321 0.450468
vt 0.740321 0.450468
vt 0.740321 0.450468
vt 0.740321 0.450468
vt 0.740321 0.450468
vt 0.740321 0.450468
vt 0.740321 0.450468
vt 0.740321 0.450468
vt 0.740321 0.450468
vt 0.740321 0.450468
vt 0.740321 0.450468
vt 0.740321 0.450468
vt 0.740321 0.450468
vt 0.740321 0.450468
vt 0.740321 0.450468
vt 0.740321 0.450468
vt 0.740321 0.450468
vt 0.740321 0.450468
vt 0.740321 0.450468
vt 0.740321 0.450468
vt 0.740321 0.450468
vt 0.740321 0.450468
vt 0.740321 0.450468
vt 0.740321 0.450468
vt 0.740321 0.450468
vt 0.740321 0.450468
vt 0.740321 0.450468
vt 0.740321 0.450468
vt 0.740321 0.450468
vt 0.740321 0.450468
vt 0.740321 0.450468
vt 0.740321 0.450468
vt 0.740321 0.450468
vt 0.740321 0.450468
vt 0.740321 0.450468
vt 0.740321 0.450468
vt 0.740321 0.450468
vt 0.740321 0.450468
vt 0.740321 0.450468
vt 0.740321 0.450468
vt 0.740321 0.450468
vt 0.740321 0.450468
vt 0.740321 0.450468
vt 0.740321 0.450468
vt 0.740321 0.450468
vt 0.740321 0.450468
vt 0.740321 0.450468
vt 0.740321 0.450468
vt 0.740321 0.450468
vt 0.740321 0.450468
vt 0.740321 0.450468
vt 0.740321 0.450468
vt 0.740321 0.450468
vt 0.740321 0.450468
vt 0.740321 0.450468
vt 0.740321 0.450468
vt 0.740321 0.450468
vt 0.740321 0.450468
vt 0.740321 0.450468
vt 0.740321 0.450468
vt 0.740321 0.450468
vt 0.740321 0.450468
vt 0.740321 0.450468
vt 0.740321 0.450468
vt 0.740321 0.450468
vt 0.740321 0.450468
vt 0.740321 0.450468
vt 0.740321 0.450468
vt 0.740321 0.450468
vt 0.740321 0.450468
vt 0.740321 0.450468
vt 0.740321 0.450468
vt 0.740321 0.450468
vt 0.740321 0.450468
vt 0.740321 0.450468
vt 0.740321 0.450468
vt 0.740321 0.450468
vt 0.740321 0.450468
vt 0.740321 0.450468
vt 0.740321 0.450468
vt 0.740321 0.450468
vt 0.740321 0.450468
vt 0.740321 0.450468
vt 0.740321 0.450468
vt 0.740321 0.450468
vt 0.740321 0.450468
vt 0.740321 0.450468
vt 0.740321 0.450468
vt 0.740321 0.450468
vt 0.740321 0.450468
vt 0.740321 0.450468
vt 0.740321 0.450468
vt 0.740321 0.450468
vt 0.740321 0.450468
vt 0.740321 0.450468
vt 0.740321 0.450468
vt 0.740321 0.450468
vt 0.740321 0.450468
vt 0.740321 0.450468
vt 0.740321 0.450468
vt 0.740321 0.450468
vt 0.740321 0.450468
vt 0.740321 0.450468
vt 0.740321 0.450468
vt 0.740321 0.450468
vt 0.740321 0.450468
vt 0.740321 0.450468
vt 0.740321 0.450468
vt 0.740321 0.450468
vt 0.740321 0.450468
vt 0.740321 0.450468
vt 0.740321 0.450468
vt 0.740321 0.450468
vt 0.740321 0.450468
vt 0.740321 0.450468
vt 0.740321 0.450468
vt 0.740321 0.450468
vt 0.740321 0.450468
vt 0.740321 0.450468
vt 0.740321 0.450468
vt 0.740321 0.450468
vt 0.740321 0.450468
vt 0.740321 0.450468
vt 0.740321 0.450468
vt 0.740321 0.450468
vt 0.740321 0.450468
vt 0.740321 0.450468
vt 0.740321 0.450468
vt 0.740321 0.450468
vt 0.740321 0.450468
vt 0.740321 0.450468
vt 0.740321 0.450468
vt 0.740321 0.450468
vt 0.740321 0.450468
vt 0.740321 0.450468
vt 0.740321 0.450468
vt 0.740321 0.450468
vt 0.740321 0.450468
vt 0.740321 0.450468
vt 0.740321 0.450468
vt 0.740321 0.450468
vt 0.740321 0.450468
vt 0.740321 0.450468
vt 0.740321 0.450468
vt 0.740321 0.450468
vt 0.740321 0.450468
vt 0.740321 0.450468
vt 0.740321 0.450468
vt 0.740321 0.450468
vt 0.740321 0.450468
vt 0.740321 0.450468
vt 0.740321 0.450468
vt 0.740321 0.450468
vt 0.740321 0.450468
vt 0.740321 0.450468
vt 0.740321 0.450468
vt 0.740321 0.450468
vt 0.740321 0.450468
vt 0.740321 0.450468
vt 0.740321 0.450468
vt 0.740321 0.450468
vt 0.740321 0.450468
vt 0.740321 0.450468
vt 0.740321 0.450468
vt 0.740321 0.450468
vt 0.740321 0.450468
vt 0.740321 0.450468
vt 0.740321 0.450468
vt 0.740321 0.450468
vt 0.740321 0.450468
vt 0.740321 0.450468
vt 0.740321 0.450468
vt 0.740321 0.450468
vt 0.740321 0.450468
vt 0.740321 0.450468
vt 0.740321 0.450468
vt 0.740321 0.450468
vt 0.740321 0.450468
vt 0.740321 0.450468
vt 0.740321 0.450468
vt 0.740321 0.450468
vt 0.740321 0.450468
vt 0.740321 0.450468
vt 0.740321 0.450468
vt 0.740321 0.450468
vt 0.740321 0.450468
vt 0.740321 0.450468
vt 0.740321 0.450468
vt 0.740321 0.450468
vt 0.740321 0.450468
vt 0.740321 0.450468
vt 0.740321 0.450468
vt 0.740321 0.450468
vt 0.740321 0.450468
vt 0.740321 0.450468
vt 0.740321 0.450468
vt 0.740321 0.450468
vt 0.740321 0.450468
vt 0.740321 0.450468
vt 0.740321 0.450468
vt 0.740321 0.450468
vt 0.740321 0.450468
vt 0.740321 0.450468
vt 0.740321 0.450468
vt 0.740321 0.450468
vt 0.740321 0.450468
vt 0.740321 0.450468
vt 0.740321 0.450468
vt 0.740321 0.450468
vt 0.740321 0.450468
vt 0.740321 0.450468
vt 0.740321 0.450468
vt 0.740321 0.450468
vt 0.740321 0.450468
vt 0.740321 0.450468
vt 0.740321 0.450468
vt 0.740321 0.450468
vt 0.740321 0.450468
vt 0.740321 0.450468
vt 0.740321 0.450468
vt 0.740321 0.450468
vt 0.740321 0.450468
vt 0.740321 0.450468
vt 0.740321 0.450468
vt 0.740321 0.450468
vt 0.740321 0.450468
vt 0.740321 0.450468
vt 0.740321 0.450468
vt 0.740321 0.450468
vt 0.740321 0.450468
vt 0.740321 0.450468
vt 0.740321 0.450468
vt 0.740321 0.450468
vt 0.740321 0.450468
vt 0.740321 0.450468
vt 0.740321 0.450468
vt 0.740321 0.450468
vt 0.740321 0.450468
vt 0.740321 0.450468
vt 0.740321 0.450468
vt 0.740321 0.450468
vt 0.740321 0.450468
vt 0.740321 0.450468
vt 0.740321 0.450468
vt 0.740321 0.450468
vt 0.740321 0.450468
vt 0.740321 0.450468
vt 0.740321 0.450468
vt 0.740321 0.450468
vt 0.740321 0.450468
vt 0.740321 0.450468
vt 0.740321 0.450468
vt 0.740321 0.450468
vt 0.740321 0.450468
vt 0.740321 0.450468
vt 0.740321 0.450468
vt 0.740321 0.450468
vt 0.740321 0.450468
vt 0.740321 0.450468
vt 0.740321 0.450468
vt 0.740321 0.450468
vt 0.740321 0.450468
vt 0.740321 0.450468
vt 0.740321 0.450468
vt 0.740321 0.450468
vt 0.740321 0.450468
vt 0.740321 0.450468
vt 0.740321 0.450468
vt 0.740321 0.450468
vt 0.740321 0.450468
vt 0.740321 0.450468
vt 0.740321 0.450468
vt 0.740321 0.450468
vt 0.740321 0.450468
vt 0.740321 0.450468
vt 0.740321 0.450468
vt 0.740321 0.450468
vt 0.740321 0.450468
vt 0.740321 0.450468
vt 0.740321 0.450468
vt 0.740321 0.450468
vt 0.740321 0.450468
vt 0.740321 0.450468
vt 0.740321 0.450468
vt 0.740321 0.450468
vt 0.740321 0.450468
vt 0.740321 0.450468
vt 0.740321 0.450468
vt 0.740321 0.450468
vt 0.740321 0.450468
vt 0.740321 0.450468
vt 0.740321 0.450468
vt 0.740321 0.450468
vt 0.740321 0.450468
vt 0.740321 0.450468
vt 0.740321 0.450468
vt 0.740321 0.450468
vt 0.740321 0.450468
vt 0.740321 0.450468
vt 0.740321 0.450468
vt 0.740321 0.450468
vt 0.740321 0.450468
vt 0.740321 0.450468
vt 0.740321 0.450468
vt 0.740321 0.450468
vt 0.740321 0.450468
vt 0.740321 0.450468
vt 0.740321 0.450468
vt 0.740321 0.450468
vt 0.740321 0.450468
vt 0.740321 0.450468
vt 0.740321 0.450468
vt 0.740321 0.450468
vt 0.740321 0.450468
vt 0.740321 0.450468
vt 0.740321 0.450468
vt 0.740321 0.450468
vt 0.740321 0.450468
vt 0.740321 0.450468
vt 0.740321 0.450468
vt 0.740321 0.450468
vt 0.740321 0.450468
vt 0.740321 0.450468
vt 0.740321 0.450468
vt 0.740321 0.450468
vt 0.740321 0.450468
vt 0.740321 0.450468
vt 0.740321 0.450468
vt 0.740321 0.450468
vt 0.740321 0.450468
vt 0.740321 0.450468
vt 0.740321 0.450468
vt 0.740321 0.450468
vt 0.740321 0.450468
vt 0.740321 0.450468
vt 0.740321 0.450468
vt 0.740321 0.450468
vt 0.740321 0.450468
vt 0.740321 0.450468
vt 0.740321 0.450468
vt 0.740321 0.450468
vt 0.740321 0.450468
vt 0.740321 0.450468
vt 0.740321 0.450468
vt 0.740321 0.450468
vt 0.740321 0.450468
vt 0.740321 0.450468
vt 0.740321 0.450468
vt 0.740321 0.450468
vt 0.740321 0.450468
vt 0.740321 0.450468
vt 0.740321 0.450468
vt 0.740321 0.450468
vt 0.740321 0.450468
vt 0.740321 0.450468
vt 0.740321 0.450468
vt 0.740321 0.450468
vt 0.740321 0.450468
vt 0.740321 0.450468
vt 0.740321 0.450468
vt 0.740321 0.450468
vt 0.740321 0.450468
vt 0.740321 0.450468
vt 0.740321 0.450468
vt 0.740321 0.450468
vt 0.740321 0.450468
vt 0.740321 0.450468
vt 0.740321 0.450468
vt 0.740321 0.450468
vt 0.740321 0.450468
vt 0.740321 0.450468
vt 0.740321 0.450468
vt 0.740321 0.450468
vt 0.740321 0.450468
vt 0.740321 0.450468
vt 0.740321 0.450468
vt 0.740321 0.450468
vt 0.740321 0.450468
vt 0.740321 0.450468
vt 0.740321 0.450468
vt 0.740321 0.450468
vt 0.740321 0.450468
vt 0.740321 0.450468
vt 0.740321 0.450468
vt 0.740321 0.450468
vt 0.740321 0.450468
vt 0.740321 0.450468
vt 0.740321 0.450468
vt 0.740321 0.450468
vt 0.740321 0.450468
vt 0.740321 0.450468
vt 0.740321 0.450468
vt 0.740321 0.450468
vt 0.740321 0.450468
vt 0.740321 0.450468
vt 0.740321 0.450468
vt 0.740321 0.450468
vt 0.740321 0.450468
vt 0.740321 0.450468
vt 0.740321 0.450468
vt 0.740321 0.450468
vt 0.740321 0.450468
vt 0.740321 0.450468
vt 0.740321 0.450468
vt 0.740321 0.450468
vt 0.740321 0.450468
vt 0.740321 0.450468
vt 0.740321 0.450468
vt 0.740321 0.450468
vt 0.740321 0.450468
vt 0.740321 0.450468
vt 0.740321 0.450468
vt 0.740321 0.450468
vt 0.740321 0.450468
vt 0.740321 0.450468
vt 0.740321 0.450468
vt 0.740321 0.450468
vt 0.740321 0.450468
vt 0.740321 0.450468
vt 0.740321 0.450468
vt 0.740321 0.450468
vt 0.740321 0.450468
vt 0.740321 0.450468
vt 0.740321 0.450468
vt 0.740321 0.450468
vt 0.740321 0.450468
vt 0.740321 0.450468
vt 0.740321 0.450468
vt 0.740321 0.450468
vt 0.740321 0.450468
vt 0.740321 0.450468
vt 0.740321 0.450468
vt 0.740321 0.450468
vt 0.740321 0.450468
vt 0.740321 0.450468
vt 0.740321 0.450468
vt 0.740321 0.450468
vt 0.740321 0.450468
vt 0.740321 0.450468
vt 0.740321 0.450468
vt 0.740321 0.450468
vt 0.740321 0.450468
vt 0.740321 0.450468
vt 0.740321 0.450468
vt 0.740321 0.450468
vt 0.740321 0.450468
vt 0.740321 0.450468
vt 0.740321 0.450468
vt 0.740321 0.450468
vt 0.740321 0.450468
vt 0.740321 0.450468
vt 0.740321 0.450468
vt 0.740321 0.450468
vt 0.740321 0.450468
vt 0.740321 0.450468
vt 0.740321 0.450468
vt 0.740321 0.450468
vt 0.740321 0.450468
vt 0.740321 0.450468
vt 0.740321 0.450468
vt 0.740321 0.450468
vt 0.740321 0.450468
vt 0.740321 0.450468
vt 0.740321 0.450468
vt 0.740321 0.450468
vt 0.740321 0.450468
vt 0.740321 0.450468
vt 0.740321 0.450468
vt 0.740321 0.450468
vt 0.740321 0.450468
vt 0.740321 0.450468
vt 0.740321 0.450468
vt 0.740321 0.450468
vt 0.740321 0.450468
vt 0.740321 0.450468
vt 0.740321 0.450468
vt 0.740321 0.450468
vt 0.740321 0.450468
vt 0.740321 0.450468
vt 0.740321 0.450468
vt 0.740321 0.450468
vt 0.740321 0.450468
vt 0.740321 0.450468
vt 0.740321 0.450468
vt 0.740321 0.450468
vt 0.740321 0.450468
vt 0.740321 0.450468
vt 0.740321 0.450468
vt 0.740321 0.450468
vt 0.740321 0.450468
vt 0.740321 0.450468
vt 0.740321 0.450468
vt 0.740321 0.450468
vt 0.740321 0.450468
vt 0.740321 0.450468
vt 0.740321 0.450468
vt 0.740321 0.450468
vt 0.740321 0.450468
vt 0.740321 0.450468
vt 0.740321 0.450468
vt 0.740321 0.450468
vt 0.740321 0.450468
vt 0.740321 0.450468
vt 0.740321 0.450468
vt 0.740321 0.450468
vt 0.740321 0.450468
vt 0.740321 0.450468
vt 0.740321 0.450468
vt 0.740321 0.450468
vt 0.740321 0.450468
vt 0.740321 0.450468
vt 0.740321 0.450468
vt 0.740321 0.450468
vt 0.740321 0.450468
vt 0.740321 0.450468
vt 0.740321 0.450468
vt 0.740321 0.450468
vt 0.740321 0.450468
vt 0.740321 0.450468
vt 0.740321 0.450468
vt 0.740321 0.450468
vt 0.740321 0.450468
vt 0.740321 0.450468
vt 0.740321 0.450468
vt 0.740321 0.450468
vt 0.740321 0.450468
vt 0.740321 0.450468
vt 0.740321 0.450468
vt 0.740321 0.450468
vt 0.740321 0.450468
vt 0.740321 0.450468
vt 0.740321 0.450468
vt 0.740321 0.450468
vt 0.740321 0.450468
vt 0.740321 0.450468
vt 0.740321 0.450468
vt 0.740321 0.450468
vt 0.740321 0.450468
vt 0.740321 0.450468
vt 0.740321 0.450468
vt 0.740321 0.450468
vt 0.740321 0.450468
vt 0.740321 0.450468
vt 0.740321 0.450468
vt 0.740321 0.450468
vt 0.740321 0.450468
vt 0.740321 0.450468
vt 0.740321 0.450468
vt 0.740321 0.450468
vt 0.740321 0.450468
vt 0.740321 0.450468
vt 0.740321 0.450468
vt 0.740321 0.450468
vt 0.740321 0.450468
vt 0.740321 0.450468
vt 0.740321 0.450468
vt 0.740321 0.450468
vt 0.740321 0.450468
vt 0.740321 0.450468
vt 0.740321 0.450468
vt 0.740321 0.450468
vt 0.740321 0.450468
vt 0.740321 0.450468
vt 0.740321 0.450468
vt 0.740321 0.450468
vt 0.740321 0.450468
vt 0.740321 0.450468
vt 0.740321 0.450468
vt 0.740321 0.450468
vt 0.740321 0.450468
vt 0.740321 0.450468
vt 0.740321 0.450468
vt 0.740321 0.450468
vt 0.740321 0.450468
vt 0.740321 0.450468
vt 0.740321 0.450468
vt 0.740321 0.450468
vt 0.740321 0.450468
vt 0.740321 0.450468
vt 0.740321 0.450468
vt 0.740321 0.450468
vt 0.740321 0.450468
vt 0.740321 0.450468
vt 0.740321 0.450468
vt 0.740321 0.450468
vt 0.740321 0.450468
vt 0.740321 0.450468
vt 0.740321 0.450468
vt 0.740321 0.450468
vt 0.740321 0.450468
vt 0.740321 0.450468
vt 0.740321 0.450468
vt 0.740321 0.450468
vt 0.740321 0.450468
vt 0.740321 0.450468
vt 0.740321 0.450468
vt 0.740321 0.450468
vt 0.740321 0.450468
vt 0.740321 0.450468
vt 0.740321 0.450468
vt 0.740321 0.450468
vt 0.740321 0.450468
vt 0.740321 0.450468
vt 0.740321 0.450468
vt 0.740321 0.450468
vt 0.740321 0.450468
vt 0.740321 0.450468
vt 0.740321 0.450468
vt 0.740321 0.450468
vt 0.740321 0.450468
vt 0.740321 0.450468
vt 0.740321 0.450468
vt 0.740321 0.450468
vt 0.740321 0.450468
vt 0.740321 0.450468
vt 0.740321 0.450468
vt 0.740321 0.450468
vt 0.740321 0.450468
vt 0.740321 0.450468
vt 0.740321 0.450468
vt 0.740321 0.450468
vt 0.740321 0.450468
vt 0.740321 0.450468
vt 0.740321 0.450468
vt 0.740321 0.450468
vt 0.740321 0.450468
vt 0.740321 0.450468
vt 0.740321 0.450468
vt 0.740321 0.450468
vt 0.740321 0.450468
vt 0.740321 0.450468
vt 0.740321 0.450468
vt 0.740321 0.450468
vt 0.740321 0.450468
vt 0.740321 0.450468
vt 0.740321 0.450468
vt 0.740321 0.450468
vt 0.740321 0.450468
vt 0.740321 0.450468
vt 0.740321 0.450468
vt 0.740321 0.450468
vt 0.740321 0.450468
vt 0.740321 0.450468
vt 0.740321 0.450468
vt 0.740321 0.450468
vt 0.740321 0.450468
vt 0.740321 0.450468
vt 0.740321 0.450468
vt 0.740321 0.450468
vt 0.740321 0.450468
vt 0.740321 0.450468
vt 0.740321 0.450468
vt 0.740321 0.450468
vt 0.740321 0.450468
vt 0.740321 0.450468
vt 0.740321 0.450468
vt 0.740321 0.450468
vt 0.740321 0.450468
vt 0.740321 0.450468
vt 0.740321 0.450468
vt 0.740321 0.450468
vt 0.740321 0.450468
vt 0.740321 0.450468
vt 0.740321 0.450468
vt 0.740321 0.450468
vt 0.740321 0.450468
vt 0.740321 0.450468
vt 0.740321 0.450468
vt 0.740321 0.450468
vt 0.740321 0.450468
vt 0.740321 0.450468
vt 0.740321 0.450468
vt 0.740321 0.450468
vt 0.740321 0.450468
vt 0.740321 0.450468
vt 0.740321 0.450468
vt 0.740321 0.450468
vt 0.740321 0.450468
vt 0.740321 0.450468
vt 0.740321 0.450468
vt 0.740321 0.450468
vt 0.740321 0.450468
vt 0.740321 0.450468
vt 0.740321 0.450468
vt 0.740321 0.450468
vt 0.740321 0.450468
vt 0.740321 0.450468
vt 0.740321 0.450468
vt 0.740321 0.450468
vt 0.740321 0.450468
vt 0.740321 0.450468
vt 0.740321 0.450468
vt 0.740321 0.450468
vt 0.740321 0.450468
vt 0.740321 0.450468
vt 0.740321 0.450468
vt 0.740321 0.450468
vt 0.740321 0.450468
vt 0.740321 0.450468
vt 0.740321 0.450468
vt 0.740321 0.450468
vt 0.740321 0.450468
vt 0.740321 0.450468
vt 0.740321 0.450468
vt 0.740321 0.450468
vt 0.740321 0.450468
vt 0.740321 0.450468
vt 0.740321 0.450468
vt 0.740321 0.450468
vt 0.740321 0.450468
vt 0.740321 0.450468
vt 0.740321 0.450468
vt 0.740321 0.450468
vt 0.740321 0.450468
vt 0.740321 0.450468
vt 0.740321 0.450468
vt 0.740321 0.450468
vt 0.740321 0.450468
vt 0.740321 0.450468
vt 0.740321 0.450468
vt 0.740321 0.450468
vt 0.740321 0.450468
vt 0.740321 0.450468
vt 0.740321 0.450468
vt 0.740321 0.450468
vt 0.740321 0.450468
vt 0.740321 0.450468
vt 0.740321 0.450468
vt 0.740321 0.450468
vt 0.740321 0.450468
vt 0.740321 0.450468
vt 0.740321 0.450468
vt 0.740321 0.450468
vt 0.740321 0.450468
vt 0.740321 0.450468
vt 0.740321 0.450468
vt 0.740321 0.450468
vt 0.740321 0.450468
vt 0.740321 0.450468
vt 0.740321 0.450468
vt 0.740321 0.450468
vt 0.740321 0.450468
vt 0.740321 0.450468
vt 0.740321 0.450468
vt 0.740321 0.450468
vt 0.740321 0.450468
vt 0.740321 0.450468
vt 0.740321 0.450468
vt 0.740321 0.450468
vt 0.740321 0.450468
vt 0.740321 0.450468
vt 0.740321 0.450468
vt 0.740321 0.450468
vt 0.740321 0.450468
vt 0.740321 0.450468
vt 0.740321 0.450468
vt 0.740321 0.450468
vt 0.740321 0.450468
vt 0.740321 0.450468
vt 0.740321 0.450468
vt 0.740321 0.450468
vt 0.740321 0.450468
vt 0.740321 0.450468
vt 0.740321 0.450468
vt 0.740321 0.450468
vt 0.740321 0.450468
vt 0.740321 0.450468
vt 0.740321 0.450468
vt 0.740321 0.450468
vt 0.740321 0.450468
vt 0.740321 0.450468
vt 0.740321 0.450468
vt 0.740321 0.450468
vt 0.740321 0.450468
vt 0.740321 0.450468
vt 0.740321 0.450468
vt 0.740321 0.450468
vt 0.740321 0.450468
vt 0.740321 0.450468
vt 0.740321 0.450468
vt 0.740321 0.450468
vt 0.740321 0.450468
vt 0.740321 0.450468
vt 0.740321 0.450468
vt 0.740321 0.450468
vt 0.740321 0.450468
vt 0.740321 0.450468
vt 0.740321 0.450468
vt 0.740321 0.450468
vt 0.740321 0.450468
vt 0.740321 0.450468
vt 0.740321 0.450468
vt 0.740321 0.450468
vt 0.740321 0.450468
vt 0.740321 0.450468
vt 0.740321 0.450468
vt 0.740321 0.450468
vt 0.740321 0.450468
vt 0.740321 0.450468
vt 0.740321 0.450468
vt 0.740321 0.450468
vt 0.740321 0.450468
vt 0.740321 0.450468
vt 0.740321 0.450468
vt 0.740321 0.450468
vt 0.740321 0.450468
vt 0.740321 0.450468
vt 0.740321 0.450468
vt 0.740321 0.450468
vt 0.740321 0.450468
vt 0.740321 0.450468
vt 0.740321 0.450468
vt 0.740321 0.450468
vt 0.740321 0.450468
vt 0.740321 0.450468
vt 0.740321 0.450468
vt 0.740321 0.450468
vt 0.740321 0.450468
vt 0.740321 0.450468
vt 0.740321 0.450468
vt 0.740321 0.450468
vt 0.740321 0.450468
vt 0.740321 0.450468
vt 0.740321 0.450468
vt 0.740321 0.450468
vt 0.740321 0.450468
vt 0.740321 0.450468
vt 0.740321 0.450468
vt 0.740321 0.450468
vt 0.740321 0.450468
vt 0.740321 0.450468
vt 0.740321 0.450468
vt 0.740321 0.450468
vt 0.740321 0.450468
vt 0.740321 0.450468
vt 0.740321 0.450468
vt 0.740321 0.450468
vt 0.740321 0.450468
vt 0.740321 0.450468
vt 0.740321 0.450468
vt 0.740321 0.450468
vt 0.740321 0.450468
vt 0.740321 0.450468
vt 0.740321 0.450468
vt 0.740321 0.450468
vt 0.740321 0.450468
vt 0.740321 0.450468
vt 0.740321 0.450468
vt 0.740321 0.450468
vt 0.740321 0.450468
vt 0.740321 0.450468
vt 0.740321 0.450468
vt 0.740321 0.450468
vt 0.740321 0.450468
vt 0.740321 0.450468
vt 0.740321 0.450468
vt 0.740321 0.450468
vt 0.740321 0.450468
vt 0.740321 0.450468
vt 0.740321 0.450468
vt 0.740321 0.450468
vt 0.740321 0.450468
vt 0.740321 0.450468
vt 0.740321 0.450468
vt 0.740321 0.450468
vt 0.740321 0.450468
vt 0.740321 0.450468
vt 0.740321 0.450468
vt 0.740321 0.450468
vt 0.740321 0.450468
vt 0.740321 0.450468
vt 0.740321 0.450468
vt 0.740321 0.450468
vt 0.740321 0.450468
vt 0.740321 0.450468
vt 0.740321 0.450468
vt 0.740321 0.450468
vt 0.740321 0.450468
vt 0.740321 0.450468
vt 0.740321 0.450468
vt 0.740321 0.450468
vt 0.740321 0.450468
vt 0.740321 0.450468
vt 0.740321 0.450468
vt 0.740321 0.450468
vt 0.740321 0.450468
vt 0.740321 0.450468
vt 0.740321 0.450468
vt 0.740321 0.450468
vt 0.740321 0.450468
vt 0.740321 0.450468
vt 0.740321 0.450468
vt 0.740321 0.450468
vt 0.740321 0.450468
vt 0.740321 0.450468
vt 0.740321 0.450468
vt 0.740321 0.450468
vt 0.740321 0.450468
vt 0.740321 0.450468
vt 0.740321 0.450468
vt 0.740321 0.450468
vt 0.740321 0.450468
vt 0.740321 0.450468
vt 0.741093 0.450468
vt 0.741093 0.450468
vt 0.740898 0.450287
vt 0.741093 0.450468
vt 0.741093 0.450468
vt 0.740898 0.450287
vt 0.741093 0.450468
vt 0.740898 0.450287
vt 0.740898 0.450287
vt 0.740898 0.450287
vt 0.740898 0.450287
vt 0.740667 0.450065
vt 0.740321 0.449726
vt 0.740667 0.450065
vt 0.740667 0.450065
vt 0.740667 0.450065
vt 0.740667 0.450065
vt 0.740898 0.450287
vt 0.740667 0.450065
vt 0.740898 0.450287
vt 0.740898 0.450287
vt 0.740898 0.450287
vt 0.740898 0.450287
vt 0.741093 0.450468
vt 0.741093 0.450468
vt 0.740898 0.450287
vt 0.741093 0.450468
vt 0.740898 0.450287
vt 0.740898 0.450287
vt 0.741093 0.450468
vt 0.741093 0.450468
vt 0.740898 0.450287
vt 0.741093 0.450468
vt 0.740898 0.450287
vt 0.740898 0.450287
vt 0.741093 0.450468
vt 0.741093 0.450468
vt 0.740898 0.450287
vt 0.741093 0.450468
vt 0.740898 0.450287
vt 0.740898 0.450287
vt 0.741093 0.450468
vt 0.740898 0.450287
vt 0.740898 0.450287
vt 0.740667 0.450065
vt 0.740898 0.450287
vt 0.740667 0.450065
vt 0.740667 0.450065
vt 0.740667 0.450065
vt 0.740667 0.450065
vt 0.740321 0.449726
vt 0.740667 0.450065
vt 0.740321 0.449726
vt 0.740321 0.449726
vt 0.740321 0.449726
vt 0.740321 0.449726
vt 0.740321 0.449726
vt 0.740321 0.449726
vt 0.740321 0.449726
vt 0.740321 0.449726
vt 0.740321 0.449726
vt 0.740321 0.449726
vt 0.740321 0.449726
vt 0.740321 0.449726
vt 0.740321 0.449726
vt 0.740321 0.449726
vt 0.740321 0.449726
vt 0.740321 0.449726
vt 0.740321 0.449726
vt 0.740321 0.449726
vt 0.740321 0.449726
vt 0.740321 0.449726
vt 0.740321 0.449726
vt 0.740321 0.449726
vt 0.740321 0.449726
vt 0.740321 0.449726
vt 0.740321 0.449726
vt 0.740321 0.449726
vt 0.740321 0.449726
vt 0.740321 0.449726
vt 0.740321 0.449726
vt 0.740321 0.449726
vt 0.740321 0.449726
vt 0.740667 0.450065
vt 0.740667 0.450065
vt 0.740321 0.449726
vt 0.740667 0.450065
vt 0.740321 0.449726
vt 0.740321 0.449726
vt 0.740667 0.450065
vt 0.740667 0.450065
vt 0.740321 0.449726
vt 0.740667 0.450065
vt 0.740321 0.449726
vt 0.740321 0.449726
vt 0.740321 0.449726
vt 0.740321 0.449726
vt 0.740321 0.449726
vt 0.740321 0.449726
vt 0.740321 0.449726
vt 0.740321 0.449726
vt 0.740321 0.449726
vt 0.740321 0.449726
vt 0.740321 0.449726
vt 0.740321 0.449726
vt 0.740321 0.449726
vt 0.740321 0.449726
vt 0.740321 0.449726
vt 0.740321 0.449726
vt 0.740321 0.449726
vt 0.740667 0.450065
vt 0.740667 0.450065
vt 0.740321 0.449726
vt 0.740667 0.450065
vt 0.740321 0.449726
vt 0.740321 0.449726
vt 0.740667 0.450065
vt 0.740667 0.450065
vt 0.740321 0.449726
vt 0.740667 0.450065
vt 0.740667 0.450065
vt 0.740321 0.449726
vt 0.740321 0.449726
vt 0.740321 0.449726
vt 0.740321 0.449726
vt 0.740321 0.449726
vt 0.740321 0.449726
vt 0.740321 0.449726
vt 0.740321 0.449726
vt 0.740321 0.449726
vt 0.740321 0.449726
vt 0.740321 0.449726
vt 0.740321 0.449726
vt 0.740321 0.449726
vt 0.740321 0.449726
vt 0.740321 0.449726
vt 0.740667 0.450065
vt 0.740667 0.450065
vt 0.740667 0.450065
vt 0.740898 0.450287
vt 0.740667 0.450065
vt 0.740898 0.450287
vt 0.740898 0.450287
vt 0.740667 0.450065
vt 0.740667 0.450065
vt 0.740898 0.450287
vt 0.740667 0.450065
vt 0.740898 0.450287
vt 0.740898 0.450287
vt 0.740667 0.450065
vt 0.740667 0.450065
vt 0.740898 0.450287
vt 0.740667 0.450065
vt 0.740898 0.450287
vt 0.740898 0.450287
vt 0.740667 0.450065
vt 0.740667 0.450065
vt 0.740898 0.450287
vt 0.740667 0.450065
vt 0.740898 0.450287
vt 0.740898 0.450287
vt 0.740667 0.450065
vt 0.740667 0.450065
vt 0.740898 0.450287
vt 0.740667 0.450065
vt 0.741093 0.450468
vt 0.740898 0.450287
vt 0.741093 0.450468
vt 0.740898 0.450287
vt 0.740898 0.450287
vt 0.741093 0.450468
vt 0.741093 0.450468
vt 0.740898 0.450287
vt 0.741093 0.450468
vt 0.740898 0.450287
vt 0.740898 0.450287
vt 0.741093 0.450468
vt 0.741093 0.450468
vt 0.740898 0.450287
vt 0.741093 0.450468
vt 0.740898 0.450287
vt 0.740898 0.450287
vt 0.741093 0.450468
vt 0.741093 0.450468
vt 0.740898 0.450287
vt 0.741093 0.450468
vt 0.741093 0.450468
vt 0.740898 0.450287
vt 0.740898 0.450287
vt 0.740898 0.450287
vt 0.740667 0.450065
vt 0.740898 0.450287
vt 0.740898 0.450287
vt 0.740667 0.450065
vt 0.740667 0.450065
vt 0.740898 0.450287
vt 0.740667 0.450065
vt 0.740898 0.450287
vt 0.740898 0.450287
vt 0.740667 0.450065
vt 0.740667 0.450065
vt 0.740667 0.450065
vt 0.740321 0.449726
vt 0.740667 0.450065
vt 0.740667 0.450065
vt 0.740321 0.449726
vt 0.740321 0.449726
vt 0.740321 0.449726
vt 0.740321 0.449726
vt 0.740321 0.449726
vt 0.740321 0.449726
vt 0.740321 0.449726
vt 0.740321 0.449726
vt 0.740667 0.450065
vt 0.740321 0.449726
vt 0.740667 0.450065
vt 0.740667 0.450065
vt 0.740321 0.449726
vt 0.740321 0.449726
vt 0.740321 0.449726
vt 0.740321 0.449726
vt 0.740321 0.449726
vt 0.740321 0.449726
vt 0.740321 0.449726
vt 0.740321 0.449726
vt 0.740321 0.449726
vt 0.740321 0.449726
vt 0.740321 0.449726
vt 0.740321 0.449726
vt 0.740321 0.449726
vt 0.740321 0.449726
vt 0.740321 0.449726
vt 0.740321 0.449726
vt 0.740321 0.449726
vt 0.740321 0.449726
vt 0.740321 0.449726
vt 0.740321 0.449726
vt 0.740321 0.449726
vt 0.740321 0.449726
vt 0.740321 0.449726
vt 0.740321 0.449726
vt 0.740667 0.450065
vt 0.740321 0.449726
vt 0.740321 0.450468
vt 0.740321 0.450468
vt 0.740321 0.450468
vt 0.740321 0.450468
vt 0.740321 0.450468
vt 0.740321 0.450468
vt 0.740321 0.450468
vt 0.740321 0.450468
vt 0.740321 0.450468
vt 0.740321 0.450468
vt 0.740321 0.450468
vt 0.740321 0.450468
vt 0.740321 0.450468
vt 0.740321 0.450468
vt 0.740321 0.450468
vt 0.740321 0.450468
vt 0.740321 0.450468
vt 0.740321 0.450468
vt 0.740321 0.450468
vt 0.740321 0.450468
vt 0.740321 0.450468
vt 0.740321 0.450468
vt 0.740321 0.450468
vt 0.740321 0.450468
vt 0.740321 0.450468
vt 0.740321 0.450468
vt 0.740321 0.450468
vt 0.740321 0.450468
vt 0.740321 0.450468
vt 0.740321 0.450468
vt 0.740321 0.450468
vt 0.740321 0.450468
vt 0.740321 0.450468
vt 0.740321 0.450468
vt 0.740321 0.450468
vt 0.740321 0.450468
vt 0.740321 0.450468
vt 0.740321 0.450468
vt 0.740321 0.450468
vt 0.740321 0.450468
vt 0.740321 0.450468
vt 0.740321 0.450468
vt 0.740321 0.450468
vt 0.740321 0.450468
vt 0.740321 0.450468
vt 0.740321 0.450468
vt 0.740321 0.450468
vt 0.740321 0.450468
vt 0.740321 0.450468
vt 0.740321 0.450468
vt 0.740321 0.450468
vt 0.740321 0.450468
vt 0.740321 0.450468
vt 0.740321 0.450468
vt 0.740321 0.450468
vt 0.740321 0.450468
vt 0.740321 0.450468
vt 0.740321 0.450468
vt 0.740321 0.450468
vt 0.740321 0.450468
vt 0.740321 0.450468
vt 0.740321 0.450468
vt 0.740321 0.450468
vt 0.740321 0.450468
vt 0.740321 0.450468
vt 0.740321 0.450468
vt 0.740321 0.450468
vt 0.740321 0.450468
vt 0.740321 0.450468
vt 0.740321 0.450468
vt 0.740321 0.450468
vt 0.740321 0.450468
vt 0.740321 0.450468
vt 0.740321 0.450468
vt 0.740321 0.450468
vt 0.740321 0.450468
vt 0.740321 0.450468
vt 0.740321 0.450468
vt 0.740321 0.450468
vt 0.740321 0.450468
vt 0.740321 0.450468
vt 0.740321 0.450468
vt 0.740321 0.450468
vt 0.740321 0.450468
vt 0.740321 0.450468
vt 0.740321 0.450468
vt 0.740321 0.450468
vt 0.740321 0.450468
vt 0.740321 0.450468
vt 0.740321 0.450468
vt 0.740321 0.450468
vt 0.740321 0.450468
vt 0.740321 0.450468
vt 0.740321 0.450468
vt 0.740321 0.450468
vt 0.740321 0.450468
vt 0.740321 0.450468
vt 0.740321 0.450468
vt 0.740321 0.450468
vt 0.740321 0.450468
vt 0.740321 0.450468
vt 0.740321 0.450468
vt 0.740321 0.450468
vt 0.740321 0.450468
vt 0.740321 0.450468
vt 0.740321 0.450468
vt 0.740321 0.450468
vt 0.740321 0.450468
vt 0.740898 0.450287
vt 0.741093 0.450468
vt 0.741093 0.450468
vt 0.740898 0.450287
vt 0.741093 0.450468
vt 0.741093 0.450468
vt 0.740898 0.450287
vt 0.740898 0.450287
vt 0.741093 0.450468
vt 0.740667 0.450065
vt 0.740898 0.450287
vt 0.740898 0.450287
vt 0.740667 0.450065
vt 0.740667 0.450065
vt 0.740321 0.449726
vt 0.740898 0.450287
vt 0.740667 0.450065
vt 0.740667 0.450065
vt 0.740898 0.450287
vt 0.740898 0.450287
vt 0.740667 0.450065
vt 0.741093 0.450468
vt 0.740898 0.450287
vt 0.740898 0.450287
vt 0.741093 0.450468
vt 0.740898 0.450287
vt 0.741093 0.450468
vt 0.741093 0.450468
vt 0.740898 0.450287
vt 0.740898 0.450287
vt 0.741093 0.450468
vt 0.740898 0.450287
vt 0.741093 0.450468
vt 0.741093 0.450468
vt 0.740898 0.450287
vt 0.740898 0.450287
vt 0.741093 0.450468
vt 0.740898 0.450287
vt 0.741093 0.450468
vt 0.741093 0.450468
vt 0.740898 0.450287
vt 0.740898 0.450287
vt 0.740667 0.450065
vt 0.740898 0.450287
vt 0.740898 0.450287
vt 0.740667 0.450065
vt 0.740667 0.450065
vt 0.740898 0.450287
vt 0.740321 0.449726
vt 0.740667 0.450065
vt 0.740667 0.450065
vt 0.740321 0.449726
vt 0.740321 0.449726
vt 0.740667 0.450065
vt 0.740321 0.449726
vt 0.740321 0.449726
vt 0.740321 0.449726
vt 0.740321 0.449726
vt 0.740321 0.449726
vt 0.740321 0.449726
vt 0.740321 0.449726
vt 0.740321 0.449726
vt 0.740321 0.449726
vt 0.740321 0.449726
vt 0.740321 0.449726
vt 0.740321 0.449726
vt 0.740321 0.449726
vt 0.740321 0.449726
vt 0.740321 0.449726
vt 0.740321 0.449726
vt 0.740321 0.449726
vt 0.740321 0.449726
vt 0.740321 0.449726
vt 0.740321 0.449726
vt 0.740321 0.449726
vt 0.740321 0.449726
vt 0.740321 0.449726
vt 0.740321 0.449726
vt 0.740321 0.449726
vt 0.740321 0.449726
vt 0.740321 0.449726
vt 0.740667 0.450065
vt 0.740321 0.449726
vt 0.740321 0.449726
vt 0.740667 0.450065
vt 0.740321 0.449726
vt 0.740667 0.450065
vt 0.740667 0.450065
vt 0.740321 0.449726
vt 0.740321 0.449726
vt 0.740667 0.450065
vt 0.740321 0.449726
vt 0.740667 0.450065
vt 0.740321 0.449726
vt 0.740321 0.449726
vt 0.740321 0.449726
vt 0.740321 0.449726
vt 0.740321 0.449726
vt 0.740321 0.449726
vt 0.740321 0.449726
vt 0.740321 0.449726
vt 0.740321 0.449726
vt 0.740321 0.449726
vt 0.740321 0.449726
vt 0.740321 0.449726
vt 0.740321 0.449726
vt 0.740321 0.449726
vt 0.740321 0.449726
vt 0.740667 0.450065
vt 0.740321 0.449726
vt 0.740321 0.449726
vt 0.740667 0.450065
vt 0.740321 0.449726
vt 0.740667 0.450065
vt 0.740667 0.450065
vt 0.740321 0.449726
vt 0.740321 0.449726
vt 0.740667 0.450065
vt 0.740321 0.449726
vt 0.740667 0.450065
vt 0.740321 0.449726
vt 0.740321 0.449726
vt 0.740667 0.450065
vt 0.740321 0.449726
vt 0.740321 0.449726
vt 0.740321 0.449726
vt 0.740321 0.449726
vt 0.740321 0.449726
vt 0.740321 0.449726
vt 0.740321 0.449726
vt 0.740321 0.449726
vt 0.740321 0.449726
vt 0.740321 0.449726
vt 0.740321 0.449726
vt 0.740321 0.449726
vt 0.740667 0.450065
vt 0.740667 0.450065
vt 0.740321 0.449726
vt 0.740667 0.450065
vt 0.740898 0.450287
vt 0.740667 0.450065
vt 0.740667 0.450065
vt 0.740898 0.450287
vt 0.740898 0.450287
vt 0.740667 0.450065
vt 0.740898 0.450287
vt 0.740667 0.450065
vt 0.740667 0.450065
vt 0.740898 0.450287
vt 0.740898 0.450287
vt 0.740667 0.450065
vt 0.740898 0.450287
vt 0.740667 0.450065
vt 0.740667 0.450065
vt 0.740898 0.450287
vt 0.740898 0.450287
vt 0.740667 0.450065
vt 0.740898 0.450287
vt 0.740667 0.450065
vt 0.740667 0.450065
vt 0.740898 0.450287
vt 0.740898 0.450287
vt 0.740667 0.450065
vt 0.740898 0.450287
vt 0.740667 0.450065
vt 0.741093 0.450468
vt 0.740898 0.450287
vt 0.741093 0.450468
vt 0.741093 0.450468
vt 0.740898 0.450287
vt 0.740898 0.450287
vt 0.741093 0.450468
vt 0.740898 0.450287
vt 0.741093 0.450468
vt 0.741093 0.450468
vt 0.740898 0.450287
vt 0.740898 0.450287
vt 0.741093 0.450468
vt 0.740898 0.450287
vt 0.741093 0.450468
vt 0.741093 0.450468
vt 0.740898 0.450287
vt 0.740898 0.450287
vt 0.741093 0.450468
vt 0.740898 0.450287
vt 0.741093 0.450468
vt 0.740898 0.450287
vt 0.740898 0.450287
vt 0.741093 0.450468
vt 0.740898 0.450287
vt 0.740667 0.450065
vt 0.740898 0.450287
vt 0.740667 0.450065
vt 0.740667 0.450065
vt 0.740898 0.450287
vt 0.740898 0.450287
vt 0.740667 0.450065
vt 0.740898 0.450287
vt 0.740667 0.450065
vt 0.740667 0.450065
vt 0.740898 0.450287
vt 0.740667 0.450065
vt 0.740321 0.449726
vt 0.740667 0.450065
vt 0.740321 0.449726
vt 0.740321 0.449726
vt 0.740667 0.450065
vt 0.740321 0.449726
vt 0.740321 0.449726
vt 0.740321 0.449726
vt 0.740321 0.449726
vt 0.740321 0.449726
vt 0.740321 0.449726
vt 0.740667 0.450065
vt 0.740321 0.449726
vt 0.740667 0.450065
vt 0.740321 0.449726
vt 0.740321 0.449726
vt 0.740667 0.450065
vt 0.740321 0.449726
vt 0.740321 0.449726
vt 0.740321 0.449726
vt 0.740321 0.449726
vt 0.740321 0.449726
vt 0.740321 0.449726
vt 0.740321 0.449726
vt 0.740321 0.449726
vt 0.740321 0.449726
vt 0.740321 0.449726
vt 0.740321 0.449726
vt 0.740321 0.449726
vt 0.740321 0.449726
vt 0.740321 0.449726
vt 0.740321 0.449726
vt 0.740321 0.449726
vt 0.740321 0.449726
vt 0.740321 0.449726
vt 0.740321 0.449726
vt 0.740321 0.449726
vt 0.740321 0.449726
vt 0.740321 0.449726
vt 0.740667 0.450065
vt 0.740321 0.449726

# 8217 Vertex Normals
vn 0.482928 -0.746569 -0.457618
vn 0.459079 -0.884049 -0.087766
vn 0.897783 -0.375786 -0.229719
vn -0.720787 -0.372004 -0.584875
vn -0.519601 -0.534787 -0.666347
vn -0.840291 -0.497553 -0.215295
vn -0.840291 -0.497553 -0.215295
vn -0.519601 -0.534787 -0.666347
vn -0.495108 -0.77178 -0.399028
vn -0.519601 -0.534787 -0.666347
vn 0.009624 -0.637282 -0.770571
vn -0.495108 -0.77178 -0.399028
vn -0.495108 -0.77178 -0.399028
vn 0.009624 -0.637282 -0.770571
vn 0.012131 -0.97634 -0.2159
vn 0.012131 -0.97634 -0.2159
vn 0.009624 -0.637282 -0.770571
vn 0.512881 -0.768545 -0.382482
vn 0.009624 -0.637282 -0.770571
vn 0.606483 -0.566994 -0.557402
vn 0.512881 -0.768545 -0.382482
vn 0.512881 -0.768545 -0.382482
vn 0.606483 -0.566994 -0.557402
vn 0.862413 -0.494579 -0.107872
vn 0.862413 -0.494579 -0.107872
vn 0.606483 -0.566994 -0.557402
vn 0.897783 -0.375786 -0.229719
vn 0.606483 -0.566994 -0.557402
vn 0.456993 -0.446811 -0.769102
vn 0.897783 -0.375786 -0.229719
vn 0.897783 -0.375786 -0.229719
vn 0.456993 -0.446811 -0.769102
vn 0.482928 -0.746569 -0.457618
vn 0.606483 -0.566994 -0.557402
vn 0.009624 -0.637282 -0.770571
vn 0.456993 -0.446811 -0.769102
vn 0.456993 -0.446811 -0.769102
vn 0.009624 -0.637282 -0.770571
vn -0.190836 -0.415538 -0.889331
vn 0.009624 -0.637282 -0.770571
vn -0.519601 -0.534787 -0.666347
vn -0.190836 -0.415538 -0.889331
vn -0.190836 -0.415538 -0.889331
vn -0.519601 -0.534787 -0.666347
vn -0.720787 -0.372004 -0.584875
vn -0.720787 -0.372004 -0.584875
vn -0.840291 -0.497553 -0.215295
vn -0.94541 -0.296935 -0.134273
vn 0.482928 -0.746569 -0.457618
vn 0.456993 -0.446811 -0.769102
vn -0.017508 -0.827423 -0.561306
vn 0.456993 -0.446811 -0.769102
vn -0.190836 -0.415538 -0.889331
vn -0.017508 -0.827423 -0.561306
vn -0.017508 -0.827423 -0.561306
vn -0.190836 -0.415538 -0.889331
vn -0.387039 -0.840514 -0.379127
vn -0.190836 -0.415538 -0.889331
vn -0.720787 -0.372004 -0.584875
vn -0.387039 -0.840514 -0.379127
vn -0.387039 -0.840514 -0.379127
vn -0.720787 -0.372004 -0.584875
vn -0.540982 -0.826388 -0.156271
vn -0.720787 -0.372004 -0.584875
vn -0.94541 -0.296935 -0.134273
vn -0.540982 -0.826388 -0.156271
vn -0.540982 -0.826388 -0.156271
vn -0.94541 -0.296935 -0.134273
vn -0.717372 -0.691244 0.08694
vn -0.94541 -0.296935 -0.134273
vn -0.908092 -0.255423 0.331857
vn -0.717372 -0.691244 0.08694
vn -0.717372 -0.691244 0.08694
vn -0.908092 -0.255423 0.331857
vn -0.43794 -0.859079 0.264936
vn -0.908092 -0.255423 0.331857
vn -0.599187 -0.235565 0.765169
vn -0.43794 -0.859079 0.264936
vn -0.610208 -0.300701 0.732956
vn -0.599187 -0.235565 0.765169
vn -0.892908 -0.314569 0.322122
vn -0.599187 -0.235565 0.765169
vn -0.908092 -0.255423 0.331857
vn -0.892908 -0.314569 0.322122
vn -0.908092 -0.255423 0.331857
vn -0.94541 -0.296935 -0.134273
vn -0.892908 -0.314569 0.322122
vn -0.892908 -0.314569 0.322122
vn -0.94541 -0.296935 -0.134273
vn -0.882155 -0.395528 0.255658
vn -0.94541 -0.296935 -0.134273
vn -0.840291 -0.497553 -0.215295
vn -0.882155 -0.395528 0.255658
vn -0.882155 -0.395528 0.255658
vn -0.840291 -0.497553 -0.215295
vn -0.507616 -0.792281 0.338552
vn -0.840291 -0.497553 -0.215295
vn -0.495108 -0.77178 -0.399028
vn -0.507616 -0.792281 0.338552
vn -0.495108 -0.77178 -0.399028
vn 0.012131 -0.97634 -0.2159
vn -0.507616 -0.792281 0.338552
vn -0.507616 -0.792281 0.338552
vn 0.012131 -0.97634 -0.2159
vn 0.064272 -0.851993 0.519594
vn 0.064272 -0.851993 0.519594
vn 0.012131 -0.97634 -0.2159
vn 0.558513 -0.788048 0.258927
vn 0.012131 -0.97634 -0.2159
vn 0.512881 -0.768545 -0.382482
vn 0.558513 -0.788048 0.258927
vn 0.558513 -0.788048 0.258927
vn 0.512881 -0.768545 -0.382482
vn 0.862413 -0.494579 -0.107872
vn 0.893948 -0.351585 0.27793
vn 0.852164 -0.447518 0.271192
vn 0.862413 -0.494579 -0.107872
vn 0.862413 -0.494579 -0.107872
vn 0.852164 -0.447518 0.271192
vn 0.558513 -0.788048 0.258927
vn 0.852164 -0.447518 0.271192
vn 0.544074 -0.492003 0.679645
vn 0.558513 -0.788048 0.258927
vn 0.558513 -0.788048 0.258927
vn 0.544074 -0.492003 0.679645
vn 0.064272 -0.851993 0.519594
vn 0.544074 -0.492003 0.679645
vn -0.01912 -0.503261 0.863923
vn 0.064272 -0.851993 0.519594
vn 0.064272 -0.851993 0.519594
vn -0.01912 -0.503261 0.863923
vn -0.507616 -0.792281 0.338552
vn -0.01912 -0.503261 0.863923
vn -0.571319 -0.425825 0.701618
vn -0.507616 -0.792281 0.338552
vn -0.507616 -0.792281 0.338552
vn -0.571319 -0.425825 0.701618
vn -0.882155 -0.395528 0.255658
vn -0.571319 -0.425825 0.701618
vn -0.610208 -0.300701 0.732956
vn -0.882155 -0.395528 0.255658
vn -0.882155 -0.395528 0.255658
vn -0.610208 -0.300701 0.732956
vn -0.892908 -0.314569 0.322122
vn -0.034426 -0.355319 0.934111
vn -0.01912 -0.503261 0.863923
vn 0.601925 -0.367029 0.709208
vn 0.601925 -0.367029 0.709208
vn -0.01912 -0.503261 0.863923
vn 0.544074 -0.492003 0.679645
vn 0.852164 -0.447518 0.271192
vn 0.893948 -0.351585 0.27793
vn 0.544074 -0.492003 0.679645
vn 0.544074 -0.492003 0.679645
vn 0.893948 -0.351585 0.27793
vn 0.601925 -0.367029 0.709208
vn 0.893948 -0.351585 0.27793
vn 0.909109 -0.31675 0.270535
vn 0.601925 -0.367029 0.709208
vn 0.909109 -0.31675 0.270535
vn 0.604667 -0.356317 0.712331
vn 0.601925 -0.367029 0.709208
vn 0.601925 -0.367029 0.709208
vn 0.604667 -0.356317 0.712331
vn -0.034426 -0.355319 0.934111
vn 0.604667 -0.356317 0.712331
vn 0.018411 -0.333182 0.942683
vn -0.034426 -0.355319 0.934111
vn 0.018411 -0.333182 0.942683
vn -0.599187 -0.235565 0.765169
vn -0.034426 -0.355319 0.934111
vn -0.599187 -0.235565 0.765169
vn -0.610208 -0.300701 0.732956
vn -0.034426 -0.355319 0.934111
vn -0.034426 -0.355319 0.934111
vn -0.610208 -0.300701 0.732956
vn -0.01912 -0.503261 0.863923
vn -0.610208 -0.300701 0.732956
vn -0.571319 -0.425825 0.701618
vn -0.01912 -0.503261 0.863923
vn -0.43794 -0.859079 0.264936
vn -0.599187 -0.235565 0.765169
vn -0.183257 -0.831092 0.525074
vn -0.599187 -0.235565 0.765169
vn 0.018411 -0.333182 0.942683
vn -0.183257 -0.831092 0.525074
vn -0.183257 -0.831092 0.525074
vn 0.018411 -0.333182 0.942683
vn 0.286996 -0.875774 0.38814
vn 0.018411 -0.333182 0.942683
vn 0.604667 -0.356317 0.712331
vn 0.286996 -0.875774 0.38814
vn 0.286996 -0.875774 0.38814
vn 0.604667 -0.356317 0.712331
vn 0.641338 -0.740382 0.201299
vn 0.604667 -0.356317 0.712331
vn 0.909109 -0.31675 0.270535
vn 0.641338 -0.740382 0.201299
vn 0.641338 -0.740382 0.201299
vn 0.909109 -0.31675 0.270535
vn 0.459079 -0.884049 -0.087766
vn 0.459079 -0.884049 -0.087766
vn 0.909109 -0.31675 0.270535
vn 0.897783 -0.375786 -0.229719
vn 0.909109 -0.31675 0.270535
vn 0.893948 -0.351585 0.27793
vn 0.897783 -0.375786 -0.229719
vn 0.897783 -0.375786 -0.229719
vn 0.893948 -0.351585 0.27793
vn 0.862413 -0.494579 -0.107872
vn -0.830181 0.495257 0.255968
vn -0.589677 0.760272 -0.272521
vn -0.843358 0.423527 -0.330716
vn 0.499823 0.562703 0.65844
vn 0.520329 0.810313 0.269538
vn 0.000001 0.682136 0.731226
vn 0.000001 0.682136 0.731226
vn 0.520329 0.810313 0.269538
vn -0.082425 0.969477 0.23091
vn 0.520329 0.810313 0.269538
vn 0.063563 0.795064 -0.603186
vn -0.082425 0.969477 0.23091
vn 0.063563 0.795064 -0.603186
vn -0.589677 0.760272 -0.272521
vn -0.082425 0.969477 0.23091
vn -0.082425 0.969477 0.23091
vn -0.589677 0.760272 -0.272521
vn -0.548326 0.764401 0.339159
vn -0.589677 0.760272 -0.272521
vn -0.830181 0.495257 0.255968
vn -0.548326 0.764401 0.339159
vn -0.830181 0.495257 0.255968
vn -0.499822 0.562703 0.65844
vn -0.548326 0.764401 0.339159
vn -0.548326 0.764401 0.339159
vn -0.499822 0.562703 0.65844
vn 0.000001 0.682136 0.731226
vn -0.499822 0.562703 0.65844
vn -0.048376 0.416036 0.908061
vn 0.000001 0.682136 0.731226
vn 0.000001 0.682136 0.731226
vn -0.048376 0.416036 0.908061
vn 0.499823 0.562703 0.65844
vn -0.548326 0.764401 0.339159
vn 0.000001 0.682136 0.731226
vn -0.082425 0.969477 0.23091
vn 0.499823 0.562703 0.65844
vn 0.800008 0.527764 0.285398
vn 0.520329 0.810313 0.269538
vn 0.800008 0.527764 0.285398
vn 0.626345 0.711664 -0.318161
vn 0.520329 0.810313 0.269538
vn 0.520329 0.810313 0.269538
vn 0.626345 0.711664 -0.318161
vn 0.063563 0.795064 -0.603186
vn 0.800008 0.527764 0.285398
vn 0.870664 0.372106 -0.321684
vn 0.626345 0.711664 -0.318161
vn -0.048376 0.416036 0.908061
vn 0.559715 0.363386 0.744762
vn 0.499823 0.562703 0.65844
vn 0.499823 0.562703 0.65844
vn 0.559715 0.363386 0.744762
vn 0.800008 0.527764 0.285398
vn 0.559715 0.363386 0.744762
vn 0.904248 0.30731 0.296473
vn 0.800008 0.527764 0.285398
vn 0.800008 0.527764 0.285398
vn 0.904248 0.30731 0.296473
vn 0.870664 0.372106 -0.321684
vn 0.904248 0.30731 0.296473
vn 0.955739 0.205403 -0.210647
vn 0.870664 0.372106 -0.321684
vn 0.955739 0.205403 -0.210647
vn 0.565835 0.211973 -0.796805
vn 0.870664 0.372106 -0.321684
vn 0.870664 0.372106 -0.321684
vn 0.565835 0.211973 -0.796805
vn 0.433185 0.373594 -0.820231
vn 0.565835 0.211973 -0.796805
vn 0.002216 0.282499 -0.959265
vn 0.433185 0.373594 -0.820231
vn 0.002216 0.282499 -0.959265
vn 0.063563 0.795064 -0.603186
vn 0.433185 0.373594 -0.820231
vn 0.063563 0.795064 -0.603186
vn 0.626345 0.711664 -0.318161
vn 0.433185 0.373594 -0.820231
vn 0.433185 0.373594 -0.820231
vn 0.626345 0.711664 -0.318161
vn 0.870664 0.372106 -0.321684
vn 0.764245 -0.641873 0.06268
vn 0.836339 -0.484013 -0.257428
vn 0.983531 -0.109953 -0.143445
vn -0.535402 -0.62593 0.56706
vn -0.030227 -0.87325 0.486334
vn -0.158551 -0.332729 0.929598
vn -0.158551 -0.332729 0.929598
vn -0.030227 -0.87325 0.486334
vn 0.4354 -0.517087 0.736918
vn -0.030227 -0.87325 0.486334
vn 0.420143 -0.865966 0.27126
vn 0.4354 -0.517087 0.736918
vn 0.4354 -0.517087 0.736918
vn 0.420143 -0.865966 0.27126
vn 0.946213 -0.23721 0.220026
vn 0.420143 -0.865966 0.27126
vn 0.512038 -0.858777 0.017846
vn 0.946213 -0.23721 0.220026
vn 0.976347 -0.12824 0.174071
vn 0.983531 -0.109953 -0.143445
vn 0.946213 -0.23721 0.220026
vn 0.946213 -0.23721 0.220026
vn 0.983531 -0.109953 -0.143445
vn 0.955883 -0.188934 -0.224925
vn -0.76302 -0.642697 -0.06886
vn -0.902117 -0.323085 0.286007
vn -0.99625 0.021024 -0.083924
vn -0.99625 0.021024 -0.083924
vn -0.805559 -0.551146 0.217515
vn -0.900832 -0.11045 0.419885
vn -0.600492 -0.791693 0.112388
vn -0.535402 -0.62593 0.56706
vn -0.900832 -0.11045 0.419885
vn -0.900832 -0.11045 0.419885
vn -0.535402 -0.62593 0.56706
vn -0.562754 -0.272532 0.780407
vn -0.535402 -0.62593 0.56706
vn -0.158551 -0.332729 0.929598
vn -0.562754 -0.272532 0.780407
vn -0.562754 -0.272532 0.780407
vn -0.158551 -0.332729 0.929598
vn -0.212437 -0.405013 0.889289
vn -0.158551 -0.332729 0.929598
vn 0.4354 -0.517087 0.736918
vn -0.212437 -0.405013 0.889289
vn -0.212437 -0.405013 0.889289
vn 0.4354 -0.517087 0.736918
vn 0.329034 -0.700261 0.633539
vn 0.4354 -0.517087 0.736918
vn 0.946213 -0.23721 0.220026
vn 0.329034 -0.700261 0.633539
vn 0.329034 -0.700261 0.633539
vn 0.946213 -0.23721 0.220026
vn 0.495518 -0.854829 0.154043
vn -0.62627 -0.285014 0.72564
vn -0.212437 -0.405013 0.889289
vn -0.283566 -0.519482 0.806058
vn -0.212437 -0.405013 0.889289
vn 0.329034 -0.700261 0.633539
vn -0.283566 -0.519482 0.806058
vn 0.946213 -0.23721 0.220026
vn 0.812473 -0.501849 -0.296707
vn 0.495518 -0.854829 0.154043
vn 0.635072 -0.657561 -0.405336
vn -0.020746 -0.973222 -0.228929
vn 0.495518 -0.854829 0.154043
vn -0.020746 -0.973222 -0.228929
vn 0.01099 -0.990264 0.138767
vn 0.495518 -0.854829 0.154043
vn 0.01099 -0.990264 0.138767
vn 0.001468 -0.804926 0.593373
vn 0.495518 -0.854829 0.154043
vn 0.495518 -0.854829 0.154043
vn 0.001468 -0.804926 0.593373
vn 0.329034 -0.700261 0.633539
vn 0.001468 -0.804926 0.593373
vn -0.187965 -0.62124 0.760743
vn 0.329034 -0.700261 0.633539
vn 0.329034 -0.700261 0.633539
vn -0.187965 -0.62124 0.760743
vn -0.283566 -0.519482 0.806058
vn -0.187965 -0.62124 0.760743
vn -0.381812 -0.287189 0.878488
vn -0.283566 -0.519482 0.806058
vn -0.283566 -0.519482 0.806058
vn -0.381812 -0.287189 0.878488
vn -0.62627 -0.285014 0.72564
vn -0.381812 -0.287189 0.878488
vn -0.73393 -0.079196 0.674592
vn -0.62627 -0.285014 0.72564
vn -0.381812 -0.287189 0.878488
vn -0.187965 -0.62124 0.760743
vn -0.176998 -0.422459 0.888932
vn -0.187965 -0.62124 0.760743
vn 0.001468 -0.804926 0.593373
vn -0.176998 -0.422459 0.888932
vn -0.176998 -0.422459 0.888932
vn 0.001468 -0.804926 0.593373
vn -0.004922 -0.449815 0.893108
vn -0.62627 -0.285014 0.72564
vn -0.73393 -0.079196 0.674592
vn -0.935437 -0.144552 0.322588
vn -0.73393 -0.079196 0.674592
vn -0.934978 0.027983 0.353599
vn -0.935437 -0.144552 0.322588
vn -0.934978 0.027983 0.353599
vn -0.996614 -0.072236 -0.039279
vn -0.935437 -0.144552 0.322588
vn -0.935437 -0.144552 0.322588
vn -0.996614 -0.072236 -0.039279
vn -0.986513 -0.123265 -0.107694
vn -0.996614 -0.072236 -0.039279
vn -0.892961 -0.170451 -0.416614
vn -0.986513 -0.123265 -0.107694
vn -0.986513 -0.123265 -0.107694
vn -0.892961 -0.170451 -0.416614
vn -0.897316 -0.075221 -0.434932
vn -0.892961 -0.170451 -0.416614
vn -0.639835 -0.220796 -0.736111
vn -0.897316 -0.075221 -0.434932
vn -0.897316 -0.075221 -0.434932
vn -0.639835 -0.220796 -0.736111
vn -0.56254 -0.120406 -0.817956
vn -0.639835 -0.220796 -0.736111
vn -0.262408 -0.368154 -0.891967
vn -0.56254 -0.120406 -0.817956
vn -0.56254 -0.120406 -0.817956
vn -0.262408 -0.368154 -0.891967
vn -0.079633 -0.265664 -0.960771
vn 0.068449 -0.630117 -0.773478
vn -0.262408 -0.368154 -0.891967
vn -0.339491 -0.440081 -0.831309
vn -0.339491 -0.440081 -0.831309
vn -0.262408 -0.368154 -0.891967
vn -0.578436 -0.320124 -0.750288
vn -0.262408 -0.368154 -0.891967
vn -0.639835 -0.220796 -0.736111
vn -0.578436 -0.320124 -0.750288
vn -0.578436 -0.320124 -0.750288
vn -0.639835 -0.220796 -0.736111
vn -0.886114 -0.12567 -0.446104
vn -0.639835 -0.220796 -0.736111
vn -0.892961 -0.170451 -0.416614
vn -0.886114 -0.12567 -0.446104
vn -0.886114 -0.12567 -0.446104
vn -0.892961 -0.170451 -0.416614
vn -0.996614 -0.072236 -0.039279
vn -0.897316 -0.075221 -0.434932
vn -0.56254 -0.120406 -0.817956
vn -0.875331 -0.035975 -0.482184
vn -0.875331 -0.035975 -0.482184
vn -0.56254 -0.120406 -0.817956
vn -0.545357 -0.081169 -0.834265
vn -0.56254 -0.120406 -0.817956
vn -0.079633 -0.265664 -0.960771
vn -0.545357 -0.081169 -0.834265
vn -0.545357 -0.081169 -0.834265
vn -0.079633 -0.265664 -0.960771
vn 0.013176 -0.145306 -0.989299
vn 0.013176 -0.145306 -0.989299
vn -0.079633 -0.265664 -0.960771
vn 0.633348 -0.266323 -0.726597
vn -0.079633 -0.265664 -0.960771
vn 0.543418 -0.39985 -0.738117
vn 0.633348 -0.266323 -0.726597
vn -0.262408 -0.368154 -0.891967
vn 0.068449 -0.630117 -0.773478
vn -0.079633 -0.265664 -0.960771
vn -0.079633 -0.265664 -0.960771
vn 0.068449 -0.630117 -0.773478
vn 0.543418 -0.39985 -0.738117
vn 0.068449 -0.630117 -0.773478
vn 0.723716 -0.594375 -0.350648
vn 0.543418 -0.39985 -0.738117
vn 0.543418 -0.39985 -0.738117
vn 0.723716 -0.594375 -0.350648
vn 0.633348 -0.266323 -0.726597
vn 0.723716 -0.594375 -0.350648
vn 0.983531 -0.109953 -0.143445
vn 0.633348 -0.266323 -0.726597
vn 0.983531 -0.109953 -0.143445
vn 0.689466 -0.683308 -0.240266
vn 0.633348 -0.266323 -0.726597
vn 0.689466 -0.683308 -0.240266
vn 0.233727 -0.869157 -0.435819
vn 0.633348 -0.266323 -0.726597
vn 0.633348 -0.266323 -0.726597
vn 0.233727 -0.869157 -0.435819
vn 0.013176 -0.145306 -0.989299
vn 0.233727 -0.869157 -0.435819
vn -0.149862 -0.748223 -0.6463
vn 0.013176 -0.145306 -0.989299
vn 0.013176 -0.145306 -0.989299
vn -0.177625 -0.617776 -0.76603
vn -0.545357 -0.081169 -0.834265
vn -0.149862 -0.748223 -0.6463
vn -0.498284 -0.709571 -0.498219
vn -0.545357 -0.081169 -0.834265
vn -0.498284 -0.709571 -0.498219
vn -0.758393 -0.559389 -0.334552
vn -0.545357 -0.081169 -0.834265
vn -0.545357 -0.081169 -0.834265
vn -0.758393 -0.559389 -0.334552
vn -0.875331 -0.035975 -0.482184
vn -0.758393 -0.559389 -0.334552
vn -0.99625 0.021024 -0.083924
vn -0.875331 -0.035975 -0.482184
vn -0.875331 -0.035975 -0.482184
vn -0.99625 0.021024 -0.083924
vn -0.897316 -0.075221 -0.434932
vn -0.99625 0.021024 -0.083924
vn -0.99737 -0.072265 0.005485
vn -0.897316 -0.075221 -0.434932
vn -0.897316 -0.075221 -0.434932
vn -0.99737 -0.072265 0.005485
vn -0.986513 -0.123265 -0.107694
vn -0.986513 -0.123265 -0.107694
vn -0.99737 -0.072265 0.005485
vn -0.935437 -0.144552 0.322588
vn -0.99737 -0.072265 0.005485
vn -0.903158 -0.133233 0.40811
vn -0.935437 -0.144552 0.322588
vn -0.935437 -0.144552 0.322588
vn -0.903158 -0.133233 0.40811
vn -0.62627 -0.285014 0.72564
vn -0.758393 -0.559389 -0.334552
vn -0.76302 -0.642697 -0.06886
vn -0.99625 0.021024 -0.083924
vn -0.903158 -0.133233 0.40811
vn -0.655495 -0.223037 0.721513
vn -0.62627 -0.285014 0.72564
vn -0.62627 -0.285014 0.72564
vn -0.655495 -0.223037 0.721513
vn -0.212437 -0.405013 0.889289
vn -0.212437 -0.405013 0.889289
vn -0.655495 -0.223037 0.721513
vn -0.562754 -0.272532 0.780407
vn -0.562754 -0.272532 0.780407
vn -0.655495 -0.223037 0.721513
vn -0.900832 -0.11045 0.419885
vn -0.655495 -0.223037 0.721513
vn -0.903158 -0.133233 0.40811
vn -0.900832 -0.11045 0.419885
vn -0.903158 -0.133233 0.40811
vn -0.99737 -0.072265 0.005485
vn -0.900832 -0.11045 0.419885
vn -0.900832 -0.11045 0.419885
vn -0.99737 -0.072265 0.005485
vn -0.99625 0.021024 -0.083924
vn -0.843358 0.423527 -0.330716
vn -0.589677 0.760272 -0.272521
vn -0.512013 0.325242 -0.795022
vn -0.589677 0.760272 -0.272521
vn 0.063563 0.795064 -0.603186
vn -0.512013 0.325242 -0.795022
vn -0.512013 0.325242 -0.795022
vn 0.063563 0.795064 -0.603186
vn 0.002216 0.282499 -0.959265
vn 0.689466 -0.683308 -0.240266
vn 0.459079 -0.884049 -0.087766
vn 0.233727 -0.869157 -0.435819
vn 0.459079 -0.884049 -0.087766
vn 0.482928 -0.746569 -0.457618
vn 0.233727 -0.869157 -0.435819
vn 0.482928 -0.746569 -0.457618
vn -0.017508 -0.827423 -0.561306
vn 0.233727 -0.869157 -0.435819
vn 0.233727 -0.869157 -0.435819
vn -0.017508 -0.827423 -0.561306
vn -0.10319 -0.863695 -0.493339
vn -0.017508 -0.827423 -0.561306
vn -0.387039 -0.840514 -0.379127
vn -0.149862 -0.748223 -0.6463
vn -0.149862 -0.748223 -0.6463
vn -0.387039 -0.840514 -0.379127
vn -0.498284 -0.709571 -0.498219
vn -0.498284 -0.709571 -0.498219
vn -0.387039 -0.840514 -0.379127
vn -0.758393 -0.559389 -0.334552
vn -0.387039 -0.840514 -0.379127
vn -0.540982 -0.826388 -0.156271
vn -0.758393 -0.559389 -0.334552
vn -0.758393 -0.559389 -0.334552
vn -0.540982 -0.826388 -0.156271
vn -0.76302 -0.642697 -0.06886
vn -0.76302 -0.642697 -0.06886
vn -0.540982 -0.826388 -0.156271
vn -0.600492 -0.791693 0.112388
vn -0.540982 -0.826388 -0.156271
vn -0.717372 -0.691244 0.08694
vn -0.250016 -0.966828 0.052306
vn -0.717372 -0.691244 0.08694
vn -0.43794 -0.859079 0.264936
vn -0.448722 -0.889735 0.083791
vn -0.250016 -0.966828 0.052306
vn -0.43794 -0.859079 0.264936
vn -0.535402 -0.62593 0.56706
vn -0.535402 -0.62593 0.56706
vn -0.43794 -0.859079 0.264936
vn -0.030227 -0.87325 0.486334
vn -0.43794 -0.859079 0.264936
vn -0.183257 -0.831092 0.525074
vn -0.030227 -0.87325 0.486334
vn -0.030227 -0.87325 0.486334
vn -0.183257 -0.831092 0.525074
vn 0.420143 -0.865966 0.27126
vn -0.183257 -0.831092 0.525074
vn 0.286996 -0.875774 0.38814
vn 0.420143 -0.865966 0.27126
vn 0.420143 -0.865966 0.27126
vn 0.286996 -0.875774 0.38814
vn 0.345621 -0.938331 0.009046
vn 0.286996 -0.875774 0.38814
vn 0.641338 -0.740382 0.201299
vn 0.345621 -0.938331 0.009046
vn 0.641338 -0.740382 0.201299
vn 0.459079 -0.884049 -0.087766
vn 0.139546 -0.990196 0.006254
vn 0.139546 -0.990196 0.006254
vn 0.459079 -0.884049 -0.087766
vn 0.517064 -0.802135 -0.298705
vn 0.827083 0.157156 0.539663
vn 0.702841 0.2008 0.682418
vn 0.594443 0.154412 0.789173
vn 0.890193 -0.230113 0.393198
vn 0.991073 -0.127566 0.038737
vn 0.840455 -0.468478 -0.272333
vn 0.840455 -0.468478 -0.272333
vn 0.675577 -0.690539 -0.258362
vn 0.39769 -0.689073 -0.605822
vn -0.419598 -0.900307 -0.115694
vn -0.767176 -0.466751 -0.439982
vn -0.881443 -0.463733 -0.089497
vn -0.99165 -0.125536 0.029499
vn -0.957031 -0.060741 -0.283554
vn -0.898911 -0.22521 0.375818
vn -0.671187 0.294513 -0.680272
vn -0.329954 0.175325 -0.927573
vn -0.545381 0.336245 -0.767788
vn -0.545381 0.336245 -0.767788
vn -0.329954 0.175325 -0.927573
vn -0.246283 0.192589 -0.949871
vn -0.329954 0.175325 -0.927573
vn -0.0 0.147212 -0.989105
vn -0.246283 0.192589 -0.949871
vn 0.226854 0.203575 0.952415
vn 0.0 0.292601 0.956235
vn 0.337325 0.211829 0.917246
vn 0.0 0.292601 0.956235
vn 0.325933 0.419373 0.847286
vn 0.337325 0.211829 0.917246
vn -0.284082 0.192936 0.939188
vn -0.201576 0.216751 0.955189
vn 0.04011 0.267758 0.962651
vn 0.04011 0.267758 0.962651
vn -0.201576 0.216751 0.955189
vn 0.239326 0.200252 0.950064
vn 0.239326 0.200252 0.950064
vn -0.201576 0.216751 0.955189
vn 0.238302 0.267479 0.933631
vn -0.201576 0.216751 0.955189
vn -0.238669 0.249221 0.938576
vn 0.238302 0.267479 0.933631
vn 0.238302 0.267479 0.933631
vn -0.238669 0.249221 0.938576
vn 0.226854 0.203575 0.952415
vn -0.238669 0.249221 0.938576
vn -0.272577 0.198925 0.941345
vn 0.226854 0.203575 0.952415
vn 0.226854 0.203575 0.952415
vn -0.272577 0.198925 0.941345
vn 0.0 0.292601 0.956235
vn -0.272577 0.198925 0.941345
vn -0.337325 0.211829 0.917246
vn 0.0 0.292601 0.956235
vn 0.0 0.292601 0.956235
vn -0.337325 0.211829 0.917246
vn -0.325933 0.419373 0.847286
vn -0.730156 0.675943 -0.09986
vn -0.617796 0.769167 0.163435
vn -0.488896 0.860774 0.14159
vn -0.617796 0.769167 0.163435
vn -0.292953 0.907415 0.301291
vn -0.488896 0.860774 0.14159
vn -0.158882 -0.725971 0.66912
vn 0.036831 -0.687086 0.725642
vn 0.127208 -0.595172 0.793466
vn 0.036831 -0.687086 0.725642
vn 0.392494 -0.545596 0.740455
vn 0.127208 -0.595172 0.793466
vn -0.746535 -0.646452 0.15743
vn -0.474182 -0.772992 0.421467
vn -0.654369 -0.620903 0.431602
vn -0.0 0.147212 -0.989105
vn 0.329954 0.175325 -0.927573
vn 0.227859 0.189084 -0.955158
vn 0.227859 0.189084 -0.955158
vn 0.329954 0.175325 -0.927573
vn 0.545381 0.336245 -0.767788
vn 0.329954 0.175325 -0.927573
vn 0.671187 0.294513 -0.680272
vn 0.545381 0.336245 -0.767788
vn 0.640991 0.73874 0.208308
vn 0.75111 0.657853 -0.055345
vn 0.457336 0.877708 0.143081
vn 0.21407 -0.184431 0.959249
vn 0.211558 -0.465092 0.859612
vn 0.402603 -0.108765 0.90889
vn 0.402603 -0.108765 0.90889
vn 0.211558 -0.465092 0.859612
vn 0.340891 -0.328417 0.880872
vn 0.211558 -0.465092 0.859612
vn 0.027602 -0.733496 0.679133
vn 0.340891 -0.328417 0.880872
vn 0.340891 -0.328417 0.880872
vn 0.027602 -0.733496 0.679133
vn 0.177905 -0.592894 0.785383
vn 0.662899 -0.012256 0.748608
vn 0.402603 -0.108765 0.90889
vn 0.340891 -0.328417 0.880872
vn 0.032211 -0.183368 0.982517
vn -0.004922 -0.449815 0.893108
vn 0.21407 -0.184431 0.959249
vn 0.21407 -0.184431 0.959249
vn -0.004922 -0.449815 0.893108
vn 0.211558 -0.465092 0.859612
vn -0.004922 -0.449815 0.893108
vn 0.081829 -0.823306 0.561668
vn 0.211558 -0.465092 0.859612
vn 0.211558 -0.465092 0.859612
vn 0.081829 -0.823306 0.561668
vn 0.027602 -0.733496 0.679133
vn 0.081829 -0.823306 0.561668
vn -0.381037 -0.873286 0.303615
vn 0.027602 -0.733496 0.679133
vn -0.635545 -0.72733 0.258986
vn -0.204782 -0.719043 0.66411
vn 0.027602 -0.733496 0.679133
vn 0.027602 -0.733496 0.679133
vn -0.204782 -0.719043 0.66411
vn 0.177905 -0.592894 0.785383
vn -0.204782 -0.719043 0.66411
vn 0.332578 -0.47059 0.817274
vn 0.177905 -0.592894 0.785383
vn 0.177905 -0.592894 0.785383
vn 0.332578 -0.47059 0.817274
vn 0.340891 -0.328417 0.880872
vn 0.332578 -0.47059 0.817274
vn 0.678122 -0.120739 0.724964
vn 0.340891 -0.328417 0.880872
vn 0.340891 -0.328417 0.880872
vn 0.678122 -0.120739 0.724964
vn 0.662899 -0.012256 0.748608
vn 0.678122 -0.120739 0.724964
vn 0.893877 0.099789 0.437065
vn 0.662899 -0.012256 0.748608
vn 0.081829 -0.823306 0.561668
vn 0.01099 -0.990264 0.138767
vn -0.381037 -0.873286 0.303615
vn -0.004922 -0.449815 0.893108
vn 0.032211 -0.183368 0.982517
vn -0.179388 -0.185472 0.966137
vn 0.700458 -0.27488 -0.658635
vn 0.93203 -0.151395 -0.32924
vn 0.92459 0.027421 -0.379977
vn 0.93203 -0.151395 -0.32924
vn 0.989466 0.137541 0.045163
vn 0.92459 0.027421 -0.379977
vn 0.92459 0.027421 -0.379977
vn 0.989466 0.137541 0.045163
vn 0.998109 -0.006101 -0.06117
vn 0.998109 -0.006101 -0.06117
vn 0.989466 0.137541 0.045163
vn 0.931654 -0.025695 0.362437
vn 0.989466 0.137541 0.045163
vn 0.893877 0.099789 0.437065
vn 0.931654 -0.025695 0.362437
vn 0.893877 0.099789 0.437065
vn 0.678122 -0.120739 0.724964
vn 0.931654 -0.025695 0.362437
vn 0.931654 -0.025695 0.362437
vn 0.678122 -0.120739 0.724964
vn 0.641837 -0.234548 0.730091
vn 0.678122 -0.120739 0.724964
vn 0.332578 -0.47059 0.817274
vn 0.641837 -0.234548 0.730091
vn 0.641837 -0.234548 0.730091
vn 0.332578 -0.47059 0.817274
vn 0.175905 -0.38943 0.904103
vn 0.332578 -0.47059 0.817274
vn -0.204782 -0.719043 0.66411
vn 0.175905 -0.38943 0.904103
vn 0.175905 -0.38943 0.904103
vn -0.204782 -0.719043 0.66411
vn -0.614073 -0.455481 0.644555
vn -0.204782 -0.719043 0.66411
vn -0.635545 -0.72733 0.258986
vn -0.614073 -0.455481 0.644555
vn -0.614073 -0.455481 0.644555
vn -0.635545 -0.72733 0.258986
vn -0.976624 -0.118902 0.179074
vn 0.998109 -0.006101 -0.06117
vn 0.931654 -0.025695 0.362437
vn 0.991 -0.132353 -0.020036
vn 0.991 -0.132353 -0.020036
vn 0.931654 -0.025695 0.362437
vn 0.897965 -0.131089 0.420088
vn 0.931654 -0.025695 0.362437
vn 0.641837 -0.234548 0.730091
vn 0.897965 -0.131089 0.420088
vn 0.897965 -0.131089 0.420088
vn 0.641837 -0.234548 0.730091
vn 0.611036 -0.207218 0.764
vn 0.641837 -0.234548 0.730091
vn 0.175905 -0.38943 0.904103
vn 0.611036 -0.207218 0.764
vn 0.611036 -0.207218 0.764
vn 0.175905 -0.38943 0.904103
vn 0.058283 -0.335151 0.94036
vn 0.175905 -0.38943 0.904103
vn -0.614073 -0.455481 0.644555
vn 0.058283 -0.335151 0.94036
vn 0.058283 -0.335151 0.94036
vn -0.614073 -0.455481 0.644555
vn -0.347582 -0.789626 0.505647
vn -0.347582 -0.789626 0.505647
vn -0.614073 -0.455481 0.644555
vn -0.57842 -0.804863 0.132761
vn -0.614073 -0.455481 0.644555
vn -0.976624 -0.118902 0.179074
vn -0.57842 -0.804863 0.132761
vn -0.938588 -0.19194 0.286725
vn -0.976624 -0.118902 0.179074
vn -0.982798 -0.113193 -0.145929
vn -0.897769 -0.425092 -0.115356
vn -0.976624 -0.118902 0.179074
vn -0.967929 -0.15262 -0.19955
vn -0.976624 -0.118902 0.179074
vn -0.91779 -0.34002 0.205056
vn -0.967929 -0.15262 -0.19955
vn -0.967929 -0.15262 -0.19955
vn -0.91779 -0.34002 0.205056
vn -0.853807 -0.442699 -0.273919
vn -0.381037 -0.873286 0.303615
vn 0.01099 -0.990264 0.138767
vn -0.432809 -0.809809 -0.396087
vn -0.557352 -0.750778 -0.35453
vn 0.01099 -0.990264 0.138767
vn -0.020746 -0.973222 -0.228929
vn 0.12332 -0.260141 -0.957663
vn 0.56075 -0.131844 -0.817421
vn 0.574417 -0.141336 -0.806269
vn 0.574417 -0.141336 -0.806269
vn 0.56075 -0.131844 -0.817421
vn 0.895995 -0.047132 -0.441556
vn 0.56075 -0.131844 -0.817421
vn 0.886341 -0.084007 -0.455348
vn 0.895995 -0.047132 -0.441556
vn 0.895995 -0.047132 -0.441556
vn 0.886341 -0.084007 -0.455348
vn 0.999249 0.00762 -0.037995
vn 0.886341 -0.084007 -0.455348
vn 0.995744 -0.073856 -0.055123
vn 0.999249 0.00762 -0.037995
vn 0.999249 0.00762 -0.037995
vn 0.995744 -0.073856 -0.055123
vn 0.911535 -0.087167 0.401878
vn 0.995744 -0.073856 -0.055123
vn 0.914718 -0.109406 0.388999
vn 0.911535 -0.087167 0.401878
vn 0.911535 -0.087167 0.401878
vn 0.914718 -0.109406 0.388999
vn 0.597133 -0.207653 0.774798
vn 0.914718 -0.109406 0.388999
vn 0.611036 -0.207218 0.764
vn 0.597133 -0.207653 0.774798
vn 0.611036 -0.207218 0.764
vn 0.058283 -0.335151 0.94036
vn 0.597133 -0.207653 0.774798
vn 0.597133 -0.207653 0.774798
vn 0.058283 -0.335151 0.94036
vn 0.138973 -0.887029 0.440302
vn 0.058283 -0.335151 0.94036
vn -0.347582 -0.789626 0.505647
vn 0.138973 -0.887029 0.440302
vn 0.611036 -0.207218 0.764
vn 0.914718 -0.109406 0.388999
vn 0.897965 -0.131089 0.420088
vn 0.897965 -0.131089 0.420088
vn 0.914718 -0.109406 0.388999
vn 0.991 -0.132353 -0.020036
vn 0.914718 -0.109406 0.388999
vn 0.995744 -0.073856 -0.055123
vn 0.991 -0.132353 -0.020036
vn 0.991 -0.132353 -0.020036
vn 0.995744 -0.073856 -0.055123
vn 0.873374 -0.188431 -0.449124
vn 0.995744 -0.073856 -0.055123
vn 0.886341 -0.084007 -0.455348
vn 0.873374 -0.188431 -0.449124
vn 0.873374 -0.188431 -0.449124
vn 0.886341 -0.084007 -0.455348
vn 0.584348 -0.264421 -0.767215
vn 0.886341 -0.084007 -0.455348
vn 0.56075 -0.131844 -0.817421
vn 0.584348 -0.264421 -0.767215
vn 0.584348 -0.264421 -0.767215
vn 0.56075 -0.131844 -0.817421
vn 0.222405 -0.353938 -0.90844
vn 0.56075 -0.131844 -0.817421
vn 0.12332 -0.260141 -0.957663
vn 0.222405 -0.353938 -0.90844
vn 0.991 -0.132353 -0.020036
vn 0.873374 -0.188431 -0.449124
vn 0.89508 -0.123752 -0.42839
vn 0.89508 -0.123752 -0.42839
vn 0.873374 -0.188431 -0.449124
vn 0.646905 -0.258332 -0.717481
vn 0.873374 -0.188431 -0.449124
vn 0.584348 -0.264421 -0.767215
vn 0.646905 -0.258332 -0.717481
vn 0.646905 -0.258332 -0.717481
vn 0.584348 -0.264421 -0.767215
vn 0.319717 -0.421671 -0.848513
vn 0.584348 -0.264421 -0.767215
vn 0.222405 -0.353938 -0.90844
vn 0.319717 -0.421671 -0.848513
vn 0.319717 -0.421671 -0.848513
vn 0.222405 -0.353938 -0.90844
vn -0.08291 -0.606622 -0.790655
vn 0.222405 -0.353938 -0.90844
vn 0.12332 -0.260141 -0.957663
vn -0.08291 -0.606622 -0.790655
vn -0.08291 -0.606622 -0.790655
vn 0.12332 -0.260141 -0.957663
vn -0.462998 -0.375855 -0.802724
vn -0.462998 -0.375855 -0.802724
vn 0.12332 -0.260141 -0.957663
vn 0.094843 -0.201932 -0.974797
vn 0.094843 -0.201932 -0.974797
vn 0.12332 -0.260141 -0.957663
vn 0.574417 -0.141336 -0.806269
vn -0.08291 -0.606622 -0.790655
vn 0.091189 -0.530399 -0.842829
vn 0.319717 -0.421671 -0.848513
vn 0.091189 -0.530399 -0.842829
vn 0.138634 -0.242015 -0.960317
vn 0.319717 -0.421671 -0.848513
vn 0.138634 -0.242015 -0.960317
vn 0.316256 -0.239138 -0.918039
vn 0.319717 -0.421671 -0.848513
vn 0.316256 -0.239138 -0.918039
vn 0.659591 -0.152493 -0.735993
vn 0.319717 -0.421671 -0.848513
vn 0.319717 -0.421671 -0.848513
vn 0.659591 -0.152493 -0.735993
vn 0.646905 -0.258332 -0.717481
vn 0.659591 -0.152493 -0.735993
vn 0.89508 -0.123752 -0.42839
vn 0.646905 -0.258332 -0.717481
vn 0.474038 -0.617073 -0.628099
vn 0.068425 -0.661946 -0.746422
vn 0.094843 -0.201932 -0.974797
vn 0.059375 -0.783071 -0.619092
vn -0.596439 -0.300135 -0.744433
vn 0.094843 -0.201932 -0.974797
vn 0.094843 -0.201932 -0.974797
vn -0.596439 -0.300135 -0.744433
vn -0.462998 -0.375855 -0.802724
vn -0.596439 -0.300135 -0.744433
vn -0.557352 -0.750778 -0.35453
vn -0.462998 -0.375855 -0.802724
vn -0.462998 -0.375855 -0.802724
vn -0.557352 -0.750778 -0.35453
vn -0.08291 -0.606622 -0.790655
vn -0.432809 -0.809809 -0.396087
vn -0.004843 -0.801512 -0.597959
vn -0.08291 -0.606622 -0.790655
vn -0.08291 -0.606622 -0.790655
vn -0.004843 -0.801512 -0.597959
vn 0.091189 -0.530399 -0.842829
vn -0.004843 -0.801512 -0.597959
vn -0.014365 -0.548449 -0.836061
vn 0.091189 -0.530399 -0.842829
vn -0.014365 -0.548449 -0.836061
vn -0.023029 -0.280384 -0.959612
vn 0.091189 -0.530399 -0.842829
vn 0.091189 -0.530399 -0.842829
vn -0.023029 -0.280384 -0.959612
vn 0.138634 -0.242015 -0.960317
vn -0.004843 -0.801512 -0.597959
vn -0.432809 -0.809809 -0.396087
vn -0.020746 -0.973222 -0.228929
vn -0.023029 -0.280384 -0.959612
vn 0.003186 -0.237271 -0.971438
vn 0.138634 -0.242015 -0.960317
vn 0.003186 -0.237271 -0.971438
vn 0.119454 -0.244332 -0.962306
vn 0.138634 -0.242015 -0.960317
vn 0.138634 -0.242015 -0.960317
vn 0.119454 -0.244332 -0.962306
vn 0.316256 -0.239138 -0.918039
vn 0.119454 -0.244332 -0.962306
vn 0.339854 -0.26915 -0.901142
vn 0.316256 -0.239138 -0.918039
vn 0.316256 -0.239138 -0.918039
vn 0.339854 -0.26915 -0.901142
vn 0.659591 -0.152493 -0.735993
vn 0.339854 -0.26915 -0.901142
vn 0.700458 -0.27488 -0.658635
vn 0.659591 -0.152493 -0.735993
vn 0.700458 -0.27488 -0.658635
vn 0.92459 0.027421 -0.379977
vn 0.659591 -0.152493 -0.735993
vn 0.659591 -0.152493 -0.735993
vn 0.92459 0.027421 -0.379977
vn 0.89508 -0.123752 -0.42839
vn 0.92459 0.027421 -0.379977
vn 0.998109 -0.006101 -0.06117
vn 0.89508 -0.123752 -0.42839
vn 0.89508 -0.123752 -0.42839
vn 0.998109 -0.006101 -0.06117
vn 0.991 -0.132353 -0.020036
vn 0.281131 -0.740544 0.610377
vn 0.50935 -0.750006 0.421964
vn 0.62345 -0.670231 0.402617
vn 0.50935 -0.750006 0.421964
vn 0.72259 -0.681671 0.114836
vn 0.62345 -0.670231 0.402617
vn -0.383809 -0.53688 0.751299
vn -0.027918 -0.707317 0.706345
vn -0.097083 -0.576196 0.811525
vn -0.924218 -0.128255 -0.359683
vn -0.919203 -0.26336 -0.292758
vn -0.726541 -0.314019 -0.611171
vn -0.919203 -0.26336 -0.292758
vn -0.700027 -0.374126 -0.60827
vn -0.726541 -0.314019 -0.611171
vn -0.726541 -0.314019 -0.611171
vn -0.700027 -0.374126 -0.60827
vn -0.345467 -0.291788 -0.891915
vn -0.700027 -0.374126 -0.60827
vn -0.367924 -0.260195 -0.892709
vn -0.345467 -0.291788 -0.891915
vn -0.367924 -0.260195 -0.892709
vn -0.112531 -0.238214 -0.964671
vn -0.345467 -0.291788 -0.891915
vn -0.345467 -0.291788 -0.891915
vn -0.112531 -0.238214 -0.964671
vn -0.113855 -0.253783 -0.960537
vn -0.113855 -0.253783 -0.960537
vn -0.112531 -0.238214 -0.964671
vn 0.003186 -0.237271 -0.971438
vn -0.112531 -0.238214 -0.964671
vn 0.013809 -0.185753 -0.982499
vn 0.003186 -0.237271 -0.971438
vn -0.536253 0.343808 0.770863
vn -0.656334 0.105214 0.747098
vn -0.722727 0.085142 0.68587
vn -0.623291 0.157678 0.765928
vn -0.898409 0.216904 0.381857
vn -0.659653 0.199895 0.7245
vn -0.898409 0.216904 0.381857
vn -0.837931 0.165767 0.519993
vn -0.659653 0.199895 0.7245
vn -0.659653 0.199895 0.7245
vn -0.837931 0.165767 0.519993
vn -0.656334 0.105214 0.747098
vn 0.989466 0.137541 0.045163
vn 0.93203 -0.151395 -0.32924
vn 0.995173 -0.092395 -0.033068
vn 0.003186 -0.237271 -0.971438
vn 0.013809 -0.185753 -0.982499
vn 0.119454 -0.244332 -0.962306
vn 0.013809 -0.185753 -0.982499
vn 0.103614 -0.207728 -0.972684
vn 0.119454 -0.244332 -0.962306
vn 0.119454 -0.244332 -0.962306
vn 0.103614 -0.207728 -0.972684
vn 0.339854 -0.26915 -0.901142
vn 0.103614 -0.207728 -0.972684
vn 0.370415 -0.306528 -0.876832
vn 0.339854 -0.26915 -0.901142
vn 0.339854 -0.26915 -0.901142
vn 0.370415 -0.306528 -0.876832
vn 0.700458 -0.27488 -0.658635
vn 0.370415 -0.306528 -0.876832
vn 0.691299 -0.330013 -0.642805
vn 0.700458 -0.27488 -0.658635
vn 0.700458 -0.27488 -0.658635
vn 0.691299 -0.330013 -0.642805
vn 0.93203 -0.151395 -0.32924
vn 0.691299 -0.330013 -0.642805
vn 0.920691 -0.248326 -0.301101
vn 0.93203 -0.151395 -0.32924
vn 0.93203 -0.151395 -0.32924
vn 0.920691 -0.248326 -0.301101
vn 0.995173 -0.092395 -0.033068
vn -0.488972 -0.870548 -0.055253
vn -0.210996 -0.970728 -0.114752
vn -0.474283 -0.831021 -0.290621
vn -0.237253 -0.966779 -0.095126
vn -0.210996 -0.970728 -0.114752
vn 0.240585 -0.924601 0.295352
vn -0.210996 -0.970728 -0.114752
vn -0.021167 -0.999451 -0.025503
vn 0.287971 -0.86633 0.408099
vn -0.021167 -0.999451 -0.025503
vn 0.016635 -0.999856 0.003355
vn 0.287971 -0.86633 0.408099
vn 0.287971 -0.86633 0.408099
vn 0.016635 -0.999856 0.003355
vn 0.220755 -0.752415 0.620596
vn 0.220755 -0.752415 0.620596
vn 0.016635 -0.999856 0.003355
vn -0.041322 -0.904021 0.425485
vn 0.016635 -0.999856 0.003355
vn -0.003148 -0.997128 -0.075667
vn -0.041322 -0.904021 0.425485
vn -0.003148 -0.997128 -0.075667
vn -0.006326 -0.999736 -0.022076
vn -0.041322 -0.904021 0.425485
vn -0.041322 -0.904021 0.425485
vn -0.006326 -0.999736 -0.022076
vn -0.271473 -0.742572 0.612282
vn -0.271473 -0.742572 0.612282
vn -0.006326 -0.999736 -0.022076
vn -0.32666 -0.872677 0.362944
vn -0.006326 -0.999736 -0.022076
vn 0.005666 -0.999847 -0.016559
vn -0.32666 -0.872677 0.362944
vn 0.005666 -0.999847 -0.016559
vn 0.212644 -0.96825 -0.131436
vn -0.32666 -0.872677 0.362944
vn -0.2209 -0.933952 0.280956
vn 0.212644 -0.96825 -0.131436
vn 0.161648 -0.899462 -0.406002
vn 0.212644 -0.96825 -0.131436
vn 0.365928 -0.926451 -0.088232
vn 0.474281 -0.831022 -0.290621
vn -0.348892 -0.891612 -0.288621
vn -0.603849 -0.791133 -0.097343
vn -0.967929 -0.15262 -0.19955
vn 0.059375 -0.783071 -0.619092
vn -0.348892 -0.891612 -0.288621
vn -0.596439 -0.300135 -0.744433
vn -0.348892 -0.891612 -0.288621
vn -0.967929 -0.15262 -0.19955
vn -0.596439 -0.300135 -0.744433
vn -0.596439 -0.300135 -0.744433
vn -0.967929 -0.15262 -0.19955
vn -0.557352 -0.750778 -0.35453
vn -0.345467 -0.291788 -0.891915
vn -0.113855 -0.253783 -0.960537
vn -0.104895 -0.254998 -0.961235
vn -0.99185 0.123881 0.029781
vn -0.999674 -0.022458 -0.012139
vn -0.937398 0.058905 -0.343243
vn -0.999674 -0.022458 -0.012139
vn -0.924218 -0.128255 -0.359683
vn -0.937398 0.058905 -0.343243
vn -0.937398 0.058905 -0.343243
vn -0.924218 -0.128255 -0.359683
vn -0.688623 -0.105174 -0.717452
vn -0.924218 -0.128255 -0.359683
vn -0.726541 -0.314019 -0.611171
vn -0.688623 -0.105174 -0.717452
vn -0.726541 -0.314019 -0.611171
vn -0.345467 -0.291788 -0.891915
vn -0.688623 -0.105174 -0.717452
vn -0.688623 -0.105174 -0.717452
vn -0.345467 -0.291788 -0.891915
vn -0.329172 -0.250212 -0.910516
vn -0.345467 -0.291788 -0.891915
vn -0.104895 -0.254998 -0.961235
vn -0.329172 -0.250212 -0.910516
vn -0.329172 -0.250212 -0.910516
vn -0.104895 -0.254998 -0.961235
vn -0.118661 -0.469416 -0.874968
vn -0.118661 -0.469416 -0.874968
vn -0.104895 -0.254998 -0.961235
vn -0.014365 -0.548449 -0.836061
vn -0.014365 -0.548449 -0.836061
vn -0.104895 -0.254998 -0.961235
vn -0.023029 -0.280384 -0.959612
vn -0.104895 -0.254998 -0.961235
vn -0.113855 -0.253783 -0.960537
vn -0.023029 -0.280384 -0.959612
vn -0.023029 -0.280384 -0.959612
vn -0.113855 -0.253783 -0.960537
vn 0.003186 -0.237271 -0.971438
vn 0.389906 -0.79838 -0.458871
vn 0.564935 -0.544641 -0.619851
vn 0.28753 -0.862968 -0.415467
vn -0.133243 -0.838446 -0.528445
vn 0.350718 -0.721063 -0.597549
vn -0.059723 -0.997666 0.033098
vn -0.059723 -0.997666 0.033098
vn 0.350718 -0.721063 -0.597549
vn 0.086841 -0.993153 -0.078137
vn 0.214734 -0.902569 -0.373174
vn 0.115496 -0.934095 -0.337828
vn 0.086841 -0.993153 -0.078137
vn 0.086841 -0.993153 -0.078137
vn 0.115496 -0.934095 -0.337828
vn 0.027009 -0.987481 0.155406
vn 0.115496 -0.934095 -0.337828
vn 0.040031 -0.790882 -0.610658
vn 0.027009 -0.987481 0.155406
vn 0.027009 -0.987481 0.155406
vn -0.099097 -0.787879 -0.607805
vn 0.010345 -0.997303 -0.072667
vn -0.099097 -0.787879 -0.607805
vn -0.223755 -0.754189 -0.617359
vn 0.010345 -0.997303 -0.072667
vn 0.010345 -0.997303 -0.072667
vn -0.223755 -0.754189 -0.617359
vn 0.104807 -0.99245 0.063702
vn -0.329225 -0.386835 -0.861377
vn -0.474486 -0.464689 -0.747614
vn 0.104807 -0.99245 0.063702
vn -0.237368 -0.89848 -0.369311
vn -0.561222 -0.300083 -0.77135
vn 0.120905 -0.825504 -0.551294
vn -0.561222 -0.300083 -0.77135
vn -0.36849 -0.060218 -0.927679
vn 0.120905 -0.825504 -0.551294
vn -0.488972 -0.870548 -0.055253
vn -0.474283 -0.831021 -0.290621
vn -0.55037 -0.80931 -0.205206
vn -0.019699 -0.941555 0.336284
vn -0.172793 -0.949336 0.262496
vn -0.056979 -0.988214 -0.14208
vn -0.056979 -0.988214 -0.14208
vn -0.172793 -0.949336 0.262496
vn -0.102838 -0.990922 -0.086586
vn -0.172793 -0.949336 0.262496
vn -0.206046 -0.887923 0.411264
vn -0.102838 -0.990922 -0.086586
vn -0.102838 -0.990922 -0.086586
vn -0.206046 -0.887923 0.411264
vn 0.14171 -0.969622 -0.199376
vn -0.206046 -0.887923 0.411264
vn -0.241605 -0.938604 0.246272
vn -0.368319 -0.928439 -0.04839
vn -0.368319 -0.928439 -0.04839
vn -0.370554 -0.812173 0.450627
vn -0.488972 -0.870548 -0.055253
vn -0.241605 -0.938604 0.246272
vn -0.413627 -0.910195 0.021424
vn -0.488972 -0.870548 -0.055253
vn -0.206046 -0.887923 0.411264
vn -0.172793 -0.949336 0.262496
vn -0.197901 -0.449557 0.871053
vn -0.172793 -0.949336 0.262496
vn -0.019699 -0.941555 0.336284
vn -0.157514 -0.652483 0.741252
vn 0.474281 -0.831022 -0.290621
vn 0.365928 -0.926451 -0.088232
vn 0.644927 -0.675722 -0.357028
vn 0.365928 -0.926451 -0.088232
vn 0.655791 -0.747735 0.104075
vn 0.307879 -0.949673 -0.057724
vn 0.369103 -0.927754 0.0551
vn 0.079152 -0.97383 0.213051
vn 0.055134 -0.987531 -0.147456
vn 0.055134 -0.987531 -0.147456
vn 0.079152 -0.97383 0.213051
vn 0.044407 -0.998305 -0.037628
vn 0.079152 -0.97383 0.213051
vn 0.217713 -0.932412 0.288459
vn 0.044407 -0.998305 -0.037628
vn 0.044407 -0.998305 -0.037628
vn 0.217713 -0.932412 0.288459
vn 0.132827 -0.98484 -0.111567
vn 0.217713 -0.932412 0.288459
vn 0.174228 -0.89418 0.412415
vn 0.132827 -0.98484 -0.111567
vn 0.132827 -0.98484 -0.111567
vn 0.174228 -0.89418 0.412415
vn 0.025768 -0.988956 -0.145949
vn 0.174228 -0.89418 0.412415
vn -0.019699 -0.941555 0.336284
vn 0.025768 -0.988956 -0.145949
vn 0.025768 -0.988956 -0.145949
vn -0.019699 -0.941555 0.336284
vn -0.056979 -0.988214 -0.14208
vn -0.512415 -0.842853 -0.164406
vn -0.599099 -0.783744 0.163782
vn -0.162562 -0.976967 -0.138235
vn -0.162562 -0.976967 -0.138235
vn -0.599099 -0.783744 0.163782
vn -0.39814 -0.905311 0.147973
vn -0.599099 -0.783744 0.163782
vn -0.18533 -0.963449 0.19344
vn -0.39814 -0.905311 0.147973
vn -0.39814 -0.905311 0.147973
vn -0.18533 -0.963449 0.19344
vn -0.347582 -0.789626 0.505647
vn -0.347582 -0.789626 0.505647
vn -0.18533 -0.963449 0.19344
vn 0.138973 -0.887029 0.440302
vn -0.18533 -0.963449 0.19344
vn 0.005038 -0.764804 0.644244
vn 0.138973 -0.887029 0.440302
vn 0.005038 -0.764804 0.644244
vn 0.373693 -0.839745 0.393932
vn 0.138973 -0.887029 0.440302
vn 0.138973 -0.887029 0.440302
vn 0.33565 -0.910266 0.242391
vn 0.545544 -0.682962 0.485742
vn 0.545544 -0.682962 0.485742
vn 0.33565 -0.910266 0.242391
vn 0.296683 -0.94757 0.118706
vn 0.373693 -0.839745 0.393932
vn 0.686506 -0.699605 0.198146
vn 0.52905 -0.835598 0.147928
vn 0.52905 -0.835598 0.147928
vn 0.686506 -0.699605 0.198146
vn 0.389079 -0.916203 -0.095856
vn 0.686506 -0.699605 0.198146
vn 0.515992 -0.852331 -0.08535
vn 0.74649 -0.660259 -0.082524
vn 0.74649 -0.660259 -0.082524
vn 0.515992 -0.852331 -0.08535
vn 0.661097 -0.685539 -0.304938
vn 0.515992 -0.852331 -0.08535
vn 0.468935 -0.845345 -0.255914
vn 0.661097 -0.685539 -0.304938
vn 0.661097 -0.685539 -0.304938
vn 0.468935 -0.845345 -0.255914
vn 0.474038 -0.617073 -0.628099
vn 0.474038 -0.617073 -0.628099
vn 0.468935 -0.845345 -0.255914
vn 0.059375 -0.783071 -0.619092
vn 0.468935 -0.845345 -0.255914
vn 0.146487 -0.855723 -0.496266
vn 0.059375 -0.783071 -0.619092
vn -0.031122 -0.885578 -0.463448
vn 0.146487 -0.855723 -0.496266
vn -0.348892 -0.891612 -0.288621
vn 0.146487 -0.855723 -0.496266
vn -0.299849 -0.799213 -0.520911
vn -0.348892 -0.891612 -0.288621
vn -0.299849 -0.799213 -0.520911
vn -0.512415 -0.842853 -0.164406
vn -0.348892 -0.891612 -0.288621
vn -0.348892 -0.891612 -0.288621
vn -0.512415 -0.842853 -0.164406
vn -0.419024 -0.900702 -0.114698
vn 0.138973 -0.887029 0.440302
vn 0.545544 -0.682962 0.485742
vn 0.597133 -0.207653 0.774798
vn 0.597133 -0.207653 0.774798
vn 0.545544 -0.682962 0.485742
vn 0.911535 -0.087167 0.401878
vn 0.545544 -0.682962 0.485742
vn 0.685448 -0.706407 0.176494
vn 0.911535 -0.087167 0.401878
vn 0.911535 -0.087167 0.401878
vn 0.790359 -0.560225 0.247954
vn 0.999249 0.00762 -0.037995
vn 0.93873 -0.018781 0.34414
vn 0.85906 -0.504123 -0.088744
vn 0.999249 0.00762 -0.037995
vn 0.999249 0.00762 -0.037995
vn 0.85906 -0.504123 -0.088744
vn 0.895995 -0.047132 -0.441556
vn 0.74649 -0.660259 -0.082524
vn 0.661097 -0.685539 -0.304938
vn 0.895995 -0.047132 -0.441556
vn 0.895995 -0.047132 -0.441556
vn 0.661097 -0.685539 -0.304938
vn 0.574417 -0.141336 -0.806269
vn 0.661097 -0.685539 -0.304938
vn 0.474038 -0.617073 -0.628099
vn 0.574417 -0.141336 -0.806269
vn 0.574417 -0.141336 -0.806269
vn 0.474038 -0.617073 -0.628099
vn 0.094843 -0.201932 -0.974797
vn -0.809614 -0.15409 -0.566375
vn -0.719778 0.01763 -0.69398
vn -0.621528 0.426268 -0.657266
vn -0.719778 0.01763 -0.69398
vn -0.597859 -0.113231 -0.793564
vn -0.621528 0.426268 -0.657266
vn -0.621528 0.426268 -0.657266
vn -0.561222 -0.300083 -0.77135
vn -0.387695 0.405217 -0.827945
vn -0.561222 -0.300083 -0.77135
vn -0.348003 0.063087 -0.935368
vn -0.387695 0.405217 -0.827945
vn -0.387695 0.405217 -0.827945
vn -0.348003 0.063087 -0.935368
vn -0.07459 0.337001 -0.938545
vn -0.329225 -0.386835 -0.861377
vn 0.011527 -0.249608 -0.968278
vn -0.07459 0.337001 -0.938545
vn -0.07459 0.337001 -0.938545
vn 0.094483 0.016224 -0.995394
vn 0.30517 0.369794 -0.877567
vn 0.072393 0.337672 -0.938476
vn 0.389541 0.405497 -0.82694
vn 0.30517 0.369794 -0.877567
vn 0.30517 0.369794 -0.877567
vn 0.389541 0.405497 -0.82694
vn 0.547905 0.423176 -0.721611
vn 0.389541 0.405497 -0.82694
vn 0.639649 -0.141701 -0.755493
vn 0.547905 0.423176 -0.721611
vn 0.547905 0.423176 -0.721611
vn 0.621528 0.426268 -0.657266
vn 0.797508 0.067457 -0.599525
vn 0.621528 0.426268 -0.657266
vn 0.696621 -0.240974 -0.675759
vn 0.797508 0.067457 -0.599525
vn -0.99165 -0.125536 0.029499
vn -0.898911 -0.22521 0.375818
vn -0.412004 -0.786147 0.46068
vn -0.898911 -0.22521 0.375818
vn -0.303132 -0.86178 0.406751
vn -0.32666 -0.872677 0.362944
vn -0.32666 -0.872677 0.362944
vn -0.303132 -0.86178 0.406751
vn -0.271473 -0.742572 0.612282
vn -0.518076 -0.416566 0.747041
vn -0.317859 -0.380923 0.868253
vn -0.271473 -0.742572 0.612282
vn -0.271473 -0.742572 0.612282
vn -0.317859 -0.380923 0.868253
vn -0.041322 -0.904021 0.425485
vn -0.104811 -0.927597 0.358578
vn 0.078045 -0.936541 0.341761
vn -0.041322 -0.904021 0.425485
vn -0.041322 -0.904021 0.425485
vn 0.078045 -0.936541 0.341761
vn 0.220755 -0.752415 0.620596
vn 0.091559 -0.477183 0.874021
vn 0.367557 -0.363196 0.856149
vn 0.220755 -0.752415 0.620596
vn 0.220755 -0.752415 0.620596
vn 0.367557 -0.363196 0.856149
vn 0.367545 -0.779028 0.507963
vn 0.169065 -0.916344 0.362948
vn 0.397391 -0.844275 0.359555
vn 0.287971 -0.86633 0.408099
vn 0.287971 -0.86633 0.408099
vn 0.397391 -0.844275 0.359555
vn 0.780693 -0.562611 0.272007
vn 0.618383 -0.395497 0.679105
vn 0.991073 -0.127566 0.038737
vn 0.890193 -0.230113 0.393198
vn 0.221752 -0.34808 0.91086
vn 0.534524 0.267262 0.801783
vn 0.52004 0.2559 0.814907
vn 0.471283 0.504433 -0.723492
vn 0.618284 0.252216 -0.744387
vn 0.707108 0.0 -0.707106
vn 0.707108 0.0 -0.707106
vn 0.618284 0.252216 -0.744387
vn 0.707107 0.0 -0.707107
vn 0.480447 0.379861 -0.790491
vn 0.366729 0.366646 -0.855033
vn 0.537508 -0.227841 -0.811895
vn 0.537508 -0.227841 -0.811895
vn 0.366729 0.366646 -0.855033
vn 0.394895 -0.190639 -0.89873
vn 0.64203 0.197534 -0.740795
vn 0.486005 0.48374 -0.72787
vn 0.471283 0.504433 -0.723492
vn 0.471283 0.504433 -0.723492
vn 0.486005 0.48374 -0.72787
vn 0.618284 0.252216 -0.744387
vn 0.725843 0.224918 -0.65005
vn 0.948074 0.267463 -0.172105
vn 0.947725 0.258658 -0.186853
vn 0.947725 0.258658 -0.186853
vn 0.948074 0.267463 -0.172105
vn 0.922162 0.239216 0.303962
vn 0.948074 0.267463 -0.172105
vn 0.926217 0.238557 0.291911
vn 0.922162 0.239216 0.303962
vn 0.904248 0.30731 0.296473
vn 0.926217 0.238557 0.291911
vn 0.955739 0.205403 -0.210647
vn 0.926217 0.238557 0.291911
vn 0.948074 0.267463 -0.172105
vn 0.955739 0.205403 -0.210647
vn 0.955739 0.205403 -0.210647
vn 0.948074 0.267463 -0.172105
vn 0.565835 0.211973 -0.796805
vn 0.948074 0.267463 -0.172105
vn 0.725843 0.224918 -0.65005
vn 0.565835 0.211973 -0.796805
vn 0.565835 0.211973 -0.796805
vn 0.725843 0.224918 -0.65005
vn 0.315114 0.146909 -0.937615
vn 0.725843 0.224918 -0.65005
vn 0.396445 0.147218 -0.906178
vn 0.315114 0.146909 -0.937615
vn 0.315114 0.146909 -0.937615
vn 0.396445 0.147218 -0.906178
vn -0.031774 0.145184 -0.988894
vn -0.031774 0.145184 -0.988894
vn 0.396445 0.147218 -0.906178
vn -0.0 0.163512 -0.986541
vn 0.396445 0.147218 -0.906178
vn 0.375774 0.181154 -0.908833
vn -0.0 0.163512 -0.986541
vn -0.0 0.163512 -0.986541
vn 0.375774 0.181154 -0.908833
vn 0.0 0.174295 -0.984694
vn 0.002216 0.282499 -0.959265
vn 0.565835 0.211973 -0.796805
vn 0.039558 0.184596 -0.982018
vn 0.565835 0.211973 -0.796805
vn 0.315114 0.146909 -0.937615
vn 0.039558 0.184596 -0.982018
vn 0.039558 0.184596 -0.982018
vn 0.315114 0.146909 -0.937615
vn -0.031774 0.145184 -0.988894
vn 0.955044 0.249904 -0.159494
vn 0.693085 0.208714 -0.689979
vn 0.751783 0.187455 -0.632205
vn 0.751783 0.187455 -0.632205
vn 0.693085 0.208714 -0.689979
vn 0.396445 0.147218 -0.906178
vn 0.396445 0.147218 -0.906178
vn 0.693085 0.208714 -0.689979
vn 0.375774 0.181154 -0.908833
vn 0.396445 0.147218 -0.906178
vn 0.725843 0.224918 -0.65005
vn 0.751783 0.187455 -0.632205
vn 0.725843 0.224918 -0.65005
vn 0.947725 0.258658 -0.186853
vn 0.751783 0.187455 -0.632205
vn 0.751783 0.187455 -0.632205
vn 0.947725 0.258658 -0.186853
vn 0.955044 0.249904 -0.159494
vn 0.947725 0.258658 -0.186853
vn 0.922162 0.239216 0.303962
vn 0.955044 0.249904 -0.159494
vn 0.922162 0.239216 0.303962
vn 0.92235 0.219048 0.318258
vn 0.955044 0.249904 -0.159494
vn 0.92235 0.219048 0.318258
vn 0.951158 0.264384 -0.159375
vn 0.955044 0.249904 -0.159494
vn 0.955044 0.249904 -0.159494
vn 0.951158 0.264384 -0.159375
vn 0.693085 0.208714 -0.689979
vn 0.951158 0.264384 -0.159375
vn 0.680356 0.243553 -0.69123
vn 0.693085 0.208714 -0.689979
vn 0.693085 0.208714 -0.689979
vn 0.680356 0.243553 -0.69123
vn 0.375774 0.181154 -0.908833
vn 0.680356 0.243553 -0.69123
vn 0.325482 0.190665 -0.926125
vn 0.375774 0.181154 -0.908833
vn 0.375774 0.181154 -0.908833
vn 0.325482 0.190665 -0.926125
vn 0.0 0.174295 -0.984694
vn 0.0 0.174295 -0.984694
vn 0.325482 0.190665 -0.926125
vn 0.0 0.180024 -0.983662
vn 0.0 0.180024 -0.983662
vn 0.325482 0.190665 -0.926125
vn -0.0 0.147212 -0.989105
vn -0.0 0.147212 -0.989105
vn 0.325482 0.190665 -0.926125
vn 0.329954 0.175325 -0.927573
vn 0.329954 0.175325 -0.927573
vn 0.325482 0.190665 -0.926125
vn 0.671187 0.294513 -0.680272
vn 0.325482 0.190665 -0.926125
vn 0.680356 0.243553 -0.69123
vn 0.671187 0.294513 -0.680272
vn 0.671187 0.294513 -0.680272
vn 0.680356 0.243553 -0.69123
vn 0.95708 0.286948 -0.040724
vn 0.680356 0.243553 -0.69123
vn 0.951158 0.264384 -0.159375
vn 0.95708 0.286948 -0.040724
vn 0.95708 0.286948 -0.040724
vn 0.951158 0.264384 -0.159375
vn 0.90342 0.214846 0.371044
vn 0.951158 0.264384 -0.159375
vn 0.92235 0.219048 0.318258
vn 0.90342 0.214846 0.371044
vn 0.698091 0.199761 0.687578
vn 0.623291 0.157678 0.765928
vn 0.90342 0.214846 0.371044
vn 0.623291 0.157678 0.765928
vn 0.702841 0.2008 0.682418
vn 0.90342 0.214846 0.371044
vn 0.90342 0.214846 0.371044
vn 0.92235 0.219048 0.318258
vn 0.698091 0.199761 0.687578
vn 0.92235 0.219048 0.318258
vn 0.922162 0.239216 0.303962
vn 0.698091 0.199761 0.687578
vn 0.698091 0.199761 0.687578
vn 0.922162 0.239216 0.303962
vn 0.714812 0.209639 0.667155
vn 0.922162 0.239216 0.303962
vn 0.926217 0.238557 0.291911
vn 0.714812 0.209639 0.667155
vn 0.926217 0.238557 0.291911
vn 0.719283 0.252158 0.647339
vn 0.714812 0.209639 0.667155
vn 0.719283 0.252158 0.647339
vn 0.430135 0.238736 0.870626
vn 0.714812 0.209639 0.667155
vn 0.714812 0.209639 0.667155
vn 0.430135 0.238736 0.870626
vn 0.447785 0.184899 0.874815
vn 0.430135 0.238736 0.870626
vn 0.000054 0.202673 0.979246
vn 0.447785 0.184899 0.874815
vn 0.447785 0.184899 0.874815
vn 0.000054 0.202673 0.979246
vn 0.008995 0.148574 0.98886
vn 0.000054 0.202673 0.979246
vn -0.453939 0.162532 0.876084
vn 0.008995 0.148574 0.98886
vn 0.008995 0.148574 0.98886
vn -0.453939 0.162532 0.876084
vn -0.353739 0.162692 0.921087
vn -0.453939 0.162532 0.876084
vn -0.481072 0.118272 0.868667
vn -0.353739 0.162692 0.921087
vn 0.447785 0.184899 0.874815
vn 0.008995 0.148574 0.98886
vn 0.392352 0.146634 0.908052
vn 0.714812 0.209639 0.667155
vn 0.447785 0.184899 0.874815
vn 0.698091 0.199761 0.687578
vn 0.447785 0.184899 0.874815
vn 0.392352 0.146634 0.908052
vn 0.698091 0.199761 0.687578
vn 0.698091 0.199761 0.687578
vn 0.392352 0.146634 0.908052
vn 0.389603 0.175311 0.904143
vn 0.389603 0.175311 0.904143
vn 0.392352 0.146634 0.908052
vn 0.04011 0.267758 0.962651
vn 0.392352 0.146634 0.908052
vn 0.008995 0.148574 0.98886
vn 0.04011 0.267758 0.962651
vn 0.008995 0.148574 0.98886
vn -0.353739 0.162692 0.921087
vn 0.04011 0.267758 0.962651
vn 0.04011 0.267758 0.962651
vn -0.353739 0.162692 0.921087
vn -0.284082 0.192936 0.939188
vn 0.000054 0.202673 0.979246
vn -0.44713 0.200632 0.871678
vn -0.453939 0.162532 0.876084
vn -0.453939 0.162532 0.876084
vn -0.44713 0.200632 0.871678
vn -0.743406 0.195437 0.639649
vn -0.743406 0.195437 0.639649
vn -0.44713 0.200632 0.871678
vn -0.699229 0.250696 0.6695
vn -0.699229 0.250696 0.6695
vn -0.44713 0.200632 0.871678
vn -0.403119 0.253021 0.879475
vn -0.403119 0.253021 0.879475
vn -0.44713 0.200632 0.871678
vn 0.007932 0.267344 0.963568
vn -0.44713 0.200632 0.871678
vn 0.000054 0.202673 0.979246
vn 0.007932 0.267344 0.963568
vn 0.007932 0.267344 0.963568
vn 0.000054 0.202673 0.979246
vn 0.430135 0.238736 0.870626
vn -0.926217 0.238557 0.291911
vn -0.699229 0.250696 0.6695
vn -0.887789 0.310337 0.339884
vn -0.887789 0.310337 0.339884
vn -0.699229 0.250696 0.6695
vn -0.596497 0.377303 0.708402
vn -0.699229 0.250696 0.6695
vn -0.403119 0.253021 0.879475
vn -0.596497 0.377303 0.708402
vn -0.596497 0.377303 0.708402
vn -0.403119 0.253021 0.879475
vn -0.048376 0.416036 0.908061
vn -0.403119 0.253021 0.879475
vn 0.007932 0.267344 0.963568
vn -0.048376 0.416036 0.908061
vn -0.048376 0.416036 0.908061
vn 0.007932 0.267344 0.963568
vn 0.559715 0.363386 0.744762
vn 0.007932 0.267344 0.963568
vn 0.430135 0.238736 0.870626
vn 0.559715 0.363386 0.744762
vn 0.430135 0.238736 0.870626
vn 0.719283 0.252158 0.647339
vn 0.559715 0.363386 0.744762
vn 0.559715 0.363386 0.744762
vn 0.719283 0.252158 0.647339
vn 0.904248 0.30731 0.296473
vn 0.719283 0.252158 0.647339
vn 0.926217 0.238557 0.291911
vn 0.904248 0.30731 0.296473
vn -0.048376 0.416036 0.908061
vn -0.499822 0.562703 0.65844
vn -0.596497 0.377303 0.708402
vn -0.499822 0.562703 0.65844
vn -0.830181 0.495257 0.255968
vn -0.596497 0.377303 0.708402
vn -0.596497 0.377303 0.708402
vn -0.830181 0.495257 0.255968
vn -0.887789 0.310337 0.339884
vn -0.830181 0.495257 0.255968
vn -0.93722 0.236501 -0.256293
vn -0.887789 0.310337 0.339884
vn -0.887789 0.310337 0.339884
vn -0.93722 0.236501 -0.256293
vn -0.926217 0.238557 0.291911
vn -0.93722 0.236501 -0.256293
vn -0.966609 0.241973 -0.084356
vn -0.926217 0.238557 0.291911
vn -0.926217 0.238557 0.291911
vn -0.966609 0.241973 -0.084356
vn -0.930988 0.239074 0.275873
vn -0.966609 0.241973 -0.084356
vn -0.947725 0.258658 -0.186853
vn -0.930988 0.239074 0.275873
vn -0.930988 0.239074 0.275873
vn -0.947725 0.258658 -0.186853
vn -0.955044 0.249904 -0.159494
vn -0.947725 0.258658 -0.186853
vn -0.751783 0.187455 -0.632205
vn -0.955044 0.249904 -0.159494
vn -0.751783 0.187455 -0.632205
vn -0.947725 0.258658 -0.186853
vn -0.738718 0.205163 -0.642031
vn -0.947725 0.258658 -0.186853
vn -0.966609 0.241973 -0.084356
vn -0.738718 0.205163 -0.642031
vn -0.966609 0.241973 -0.084356
vn -0.93722 0.236501 -0.256293
vn -0.738718 0.205163 -0.642031
vn -0.93722 0.236501 -0.256293
vn -0.423991 0.212072 -0.880487
vn -0.738718 0.205163 -0.642031
vn -0.738718 0.205163 -0.642031
vn -0.423991 0.212072 -0.880487
vn -0.339234 0.14618 -0.929275
vn -0.830181 0.495257 0.255968
vn -0.843358 0.423527 -0.330716
vn -0.93722 0.236501 -0.256293
vn -0.843358 0.423527 -0.330716
vn -0.512013 0.325242 -0.795022
vn -0.93722 0.236501 -0.256293
vn -0.93722 0.236501 -0.256293
vn -0.512013 0.325242 -0.795022
vn -0.423991 0.212072 -0.880487
vn -0.512013 0.325242 -0.795022
vn 0.002216 0.282499 -0.959265
vn -0.423991 0.212072 -0.880487
vn 0.002216 0.282499 -0.959265
vn 0.039558 0.184596 -0.982018
vn -0.423991 0.212072 -0.880487
vn 0.039558 0.184596 -0.982018
vn -0.031774 0.145184 -0.988894
vn -0.423991 0.212072 -0.880487
vn -0.423991 0.212072 -0.880487
vn -0.031774 0.145184 -0.988894
vn -0.339234 0.14618 -0.929275
vn -0.031774 0.145184 -0.988894
vn -0.396445 0.147218 -0.906178
vn -0.339234 0.14618 -0.929275
vn -0.339234 0.14618 -0.929275
vn -0.396445 0.147218 -0.906178
vn -0.738718 0.205163 -0.642031
vn -0.396445 0.147218 -0.906178
vn -0.751783 0.187455 -0.632205
vn -0.738718 0.205163 -0.642031
vn -0.031774 0.145184 -0.988894
vn -0.0 0.163512 -0.986541
vn -0.396445 0.147218 -0.906178
vn -0.955044 0.249904 -0.159494
vn -0.751783 0.187455 -0.632205
vn -0.693085 0.208714 -0.689979
vn -0.751783 0.187455 -0.632205
vn -0.396445 0.147218 -0.906178
vn -0.693085 0.208714 -0.689979
vn -0.693085 0.208714 -0.689979
vn -0.396445 0.147218 -0.906178
vn -0.375775 0.181154 -0.908833
vn -0.396445 0.147218 -0.906178
vn -0.0 0.163512 -0.986541
vn -0.375775 0.181154 -0.908833
vn -0.0 0.163512 -0.986541
vn 0.0 0.174295 -0.984694
vn -0.375775 0.181154 -0.908833
vn -0.375775 0.181154 -0.908833
vn 0.0 0.174295 -0.984694
vn -0.325482 0.190665 -0.926125
vn 0.0 0.174295 -0.984694
vn 0.0 0.180024 -0.983662
vn -0.325482 0.190665 -0.926125
vn 0.0 0.180024 -0.983662
vn -0.0 0.147212 -0.989105
vn -0.325482 0.190665 -0.926125
vn -0.0 0.147212 -0.989105
vn -0.329954 0.175325 -0.927573
vn -0.325482 0.190665 -0.926125
vn -0.329954 0.175325 -0.927573
vn -0.671187 0.294513 -0.680272
vn -0.325482 0.190665 -0.926125
vn -0.955044 0.249904 -0.159494
vn -0.693085 0.208714 -0.689979
vn -0.951158 0.264384 -0.159375
vn -0.951158 0.264384 -0.159375
vn -0.693085 0.208714 -0.689979
vn -0.680356 0.243553 -0.69123
vn -0.693085 0.208714 -0.689979
vn -0.375775 0.181154 -0.908833
vn -0.680356 0.243553 -0.69123
vn -0.680356 0.243553 -0.69123
vn -0.375775 0.181154 -0.908833
vn -0.325482 0.190665 -0.926125
vn -0.325482 0.190665 -0.926125
vn -0.671187 0.294513 -0.680272
vn -0.680356 0.243553 -0.69123
vn -0.671187 0.294513 -0.680272
vn -0.95708 0.286947 -0.040724
vn -0.680356 0.243553 -0.69123
vn -0.680356 0.243553 -0.69123
vn -0.95708 0.286947 -0.040724
vn -0.951158 0.264384 -0.159375
vn -0.95708 0.286947 -0.040724
vn -0.898409 0.216904 0.381857
vn -0.951158 0.264384 -0.159375
vn -0.898409 0.216904 0.381857
vn -0.909029 0.220221 0.353793
vn -0.951158 0.264384 -0.159375
vn -0.951158 0.264384 -0.159375
vn -0.909029 0.220221 0.353793
vn -0.955044 0.249904 -0.159494
vn -0.955044 0.249904 -0.159494
vn -0.909029 0.220221 0.353793
vn -0.930988 0.239074 0.275873
vn -0.909029 0.220221 0.353793
vn -0.743406 0.195437 0.639649
vn -0.930988 0.239074 0.275873
vn -0.930988 0.239074 0.275873
vn -0.743406 0.195437 0.639649
vn -0.926217 0.238557 0.291911
vn -0.743406 0.195437 0.639649
vn -0.699229 0.250696 0.6695
vn -0.926217 0.238557 0.291911
vn 0.581836 0.336972 0.740214
vn 0.528964 0.100876 0.842628
vn 0.178854 -0.394318 0.901401
vn -0.101015 -0.404064 0.909136
vn 0.178854 -0.394318 0.901401
vn -0.081856 -0.671228 0.736717
vn 0.178854 -0.394318 0.901401
vn 0.528964 0.100876 0.842628
vn -0.081856 -0.671228 0.736717
vn 0.724653 -0.080517 -0.684394
vn 0.724652 -0.080517 -0.684395
vn 0.64203 0.197534 -0.740795
vn 0.724652 -0.080517 -0.684395
vn 0.486005 0.48374 -0.72787
vn 0.64203 0.197534 -0.740795
vn -0.512415 -0.842853 -0.164406
vn -0.921089 -0.361705 -0.144098
vn -0.599099 -0.783744 0.163782
vn -0.921089 -0.361705 -0.144098
vn -0.890648 -0.307658 0.334803
vn -0.599099 -0.783744 0.163782
vn -0.890648 -0.307658 0.334803
vn -0.589936 -0.378771 0.713097
vn -0.599099 -0.783744 0.163782
vn -0.599099 -0.783744 0.163782
vn -0.589936 -0.378771 0.713097
vn -0.18533 -0.963449 0.19344
vn -0.589936 -0.378771 0.713097
vn 0.005038 -0.764804 0.644244
vn -0.18533 -0.963449 0.19344
vn -0.541001 -0.788321 -0.293033
vn -0.857439 -0.458022 0.234553
vn -0.841728 -0.494617 -0.216442
vn -0.841728 -0.494617 -0.216442
vn -0.857439 -0.458022 0.234553
vn -0.921089 -0.361705 -0.144098
vn -0.857439 -0.458022 0.234553
vn -0.89495 -0.336769 0.292663
vn -0.921089 -0.361705 -0.144098
vn -0.921089 -0.361705 -0.144098
vn -0.89495 -0.336769 0.292663
vn -0.890648 -0.307658 0.334803
vn -0.89495 -0.336769 0.292663
vn -0.626102 -0.354698 0.694396
vn -0.890648 -0.307658 0.334803
vn -0.890648 -0.307658 0.334803
vn -0.626102 -0.354698 0.694396
vn -0.589936 -0.378771 0.713097
vn -0.626102 -0.354698 0.694396
vn 0.075681 -0.293757 0.95288
vn -0.589936 -0.378771 0.713097
vn -0.589936 -0.378771 0.713097
vn 0.075681 -0.293757 0.95288
vn 0.005038 -0.764804 0.644244
vn 0.005038 -0.764804 0.644244
vn 0.075681 -0.293757 0.95288
vn 0.373693 -0.839745 0.393932
vn 0.075681 -0.293757 0.95288
vn 0.636769 -0.181702 0.74934
vn 0.478227 -0.626811 0.615148
vn 0.373693 -0.839745 0.393932
vn 0.636769 -0.181702 0.74934
vn 0.686506 -0.699605 0.198146
vn -0.626102 -0.354698 0.694396
vn -0.89495 -0.336769 0.292663
vn -0.857439 -0.458022 0.234553
vn -0.54446 -0.765337 0.343254
vn -0.453189 -0.516288 0.726682
vn -0.857439 -0.458022 0.234553
vn -0.857439 -0.458022 0.234553
vn -0.453189 -0.516288 0.726682
vn -0.626102 -0.354698 0.694396
vn -0.453189 -0.516288 0.726682
vn -0.068884 -0.392322 0.917245
vn -0.626102 -0.354698 0.694396
vn -0.626102 -0.354698 0.694396
vn -0.068884 -0.392322 0.917245
vn 0.075681 -0.293757 0.95288
vn -0.068884 -0.392322 0.917245
vn 0.540358 -0.309389 0.782491
vn 0.075681 -0.293757 0.95288
vn 0.075681 -0.293757 0.95288
vn 0.540358 -0.309389 0.782491
vn 0.636769 -0.181702 0.74934
vn 0.540358 -0.309389 0.782491
vn 0.907237 -0.251631 0.337051
vn 0.636769 -0.181702 0.74934
vn 0.636769 -0.181702 0.74934
vn 0.907237 -0.251631 0.337051
vn 0.686506 -0.699605 0.198146
vn 0.907237 -0.251631 0.337051
vn 0.938196 -0.288368 -0.191397
vn 0.686506 -0.699605 0.198146
vn 0.686506 -0.699605 0.198146
vn 0.938196 -0.288368 -0.191397
vn 0.515992 -0.852331 -0.08535
vn 0.540358 -0.309389 0.782491
vn -0.068884 -0.392322 0.917245
vn 0.062491 -0.546378 0.835204
vn -0.068884 -0.392322 0.917245
vn -0.453189 -0.516288 0.726682
vn 0.062491 -0.546378 0.835204
vn 0.062491 -0.546378 0.835204
vn -0.453189 -0.516288 0.726682
vn -0.05534 -0.928098 0.368201
vn -0.453189 -0.516288 0.726682
vn -0.54446 -0.765337 0.343254
vn -0.05534 -0.928098 0.368201
vn 0.907237 -0.251631 0.337051
vn 0.540358 -0.309389 0.782491
vn 0.907781 -0.32702 0.262661
vn 0.907781 -0.32702 0.262661
vn 0.540358 -0.309389 0.782491
vn 0.600107 -0.456293 0.657015
vn 0.540358 -0.309389 0.782491
vn 0.062491 -0.546378 0.835204
vn 0.600107 -0.456293 0.657015
vn 0.600107 -0.456293 0.657015
vn 0.062491 -0.546378 0.835204
vn 0.471763 -0.766655 0.435522
vn 0.062491 -0.546378 0.835204
vn -0.05534 -0.928098 0.368201
vn 0.471763 -0.766655 0.435522
vn 0.471763 -0.766655 0.435522
vn -0.05534 -0.928098 0.368201
vn 0.52499 -0.799387 -0.292174
vn 0.52499 -0.799387 -0.292174
vn -0.05534 -0.928098 0.368201
vn -0.029683 -0.925102 -0.378557
vn -0.029683 -0.925102 -0.378557
vn -0.05534 -0.928098 0.368201
vn -0.541001 -0.788321 -0.293033
vn -0.05534 -0.928098 0.368201
vn -0.54446 -0.765337 0.343254
vn -0.541001 -0.788321 -0.293033
vn -0.54446 -0.765337 0.343254
vn -0.857439 -0.458022 0.234553
vn -0.541001 -0.788321 -0.293033
vn 0.600107 -0.456293 0.657015
vn 0.835968 -0.511315 0.199286
vn 0.907781 -0.32702 0.262661
vn 0.907781 -0.32702 0.262661
vn 0.835968 -0.511315 0.199286
vn 0.863797 -0.449122 -0.228349
vn 0.863797 -0.449122 -0.228349
vn 0.835968 -0.511315 0.199286
vn 0.52499 -0.799387 -0.292174
vn 0.52499 -0.799387 -0.292174
vn 0.835968 -0.511315 0.199286
vn 0.471763 -0.766655 0.435522
vn 0.835968 -0.511315 0.199286
vn 0.600107 -0.456293 0.657015
vn 0.471763 -0.766655 0.435522
vn -0.841728 -0.494617 -0.216442
vn -0.533579 -0.522994 -0.664658
vn -0.541001 -0.788321 -0.293033
vn -0.533579 -0.522994 -0.664658
vn 0.025545 -0.59015 -0.80689
vn -0.541001 -0.788321 -0.293033
vn -0.541001 -0.788321 -0.293033
vn 0.025545 -0.59015 -0.80689
vn -0.029683 -0.925102 -0.378557
vn -0.029683 -0.925102 -0.378557
vn 0.025545 -0.59015 -0.80689
vn 0.52499 -0.799387 -0.292174
vn 0.025545 -0.59015 -0.80689
vn 0.518377 -0.496544 -0.696225
vn 0.52499 -0.799387 -0.292174
vn 0.52499 -0.799387 -0.292174
vn 0.518377 -0.496544 -0.696225
vn 0.863797 -0.449122 -0.228349
vn 0.518377 -0.496544 -0.696225
vn 0.63882 -0.392462 -0.661726
vn 0.863797 -0.449122 -0.228349
vn 0.63882 -0.392462 -0.661726
vn 0.938196 -0.288368 -0.191397
vn 0.863797 -0.449122 -0.228349
vn 0.863797 -0.449122 -0.228349
vn 0.938196 -0.288368 -0.191397
vn 0.907781 -0.32702 0.262661
vn 0.938196 -0.288368 -0.191397
vn 0.907237 -0.251631 0.337051
vn 0.907781 -0.32702 0.262661
vn 0.63882 -0.392462 -0.661726
vn 0.518377 -0.496544 -0.696225
vn 0.033703 -0.460672 -0.88693
vn 0.518377 -0.496544 -0.696225
vn 0.025545 -0.59015 -0.80689
vn 0.033703 -0.460672 -0.88693
vn 0.025545 -0.59015 -0.80689
vn -0.533579 -0.522994 -0.664658
vn 0.033703 -0.460672 -0.88693
vn 0.033703 -0.460672 -0.88693
vn -0.533579 -0.522994 -0.664658
vn -0.605489 -0.441174 -0.662381
vn 0.515992 -0.852331 -0.08535
vn 0.938196 -0.288368 -0.191397
vn 0.468935 -0.845345 -0.255914
vn 0.938196 -0.288368 -0.191397
vn 0.63882 -0.392462 -0.661726
vn 0.468935 -0.845345 -0.255914
vn 0.468935 -0.845345 -0.255914
vn 0.63882 -0.392462 -0.661726
vn 0.146487 -0.855723 -0.496266
vn 0.63882 -0.392462 -0.661726
vn 0.033703 -0.460672 -0.88693
vn 0.146487 -0.855723 -0.496266
vn 0.146487 -0.855723 -0.496266
vn 0.033703 -0.460672 -0.88693
vn -0.299849 -0.799213 -0.520911
vn 0.033703 -0.460672 -0.88693
vn -0.605489 -0.441174 -0.662381
vn -0.299849 -0.799213 -0.520911
vn -0.299849 -0.799213 -0.520911
vn -0.605489 -0.441174 -0.662381
vn -0.512415 -0.842853 -0.164406
vn -0.512415 -0.842853 -0.164406
vn -0.605489 -0.441174 -0.662381
vn -0.921089 -0.361705 -0.144098
vn -0.605489 -0.441174 -0.662381
vn -0.533579 -0.522994 -0.664658
vn -0.921089 -0.361705 -0.144098
vn -0.921089 -0.361705 -0.144098
vn -0.533579 -0.522994 -0.664658
vn -0.841728 -0.494617 -0.216442
vn 0.111322 0.420566 -0.900406
vn 0.094304 0.286169 -0.953527
vn 0.000181 0.361192 -0.932492
vn 0.000181 0.361192 -0.932492
vn 0.094304 0.286169 -0.953527
vn -0.011583 0.269522 -0.962925
vn 0.489926 0.425582 0.760823
vn 0.741638 0.326656 0.585892
vn 0.636749 0.243809 0.731511
vn 0.0 0.292601 0.956235
vn 0.271427 0.5256 0.80627
vn 0.325933 0.419373 0.847286
vn 0.325933 0.419373 0.847286
vn 0.271427 0.5256 0.80627
vn 0.489926 0.425582 0.760823
vn 0.271427 0.5256 0.80627
vn 0.543524 0.436298 0.717095
vn 0.489926 0.425582 0.760823
vn 0.489926 0.425582 0.760823
vn 0.543524 0.436298 0.717095
vn 0.741638 0.326656 0.585892
vn 0.741638 0.326656 0.585892
vn 0.543524 0.436298 0.717095
vn 0.750384 0.381546 0.539766
vn 0.543524 0.436298 0.717095
vn 0.603409 0.362621 0.710213
vn 0.750384 0.381546 0.539766
vn 0.750384 0.381546 0.539766
vn 0.603409 0.362621 0.710213
vn 0.785308 0.349981 0.51069
vn 0.603409 0.362621 0.710213
vn 0.543524 0.436298 0.717095
vn 0.329182 0.490021 0.807167
vn 0.543524 0.436298 0.717095
vn 0.271427 0.5256 0.80627
vn 0.329182 0.490021 0.807167
vn 0.329182 0.490021 0.807167
vn 0.271427 0.5256 0.80627
vn -0.0 0.597716 0.801708
vn 0.271427 0.5256 0.80627
vn 0.0 0.52736 0.849642
vn -0.0 0.597716 0.801708
vn 0.785308 0.349981 0.51069
vn 0.603409 0.362621 0.710213
vn 0.597044 0.342989 0.725188
vn 0.603409 0.362621 0.710213
vn 0.329182 0.490021 0.807167
vn 0.597044 0.342989 0.725188
vn 0.597044 0.342989 0.725188
vn 0.329182 0.490021 0.807167
vn 0.309363 0.523063 0.794166
vn 0.309363 0.523063 0.794166
vn 0.329182 0.490021 0.807167
vn -0.0 0.605038 0.796197
vn 0.329182 0.490021 0.807167
vn -0.0 0.597716 0.801708
vn -0.0 0.605038 0.796197
vn -0.0 0.605038 0.796197
vn -0.0 0.597716 0.801708
vn -0.329182 0.490021 0.807167
vn -0.329182 0.490021 0.807167
vn -0.0 0.597716 0.801708
vn -0.271426 0.5256 0.80627
vn -0.0 0.597716 0.801708
vn 0.0 0.52736 0.849642
vn -0.271426 0.5256 0.80627
vn -0.271426 0.5256 0.80627
vn 0.0 0.52736 0.849642
vn 0.0 0.292601 0.956235
vn 0.0 0.52736 0.849642
vn 0.271427 0.5256 0.80627
vn 0.0 0.292601 0.956235
vn -0.0 0.605038 0.796197
vn -0.329182 0.490021 0.807167
vn -0.309363 0.523063 0.794166
vn 0.0 0.292601 0.956235
vn -0.325933 0.419373 0.847286
vn -0.271426 0.5256 0.80627
vn -0.325933 0.419373 0.847286
vn -0.536253 0.343808 0.770863
vn -0.271426 0.5256 0.80627
vn 0.597044 0.342989 0.725188
vn 0.790034 0.405573 0.459736
vn 0.785308 0.349981 0.51069
vn -0.108341 0.405122 -0.90782
vn 0.000181 0.361192 -0.932492
vn -0.085693 0.281688 -0.955672
vn -0.085693 0.281688 -0.955672
vn 0.000181 0.361192 -0.932492
vn -0.011583 0.269522 -0.962925
vn 0.005666 -0.999847 -0.016559
vn -0.006326 -0.999736 -0.022076
vn 0.064653 -0.987693 -0.142415
vn 0.064653 -0.987693 -0.142415
vn -0.006326 -0.999736 -0.022076
vn 0.009529 -0.99213 -0.124845
vn -0.006326 -0.999736 -0.022076
vn -0.003148 -0.997128 -0.075667
vn 0.009529 -0.99213 -0.124845
vn 0.009529 -0.99213 -0.124845
vn -0.003148 -0.997128 -0.075667
vn -0.055997 -0.988735 -0.138807
vn -0.003148 -0.997128 -0.075667
vn 0.016635 -0.999856 0.003355
vn -0.055997 -0.988735 -0.138807
vn 0.016635 -0.999856 0.003355
vn -0.021167 -0.999451 -0.025503
vn -0.055997 -0.988735 -0.138807
vn -0.055997 -0.988735 -0.138807
vn -0.021167 -0.999451 -0.025503
vn -0.157092 -0.971658 -0.176643
vn -0.157092 -0.971658 -0.176643
vn -0.021167 -0.999451 -0.025503
vn -0.198629 -0.971152 -0.131952
vn -0.021167 -0.999451 -0.025503
vn -0.210996 -0.970728 -0.114752
vn -0.198629 -0.971152 -0.131952
vn -0.198629 -0.971152 -0.131952
vn -0.210996 -0.970728 -0.114752
vn -0.488972 -0.870548 -0.055253
vn 0.365928 -0.926451 -0.088232
vn 0.625934 -0.763565 0.158667
vn 0.369103 -0.927754 0.0551
vn 0.126405 0.971804 -0.199044
vn 0.345822 0.924721 -0.159054
vn 0.571654 0.525732 -0.629935
vn 0.571654 0.525732 -0.629935
vn 0.345822 0.924721 -0.159054
vn 0.410621 0.907467 -0.088846
vn 0.345822 0.924721 -0.159054
vn 0.370473 0.851594 0.370862
vn 0.549522 0.835375 -0.013202
vn 0.549522 0.835375 -0.013202
vn 0.370473 0.851594 0.370862
vn 0.581479 0.64599 0.49455
vn 0.370473 0.851594 0.370862
vn 0.433688 0.251839 0.865154
vn 0.581479 0.64599 0.49455
vn 0.433688 0.251839 0.865154
vn 0.437578 0.828218 0.350116
vn 0.581479 0.64599 0.49455
vn 0.581479 0.64599 0.49455
vn 0.651406 0.642521 0.40353
vn 0.549522 0.835375 -0.013202
vn -0.206474 0.516412 0.831076
vn -0.030507 0.960168 0.277754
vn -0.140082 0.958688 0.247578
vn -0.140082 0.958688 0.247578
vn -0.030507 0.960168 0.277754
vn 0.00008 0.976594 -0.215093
vn 0.00008 0.976594 -0.215093
vn -0.030507 0.960168 0.277754
vn 0.126405 0.971804 -0.199044
vn -0.030507 0.960168 0.277754
vn 0.176865 0.910089 0.374775
vn 0.126405 0.971804 -0.199044
vn 0.176865 0.910089 0.374775
vn 0.370473 0.851594 0.370862
vn 0.126405 0.971804 -0.199044
vn 0.126405 0.971804 -0.199044
vn 0.370473 0.851594 0.370862
vn 0.345822 0.924721 -0.159054
vn 0.248709 0.50692 0.825334
vn 0.370473 0.851594 0.370862
vn 0.176865 0.910089 0.374775
vn -0.672077 0.526939 0.520239
vn -0.546819 0.005169 0.837235
vn -0.553072 0.747778 0.367341
vn -0.433688 0.251839 0.865154
vn -0.41665 0.7833 0.461349
vn -0.553072 0.747778 0.367341
vn -0.553072 0.747778 0.367341
vn -0.41665 0.7833 0.461349
vn -0.361861 0.922368 -0.135256
vn -0.41665 0.7833 0.461349
vn -0.140082 0.958688 0.247578
vn -0.361861 0.922368 -0.135256
vn -0.361861 0.922368 -0.135256
vn -0.140082 0.958688 0.247578
vn -0.057719 0.970567 -0.233813
vn -0.140082 0.958688 0.247578
vn 0.00008 0.976594 -0.215093
vn -0.057719 0.970567 -0.233813
vn -0.057719 0.970567 -0.233813
vn 0.00008 0.976594 -0.215093
vn 0.000527 0.955579 -0.294734
vn 0.000527 0.955579 -0.294734
vn 0.00008 0.976594 -0.215093
vn 0.101796 0.944342 -0.312819
vn 0.00008 0.976594 -0.215093
vn 0.126405 0.971804 -0.199044
vn 0.101796 0.944342 -0.312819
vn 0.36737 0.444128 -0.817184
vn 0.126405 0.971804 -0.199044
vn 0.571654 0.525732 -0.629935
vn -0.050665 0.813071 -0.579955
vn -0.222913 0.761053 -0.609186
vn -0.057719 0.970567 -0.233813
vn -0.057719 0.970567 -0.233813
vn -0.329607 0.409609 -0.850635
vn -0.361861 0.922368 -0.135256
vn -0.329607 0.409609 -0.850635
vn -0.632802 0.201638 -0.747599
vn -0.361861 0.922368 -0.135256
vn -0.632802 0.201638 -0.747599
vn -0.406193 0.836875 -0.366943
vn -0.361861 0.922368 -0.135256
vn -0.361861 0.922368 -0.135256
vn -0.606111 0.744555 -0.279765
vn -0.553072 0.747778 0.367341
vn 0.663572 0.494258 -0.561589
vn 0.90013 0.422208 0.107265
vn 0.725843 0.685517 0.056728
vn 0.90013 0.422208 0.107265
vn 0.663572 0.494258 -0.561589
vn 0.906643 0.413693 -0.08281
vn 0.906643 0.413693 -0.08281
vn 0.663572 0.494258 -0.561589
vn 0.545381 0.336245 -0.767788
vn 0.663572 0.494258 -0.561589
vn 0.249401 0.387328 -0.887568
vn 0.545381 0.336245 -0.767788
vn 0.545381 0.336245 -0.767788
vn 0.249401 0.387328 -0.887568
vn 0.227859 0.189084 -0.955158
vn 0.249401 0.387328 -0.887568
vn 0.13892 0.369678 -0.918716
vn 0.227859 0.189084 -0.955158
vn 0.13892 0.369678 -0.918716
vn 0.030767 0.341685 -0.939311
vn 0.227859 0.189084 -0.955158
vn 0.030767 0.341685 -0.939311
vn -0.022567 0.163812 -0.986233
vn 0.227859 0.189084 -0.955158
vn 0.227859 0.189084 -0.955158
vn -0.022567 0.163812 -0.986233
vn -0.0 0.147212 -0.989105
vn 0.545381 0.336245 -0.767788
vn 0.671187 0.294513 -0.680272
vn 0.906643 0.413693 -0.08281
vn 0.906643 0.413693 -0.08281
vn 0.671187 0.294513 -0.680272
vn 0.95708 0.286948 -0.040724
vn -0.95708 0.286947 -0.040724
vn -0.671187 0.294513 -0.680272
vn -0.887676 0.427299 -0.1716
vn -0.887676 0.427299 -0.1716
vn -0.671187 0.294513 -0.680272
vn -0.545381 0.336245 -0.767788
vn 0.000181 0.361192 -0.932492
vn -0.108341 0.405122 -0.90782
vn 0.030767 0.341685 -0.939311
vn 0.030767 0.341685 -0.939311
vn -0.108341 0.405122 -0.90782
vn -0.158779 0.351096 -0.922779
vn -0.355738 0.081074 0.931062
vn 0.025904 -0.013348 0.999575
vn -0.355749 -0.163759 0.920123
vn -0.355749 -0.163759 0.920123
vn 0.025904 -0.013348 0.999575
vn 0.0 -0.224091 0.974568
vn 0.50512 0.663579 0.551831
vn 0.660459 0.415156 0.625651
vn 0.480614 0.514169 0.710381
vn 0.660459 0.415156 0.625651
vn 0.541909 0.396876 0.740827
vn 0.480614 0.514169 0.710381
vn 0.480614 0.514169 0.710381
vn 0.541909 0.396876 0.740827
vn 0.579799 0.306725 0.75482
vn 0.579799 0.306725 0.75482
vn 0.541909 0.396876 0.740827
vn 0.537848 0.369955 0.757531
vn 0.541909 0.396876 0.740827
vn 0.585528 0.123777 0.801147
vn 0.537848 0.369955 0.757531
vn 0.537848 0.369955 0.757531
vn 0.585528 0.123777 0.801147
vn 0.452919 0.374991 0.808855
vn 0.585528 0.123777 0.801147
vn 0.359926 0.104709 0.927086
vn 0.452919 0.374991 0.808855
vn 0.452919 0.374991 0.808855
vn 0.359926 0.104709 0.927086
vn 0.254018 0.316773 0.913854
vn 0.359926 0.104709 0.927086
vn 0.025904 -0.013348 0.999575
vn 0.254018 0.316773 0.913854
vn 0.254018 0.316773 0.913854
vn 0.025904 -0.013348 0.999575
vn -0.011711 0.303747 0.952681
vn 0.025904 -0.013348 0.999575
vn -0.355738 0.081074 0.931062
vn -0.011711 0.303747 0.952681
vn -0.011711 0.303747 0.952681
vn -0.355738 0.081074 0.931062
vn -0.241665 0.354691 0.903212
vn -0.355738 0.081074 0.931062
vn -0.438557 0.357471 0.82455
vn -0.241665 0.354691 0.903212
vn 0.585528 0.123777 0.801147
vn 0.541909 0.396876 0.740827
vn 0.719706 0.197866 0.665486
vn 0.541909 0.396876 0.740827
vn 0.660459 0.415156 0.625651
vn 0.719706 0.197866 0.665486
vn 0.030767 0.341685 -0.939311
vn -0.158779 0.351096 -0.922779
vn -0.022567 0.163812 -0.986233
vn -0.158779 0.351096 -0.922779
vn -0.246283 0.192589 -0.949871
vn -0.022567 0.163812 -0.986233
vn -0.022567 0.163812 -0.986233
vn -0.246283 0.192589 -0.949871
vn -0.0 0.147212 -0.989105
vn 0.091123 0.153498 -0.983939
vn 0.214637 0.290248 -0.93257
vn 0.115678 0.478985 -0.870168
vn 0.115678 0.478985 -0.870168
vn 0.214637 0.290248 -0.93257
vn 0.160113 0.447928 -0.879616
vn 0.214637 0.290248 -0.93257
vn 0.094304 0.286169 -0.953527
vn 0.160113 0.447928 -0.879616
vn 0.094304 0.286169 -0.953527
vn 0.111322 0.420566 -0.900406
vn 0.160113 0.447928 -0.879616
vn 0.160113 0.447928 -0.879616
vn 0.111322 0.420566 -0.900406
vn 0.249401 0.387328 -0.887568
vn 0.249401 0.387328 -0.887568
vn 0.111322 0.420566 -0.900406
vn 0.13892 0.369678 -0.918716
vn 0.13892 0.369678 -0.918716
vn 0.111322 0.420566 -0.900406
vn 0.030767 0.341685 -0.939311
vn 0.111322 0.420566 -0.900406
vn 0.000181 0.361192 -0.932492
vn 0.030767 0.341685 -0.939311
vn -0.856015 -0.27467 0.437943
vn -0.68861 -0.692816 0.21406
vn -0.488972 -0.870548 -0.055253
vn 0.461254 -0.648643 -0.605399
vn 0.586765 -0.48096 -0.651448
vn 0.57905 -0.412647 -0.703153
vn 0.706013 -0.021065 -0.707886
vn 0.615609 0.409472 -0.673319
vn 0.624133 0.325573 -0.710253
vn 0.624133 0.325573 -0.710253
vn 0.615609 0.409472 -0.673319
vn 0.466977 -0.012749 -0.884178
vn 0.657744 0.231327 -0.71684
vn 0.347089 -0.021613 -0.937583
vn 0.466977 -0.012749 -0.884178
vn 0.466977 -0.012749 -0.884178
vn 0.288601 -0.337437 -0.896016
vn 0.055226 -0.323788 -0.944517
vn 0.347089 -0.021613 -0.937583
vn -0.037946 -0.005535 -0.999264
vn 0.055226 -0.323788 -0.944517
vn 0.03396 -0.006093 -0.999405
vn -0.069261 -0.005792 -0.997582
vn -0.329607 0.409609 -0.850635
vn -0.053667 -0.324045 -0.944518
vn -0.422336 -0.323185 -0.846867
vn -0.369268 0.222282 -0.902348
vn -0.369268 0.222282 -0.902348
vn -0.472647 -0.008869 -0.881207
vn -0.632802 0.201638 -0.747599
vn -0.431316 0.254149 -0.865665
vn -0.615883 0.375148 -0.692786
vn -0.632802 0.201638 -0.747599
vn -0.632802 0.201638 -0.747599
vn -0.615883 0.375148 -0.692786
vn -0.753277 0.434621 -0.493638
vn -0.581131 -0.414388 -0.700407
vn -0.514168 -0.659691 -0.548124
vn -0.593402 -0.483823 -0.643265
vn 0.515866 0.61383 0.597575
vn 0.604029 0.774814 0.186579
vn 0.160578 0.940791 0.298543
vn 0.359349 0.843691 0.398816
vn 0.0329 0.92884 -0.369017
vn 0.045759 0.987759 0.149123
vn 0.0329 0.92884 -0.369017
vn -0.535481 0.583722 -0.610351
vn 0.045759 0.987759 0.149123
vn 0.160578 0.940791 0.298543
vn -0.535481 0.583722 -0.610351
vn 0.057421 0.975276 0.213402
vn -0.535481 0.583722 -0.610351
vn -0.393348 0.609648 -0.688191
vn 0.057421 0.975276 0.213402
vn 0.057421 0.975276 0.213402
vn -0.114688 0.944138 -0.308949
vn -0.118175 0.964562 0.235913
vn -0.276831 0.796949 -0.536877
vn -0.039681 0.798934 -0.600108
vn -0.076436 0.996876 -0.019891
vn -0.076436 0.996876 -0.019891
vn 0.063263 0.798098 -0.599197
vn -0.190889 0.930332 0.31312
vn 0.011712 0.947134 -0.320625
vn 0.173216 0.942531 -0.285714
vn -0.190889 0.930332 0.31312
vn -0.190889 0.930332 0.31312
vn 0.33919 0.605547 -0.719905
vn -0.174788 0.960309 0.217384
vn 0.173216 0.942531 -0.285714
vn 0.580553 0.56926 -0.582153
vn -0.174788 0.960309 0.217384
vn -0.174788 0.960309 0.217384
vn 0.615609 0.409472 -0.673319
vn -0.229282 0.965043 -0.126967
vn 0.615609 0.409472 -0.673319
vn 0.144625 0.587045 -0.796531
vn -0.229282 0.965043 -0.126967
vn -0.270327 0.834802 -0.479612
vn -0.445976 0.871956 -0.201986
vn -0.28933 0.845527 -0.448745
vn 0.043386 0.650424 0.758331
vn 0.308908 0.376522 0.873388
vn -0.06185 0.34571 0.936301
vn -0.522607 0.554622 0.647516
vn -0.190889 0.930332 0.31312
vn -0.174788 0.960309 0.217384
vn 0.585528 0.123777 0.801147
vn 0.382246 -0.158012 0.910451
vn 0.359926 0.104709 0.927086
vn 0.359926 0.104709 0.927086
vn 0.382246 -0.158012 0.910451
vn 0.025904 -0.013348 0.999575
vn 0.382246 -0.158012 0.910451
vn 0.0 -0.224091 0.974568
vn 0.025904 -0.013348 0.999575
vn 0.396518 0.682804 -0.613639
vn 0.421515 0.900484 0.107019
vn 0.243822 0.844672 -0.47653
vn 0.249401 0.387328 -0.887568
vn 0.663572 0.494258 -0.561589
vn 0.396518 0.682804 -0.613639
vn 0.537848 0.369955 0.757531
vn 0.743072 0.365999 0.560258
vn 0.579799 0.306725 0.75482
vn 0.743072 0.365999 0.560258
vn 0.783714 0.015306 0.620933
vn 0.579799 0.306725 0.75482
vn 0.783714 0.015306 0.620933
vn 0.443387 0.163485 0.881295
vn 0.579799 0.306725 0.75482
vn 0.443387 0.163485 0.881295
vn 0.426823 0.440024 0.790064
vn 0.579799 0.306725 0.75482
vn 0.579799 0.306725 0.75482
vn 0.426823 0.440024 0.790064
vn 0.480614 0.514169 0.710381
vn 0.426823 0.440024 0.790064
vn 0.345347 0.726155 0.594504
vn 0.480614 0.514169 0.710381
vn 0.480614 0.514169 0.710381
vn 0.345347 0.726155 0.594504
vn 0.50512 0.663579 0.551831
vn 0.345347 0.726155 0.594504
vn 0.421515 0.900484 0.107019
vn 0.50512 0.663579 0.551831
vn 0.115678 0.478985 -0.870168
vn -0.048676 0.133958 -0.989791
vn 0.091123 0.153498 -0.983939
vn 0.396518 0.682804 -0.613639
vn 0.243822 0.844672 -0.47653
vn 0.115678 0.478985 -0.870168
vn 0.243822 0.844672 -0.47653
vn 0.015202 0.588358 -0.808457
vn 0.115678 0.478985 -0.870168
vn 0.115678 0.478985 -0.870168
vn 0.015202 0.588358 -0.808457
vn -0.048676 0.133958 -0.989791
vn -0.048676 0.133958 -0.989791
vn 0.015202 0.588358 -0.808457
vn -0.040079 0.151622 -0.987626
vn 0.015202 0.588358 -0.808457
vn 0.005678 0.664295 -0.747449
vn -0.040079 0.151622 -0.987626
vn 0.249401 0.387328 -0.887568
vn 0.396518 0.682804 -0.613639
vn 0.160113 0.447928 -0.879616
vn 0.160113 0.447928 -0.879616
vn 0.396518 0.682804 -0.613639
vn 0.115678 0.478985 -0.870168
vn 0.783714 0.015306 0.620933
vn 0.461249 -0.218248 0.86001
vn 0.443387 0.163485 0.881295
vn 0.443387 0.163485 0.881295
vn 0.461249 -0.218248 0.86001
vn 0.200992 0.029358 0.979153
vn 0.200992 0.029358 0.979153
vn 0.461249 -0.218248 0.86001
vn 0.260581 -0.389055 0.883591
vn 0.260581 -0.389055 0.883591
vn 0.461249 -0.218248 0.86001
vn 0.535704 -0.647953 0.541459
vn 0.461249 -0.218248 0.86001
vn 0.783714 0.015306 0.620933
vn 0.535704 -0.647953 0.541459
vn 0.535704 -0.647953 0.541459
vn 0.783714 0.015306 0.620933
vn 0.869677 -0.377877 0.317601
vn 0.283486 0.193175 0.939318
vn 0.239326 0.200252 0.950064
vn 0.433841 0.211001 0.875934
vn 0.239326 0.200252 0.950064
vn 0.238302 0.267479 0.933631
vn 0.433841 0.211001 0.875934
vn 0.238302 0.267479 0.933631
vn 0.226854 0.203575 0.952415
vn 0.433841 0.211001 0.875934
vn 0.226854 0.203575 0.952415
vn 0.337325 0.211829 0.917246
vn 0.433841 0.211001 0.875934
vn 0.337325 0.211829 0.917246
vn 0.325933 0.419373 0.847286
vn 0.433841 0.211001 0.875934
vn 0.325933 0.419373 0.847286
vn 0.489926 0.425582 0.760823
vn 0.433841 0.211001 0.875934
vn 0.489926 0.425582 0.760823
vn 0.636749 0.243809 0.731511
vn 0.433841 0.211001 0.875934
vn 0.636749 0.243809 0.731511
vn 0.594443 0.154412 0.789173
vn 0.433841 0.211001 0.875934
vn 0.594443 0.154412 0.789173
vn 0.702841 0.2008 0.682418
vn 0.433841 0.211001 0.875934
vn 0.702841 0.2008 0.682418
vn 0.623291 0.157678 0.765928
vn 0.433841 0.211001 0.875934
vn 0.433841 0.211001 0.875934
vn 0.623291 0.157678 0.765928
vn 0.460502 0.10969 0.880855
vn 0.623291 0.157678 0.765928
vn 0.698091 0.199761 0.687578
vn 0.460502 0.10969 0.880855
vn 0.698091 0.199761 0.687578
vn 0.389603 0.175311 0.904143
vn 0.460502 0.10969 0.880855
vn 0.460502 0.10969 0.880855
vn 0.389603 0.175311 0.904143
vn 0.433841 0.211001 0.875934
vn 0.433841 0.211001 0.875934
vn 0.389603 0.175311 0.904143
vn 0.283486 0.193175 0.939318
vn 0.389603 0.175311 0.904143
vn 0.04011 0.267758 0.962651
vn 0.283486 0.193175 0.939318
vn 0.283486 0.193175 0.939318
vn 0.04011 0.267758 0.962651
vn 0.239326 0.200252 0.950064
vn -0.60481 -0.117737 0.787619
vn -0.229689 0.171493 0.958036
vn -0.638076 0.140869 0.756977
vn 0.12153 0.826243 0.550049
vn -0.146561 0.83464 0.530939
vn -0.213411 0.629663 0.74698
vn -0.146561 0.83464 0.530939
vn -0.561014 0.594387 0.576166
vn -0.213411 0.629663 0.74698
vn -0.213411 0.629663 0.74698
vn -0.561014 0.594387 0.576166
vn -0.619969 0.372128 0.690767
vn -0.561014 0.594387 0.576166
vn -0.754185 0.377773 0.537115
vn -0.619969 0.372128 0.690767
vn -0.754185 0.377773 0.537115
vn -0.795736 0.145337 0.587947
vn -0.619969 0.372128 0.690767
vn -0.619969 0.372128 0.690767
vn -0.795736 0.145337 0.587947
vn -0.638076 0.140869 0.756977
vn -0.795736 0.145337 0.587947
vn -0.774462 -0.086409 0.626691
vn -0.638076 0.140869 0.756977
vn -0.638076 0.140869 0.756977
vn -0.774462 -0.086409 0.626691
vn -0.60481 -0.117737 0.787619
vn -0.774462 -0.086409 0.626691
vn -0.701304 -0.329794 0.631988
vn -0.60481 -0.117737 0.787619
vn -0.60481 -0.117737 0.787619
vn -0.701304 -0.329794 0.631988
vn -0.531088 -0.320182 0.784493
vn -0.754185 0.377773 0.537115
vn -0.561014 0.594387 0.576166
vn -0.686941 0.556344 0.467539
vn -0.686941 0.556344 0.467539
vn -0.561014 0.594387 0.576166
vn -0.427479 0.765114 0.48152
vn -0.561014 0.594387 0.576166
vn -0.146561 0.83464 0.530939
vn -0.427479 0.765114 0.48152
vn -0.427479 0.765114 0.48152
vn -0.146561 0.83464 0.530939
vn -0.051696 0.906696 0.418604
vn -0.146561 0.83464 0.530939
vn 0.180404 0.917249 0.355117
vn -0.051696 0.906696 0.418604
vn -0.60481 -0.117737 0.787619
vn -0.531088 -0.320182 0.784493
vn -0.220467 -0.079388 0.972158
vn -0.531088 -0.320182 0.784493
vn -0.190654 -0.331822 0.923875
vn -0.220467 -0.079388 0.972158
vn -0.220467 -0.079388 0.972158
vn -0.190654 -0.331822 0.923875
vn 0.219832 -0.068474 0.973132
vn -0.190654 -0.331822 0.923875
vn 0.209197 -0.348426 0.913693
vn 0.219832 -0.068474 0.973132
vn 0.219832 -0.068474 0.973132
vn 0.209197 -0.348426 0.913693
vn 0.616822 -0.108029 0.779654
vn 0.209197 -0.348426 0.913693
vn 0.547957 -0.361733 0.75425
vn 0.616822 -0.108029 0.779654
vn 0.616822 -0.108029 0.779654
vn 0.547957 -0.361733 0.75425
vn 0.882257 -0.165445 0.44074
vn 0.547957 -0.361733 0.75425
vn 0.798395 -0.405576 0.445055
vn 0.882257 -0.165445 0.44074
vn 0.882257 -0.165445 0.44074
vn 0.798395 -0.405576 0.445055
vn 0.974704 -0.221248 0.03166
vn 0.798395 -0.405576 0.445055
vn 0.874599 -0.480467 0.065024
vn 0.974704 -0.221248 0.03166
vn 0.219832 -0.068474 0.973132
vn 0.616822 -0.108029 0.779654
vn 0.63427 0.130958 0.761939
vn 0.882257 -0.165445 0.44074
vn 0.909279 0.072229 0.409873
vn 0.616822 -0.108029 0.779654
vn 0.616822 -0.108029 0.779654
vn 0.909279 0.072229 0.409873
vn 0.63427 0.130958 0.761939
vn 0.909279 0.072229 0.409873
vn 0.884119 0.298413 0.359559
vn 0.63427 0.130958 0.761939
vn 0.974704 -0.221248 0.03166
vn 0.999991 -0.002268 -0.003495
vn 0.882257 -0.165445 0.44074
vn 0.882257 -0.165445 0.44074
vn 0.999991 -0.002268 -0.003495
vn 0.909279 0.072229 0.409873
vn 0.999991 -0.002268 -0.003495
vn 0.973321 0.225938 -0.039978
vn 0.909279 0.072229 0.409873
vn 0.909279 0.072229 0.409873
vn 0.973321 0.225938 -0.039978
vn 0.884119 0.298413 0.359559
vn 0.973321 0.225938 -0.039978
vn 0.889813 0.454342 -0.042494
vn 0.884119 0.298413 0.359559
vn 0.889813 0.454342 -0.042494
vn 0.787636 0.545759 0.285966
vn 0.884119 0.298413 0.359559
vn 0.787636 0.545759 0.285966
vn 0.605039 0.380437 0.699425
vn 0.884119 0.298413 0.359559
vn 0.884119 0.298413 0.359559
vn 0.605039 0.380437 0.699425
vn 0.63427 0.130958 0.761939
vn 0.605039 0.380437 0.699425
vn 0.224674 0.167311 0.959963
vn 0.63427 0.130958 0.761939
vn 0.63427 0.130958 0.761939
vn 0.224674 0.167311 0.959963
vn 0.219832 -0.068474 0.973132
vn 0.224674 0.167311 0.959963
vn -0.220467 -0.079388 0.972158
vn 0.219832 -0.068474 0.973132
vn 0.880883 0.392161 -0.265056
vn 0.75111 0.657853 -0.055345
vn 0.889813 0.454342 -0.042494
vn 0.889813 0.454342 -0.042494
vn 0.75111 0.657853 -0.055345
vn 0.787636 0.545759 0.285966
vn 0.75111 0.657853 -0.055345
vn 0.640991 0.73874 0.208308
vn 0.787636 0.545759 0.285966
vn 0.640991 0.73874 0.208308
vn 0.554513 0.590581 0.586284
vn 0.787636 0.545759 0.285966
vn 0.787636 0.545759 0.285966
vn 0.554513 0.590581 0.586284
vn 0.605039 0.380437 0.699425
vn 0.554513 0.590581 0.586284
vn 0.221931 0.407682 0.885744
vn 0.605039 0.380437 0.699425
vn 0.605039 0.380437 0.699425
vn 0.221931 0.407682 0.885744
vn 0.224674 0.167311 0.959963
vn 0.221931 0.407682 0.885744
vn -0.229689 0.171493 0.958036
vn 0.224674 0.167311 0.959963
vn 0.224674 0.167311 0.959963
vn -0.229689 0.171493 0.958036
vn -0.220467 -0.079388 0.972158
vn -0.229689 0.171493 0.958036
vn -0.60481 -0.117737 0.787619
vn -0.220467 -0.079388 0.972158
vn -0.638076 0.140869 0.756977
vn -0.229689 0.171493 0.958036
vn -0.222285 0.402523 0.888012
vn -0.229689 0.171493 0.958036
vn 0.221931 0.407682 0.885744
vn -0.222285 0.402523 0.888012
vn -0.222285 0.402523 0.888012
vn 0.221931 0.407682 0.885744
vn 0.205787 0.620806 0.756473
vn 0.221931 0.407682 0.885744
vn 0.554513 0.590581 0.586284
vn 0.205787 0.620806 0.756473
vn 0.205787 0.620806 0.756473
vn 0.554513 0.590581 0.586284
vn 0.412579 0.810827 0.415137
vn 0.554513 0.590581 0.586284
vn 0.640991 0.73874 0.208308
vn 0.412579 0.810827 0.415137
vn 0.640991 0.73874 0.208308
vn 0.457336 0.877708 0.143081
vn 0.412579 0.810827 0.415137
vn 0.457336 0.877708 0.143081
vn 0.180404 0.917249 0.355117
vn 0.412579 0.810827 0.415137
vn 0.412579 0.810827 0.415137
vn 0.180404 0.917249 0.355117
vn 0.12153 0.826243 0.550049
vn 0.180404 0.917249 0.355117
vn -0.146561 0.83464 0.530939
vn 0.12153 0.826243 0.550049
vn -0.638076 0.140869 0.756977
vn -0.222285 0.402523 0.888012
vn -0.619969 0.372128 0.690767
vn -0.619969 0.372128 0.690767
vn -0.222285 0.402523 0.888012
vn -0.213411 0.629663 0.74698
vn -0.222285 0.402523 0.888012
vn 0.205787 0.620806 0.756473
vn -0.213411 0.629663 0.74698
vn -0.213411 0.629663 0.74698
vn 0.205787 0.620806 0.756473
vn 0.12153 0.826243 0.550049
vn 0.205787 0.620806 0.756473
vn 0.412579 0.810827 0.415137
vn 0.12153 0.826243 0.550049
vn 0.62345 -0.670231 0.402617
vn 0.456318 -0.602149 0.655127
vn 0.281131 -0.740544 0.610377
vn 0.456318 -0.602149 0.655127
vn 0.165062 -0.598718 0.783767
vn 0.281131 -0.740544 0.610377
vn 0.281131 -0.740544 0.610377
vn 0.165062 -0.598718 0.783767
vn -0.027918 -0.707317 0.706345
vn 0.165062 -0.598718 0.783767
vn -0.097083 -0.576196 0.811525
vn -0.027918 -0.707317 0.706345
vn -0.701304 -0.329794 0.631988
vn -0.383809 -0.53688 0.751299
vn -0.531088 -0.320182 0.784493
vn -0.531088 -0.320182 0.784493
vn -0.383809 -0.53688 0.751299
vn -0.190654 -0.331822 0.923875
vn -0.383809 -0.53688 0.751299
vn -0.097083 -0.576196 0.811525
vn -0.190654 -0.331822 0.923875
vn -0.190654 -0.331822 0.923875
vn -0.097083 -0.576196 0.811525
vn 0.209197 -0.348426 0.913693
vn -0.097083 -0.576196 0.811525
vn 0.165062 -0.598718 0.783767
vn 0.209197 -0.348426 0.913693
vn 0.209197 -0.348426 0.913693
vn 0.165062 -0.598718 0.783767
vn 0.547957 -0.361733 0.75425
vn 0.165062 -0.598718 0.783767
vn 0.456318 -0.602149 0.655127
vn 0.547957 -0.361733 0.75425
vn 0.547957 -0.361733 0.75425
vn 0.456318 -0.602149 0.655127
vn 0.798395 -0.405576 0.445055
vn 0.456318 -0.602149 0.655127
vn 0.62345 -0.670231 0.402617
vn 0.798395 -0.405576 0.445055
vn 0.798395 -0.405576 0.445055
vn 0.62345 -0.670231 0.402617
vn 0.874599 -0.480467 0.065024
vn 0.62345 -0.670231 0.402617
vn 0.72259 -0.681671 0.114836
vn 0.874599 -0.480467 0.065024
vn 0.72259 -0.681671 0.114836
vn 0.843888 -0.521408 -0.12644
vn 0.874599 -0.480467 0.065024
vn 0.843888 -0.521408 -0.12644
vn 0.945165 -0.286344 -0.157066
vn 0.874599 -0.480467 0.065024
vn 0.874599 -0.480467 0.065024
vn 0.945165 -0.286344 -0.157066
vn 0.974704 -0.221248 0.03166
vn 0.945165 -0.286344 -0.157066
vn 0.976469 -0.075344 -0.202068
vn 0.974704 -0.221248 0.03166
vn 0.974704 -0.221248 0.03166
vn 0.976469 -0.075344 -0.202068
vn 0.999991 -0.002268 -0.003495
vn 0.976469 -0.075344 -0.202068
vn 0.961844 0.145846 -0.231483
vn 0.999991 -0.002268 -0.003495
vn 0.999991 -0.002268 -0.003495
vn 0.961844 0.145846 -0.231483
vn 0.973321 0.225938 -0.039978
vn 0.961844 0.145846 -0.231483
vn 0.880883 0.392161 -0.265056
vn 0.973321 0.225938 -0.039978
vn 0.973321 0.225938 -0.039978
vn 0.880883 0.392161 -0.265056
vn 0.889813 0.454342 -0.042494
vn -0.855493 -0.365919 0.366382
vn -0.983914 -0.054404 -0.17016
vn -0.971717 0.160139 0.173558
vn -0.98929 -0.145961 -0.001235
vn -0.91801 0.082053 0.387975
vn -0.995684 0.082822 0.041886
vn -0.91801 0.082053 0.387975
vn -0.834366 0.366511 0.411707
vn -0.995684 0.082822 0.041886
vn -0.834366 0.366511 0.411707
vn -0.971717 0.160139 0.173558
vn -0.995684 0.082822 0.041886
vn -0.995684 0.082822 0.041886
vn -0.971717 0.160139 0.173558
vn -0.971893 -0.063926 -0.226577
vn -0.971717 0.160139 0.173558
vn -0.983914 -0.054404 -0.17016
vn -0.971893 -0.063926 -0.226577
vn -0.971893 -0.063926 -0.226577
vn -0.983914 -0.054404 -0.17016
vn -0.683143 -0.094284 -0.724173
vn -0.983914 -0.054404 -0.17016
vn -0.621408 -0.106838 -0.776169
vn -0.683143 -0.094284 -0.724173
vn -0.621408 -0.106838 -0.776169
vn -0.250698 0.140584 -0.957803
vn -0.683143 -0.094284 -0.724173
vn -0.683143 -0.094284 -0.724173
vn -0.250698 0.140584 -0.957803
vn -0.27074 -0.040596 -0.961796
vn -0.27074 -0.040596 -0.961796
vn -0.250698 0.140584 -0.957803
vn -0.092473 -0.01425 -0.995613
vn -0.092473 -0.01425 -0.995613
vn -0.250698 0.140584 -0.957803
vn -0.078043 0.137734 -0.98739
vn -0.250698 0.140584 -0.957803
vn -0.085693 0.281688 -0.955672
vn -0.078043 0.137734 -0.98739
vn -0.085693 0.281688 -0.955672
vn -0.011583 0.269522 -0.962925
vn -0.078043 0.137734 -0.98739
vn -0.078043 0.137734 -0.98739
vn -0.011583 0.269522 -0.962925
vn 0.016409 0.138196 -0.990269
vn 0.731407 -0.119059 0.671468
vn 0.94345 -0.124516 0.307243
vn 0.914245 0.049783 0.402092
vn 0.914245 0.049783 0.402092
vn 0.94345 -0.124516 0.307243
vn 0.993494 0.071302 0.0888
vn 0.94345 -0.124516 0.307243
vn 0.989113 -0.145719 0.020524
vn 0.993494 0.071302 0.0888
vn 0.993494 0.071302 0.0888
vn 0.989113 -0.145719 0.020524
vn 0.960178 -0.073802 -0.269464
vn 0.974508 -0.109888 -0.195597
vn 0.968243 0.173298 0.180204
vn 0.993494 0.071302 0.0888
vn 0.968243 0.173298 0.180204
vn 0.828255 0.349531 0.437974
vn 0.993494 0.071302 0.0888
vn 0.993494 0.071302 0.0888
vn 0.828255 0.349531 0.437974
vn 0.914245 0.049783 0.402092
vn 0.828255 0.349531 0.437974
vn 0.680848 0.145198 0.717888
vn 0.914245 0.049783 0.402092
vn 0.914245 0.049783 0.402092
vn 0.680848 0.145198 0.717888
vn 0.731407 -0.119059 0.671468
vn 0.731407 -0.119059 0.671468
vn 0.680848 0.145198 0.717888
vn 0.451944 -0.172717 0.875166
vn 0.680848 0.145198 0.717888
vn 0.443647 0.1278 0.887042
vn 0.451944 -0.172717 0.875166
vn 0.451944 -0.172717 0.875166
vn 0.443647 0.1278 0.887042
vn 0.249733 -0.211949 0.944834
vn 0.443647 0.1278 0.887042
vn 0.238973 0.112299 0.964511
vn 0.249733 -0.211949 0.944834
vn 0.249733 -0.211949 0.944834
vn 0.238973 0.112299 0.964511
vn -0.001581 -0.220644 0.975353
vn 0.002103 0.423072 0.906094
vn -0.002967 0.112809 0.993612
vn 0.199013 0.425634 0.88274
vn -0.002967 0.112809 0.993612
vn 0.238973 0.112299 0.964511
vn 0.199013 0.425634 0.88274
vn 0.199013 0.425634 0.88274
vn 0.238973 0.112299 0.964511
vn 0.373758 0.390111 0.841498
vn 0.238973 0.112299 0.964511
vn 0.443647 0.1278 0.887042
vn 0.373758 0.390111 0.841498
vn 0.373758 0.390111 0.841498
vn 0.443647 0.1278 0.887042
vn 0.559951 0.42921 0.708684
vn 0.443647 0.1278 0.887042
vn 0.680848 0.145198 0.717888
vn 0.559951 0.42921 0.708684
vn 0.680848 0.145198 0.717888
vn 0.828255 0.349531 0.437974
vn 0.559951 0.42921 0.708684
vn 0.828255 0.349531 0.437974
vn 0.542531 0.497332 0.676994
vn 0.559951 0.42921 0.708684
vn 0.542531 0.497332 0.676994
vn 0.35781 0.510166 0.782114
vn 0.559951 0.42921 0.708684
vn 0.559951 0.42921 0.708684
vn 0.35781 0.510166 0.782114
vn 0.373758 0.390111 0.841498
vn 0.373758 0.390111 0.841498
vn 0.35781 0.510166 0.782114
vn 0.199013 0.425634 0.88274
vn 0.35781 0.510166 0.782114
vn 0.182804 0.478742 0.858713
vn 0.199013 0.425634 0.88274
vn 0.199013 0.425634 0.88274
vn 0.182804 0.478742 0.858713
vn 0.002103 0.423072 0.906094
vn 0.182804 0.478742 0.858713
vn -0.046907 0.48131 0.875294
vn 0.002103 0.423072 0.906094
vn 0.002103 0.423072 0.906094
vn -0.046907 0.48131 0.875294
vn -0.217085 0.442123 0.870288
vn -0.046907 0.48131 0.875294
vn -0.203941 0.480744 0.852815
vn -0.217085 0.442123 0.870288
vn -0.203941 0.480744 0.852815
vn -0.377411 0.503592 0.777146
vn -0.217085 0.442123 0.870288
vn -0.217085 0.442123 0.870288
vn -0.377411 0.503592 0.777146
vn -0.416231 0.391859 0.820487
vn -0.377411 0.503592 0.777146
vn -0.608058 0.419941 0.673732
vn -0.416231 0.391859 0.820487
vn -0.377411 0.503592 0.777146
vn -0.547399 0.504791 0.667488
vn -0.608058 0.419941 0.673732
vn -0.547399 0.504791 0.667488
vn -0.834366 0.366511 0.411707
vn -0.608058 0.419941 0.673732
vn -0.834366 0.366511 0.411707
vn -0.91801 0.082053 0.387975
vn -0.608058 0.419941 0.673732
vn -0.91801 0.082053 0.387975
vn -0.70115 0.145427 0.698026
vn -0.608058 0.419941 0.673732
vn -0.608058 0.419941 0.673732
vn -0.70115 0.145427 0.698026
vn -0.416231 0.391859 0.820487
vn -0.70115 0.145427 0.698026
vn -0.44303 0.143959 0.884873
vn -0.416231 0.391859 0.820487
vn -0.416231 0.391859 0.820487
vn -0.44303 0.143959 0.884873
vn -0.217085 0.442123 0.870288
vn -0.44303 0.143959 0.884873
vn -0.237776 0.120532 0.963813
vn -0.217085 0.442123 0.870288
vn -0.217085 0.442123 0.870288
vn -0.237776 0.120532 0.963813
vn 0.002103 0.423072 0.906094
vn -0.237776 0.120532 0.963813
vn -0.002967 0.112809 0.993612
vn 0.002103 0.423072 0.906094
vn 0.238973 0.112299 0.964511
vn -0.002967 0.112809 0.993612
vn -0.001581 -0.220644 0.975353
vn -0.001581 -0.220644 0.975353
vn -0.002967 0.112809 0.993612
vn -0.239829 -0.211772 0.947436
vn -0.002967 0.112809 0.993612
vn -0.237776 0.120532 0.963813
vn -0.239829 -0.211772 0.947436
vn -0.239829 -0.211772 0.947436
vn -0.237776 0.120532 0.963813
vn -0.455007 -0.164314 0.875197
vn -0.237776 0.120532 0.963813
vn -0.44303 0.143959 0.884873
vn -0.455007 -0.164314 0.875197
vn -0.455007 -0.164314 0.875197
vn -0.44303 0.143959 0.884873
vn -0.743824 -0.081997 0.663327
vn -0.44303 0.143959 0.884873
vn -0.70115 0.145427 0.698026
vn -0.743824 -0.081997 0.663327
vn -0.743824 -0.081997 0.663327
vn -0.70115 0.145427 0.698026
vn -0.936224 -0.118273 0.330903
vn -0.70115 0.145427 0.698026
vn -0.91801 0.082053 0.387975
vn -0.936224 -0.118273 0.330903
vn -0.936224 -0.118273 0.330903
vn -0.91801 0.082053 0.387975
vn -0.98929 -0.145961 -0.001235
vn 0.091123 0.153498 -0.983939
vn 0.56219 -0.050331 -0.825475
vn 0.214637 0.290248 -0.93257
vn 0.56219 -0.050331 -0.825475
vn 0.271087 0.147014 -0.951262
vn 0.214637 0.290248 -0.93257
vn 0.214637 0.290248 -0.93257
vn 0.271087 0.147014 -0.951262
vn 0.094304 0.286169 -0.953527
vn 0.271087 0.147014 -0.951262
vn 0.096966 0.128046 -0.987017
vn 0.094304 0.286169 -0.953527
vn -0.011583 0.269522 -0.962925
vn 0.094304 0.286169 -0.953527
vn 0.016409 0.138196 -0.990269
vn 0.094304 0.286169 -0.953527
vn 0.096966 0.128046 -0.987017
vn 0.016409 0.138196 -0.990269
vn 0.016409 0.138196 -0.990269
vn 0.096966 0.128046 -0.987017
vn 0.083244 -0.01546 -0.996409
vn 0.083244 -0.01546 -0.996409
vn 0.096966 0.128046 -0.987017
vn 0.290216 -0.054153 -0.955428
vn 0.096966 0.128046 -0.987017
vn 0.271087 0.147014 -0.951262
vn 0.290216 -0.054153 -0.955428
vn 0.290216 -0.054153 -0.955428
vn 0.271087 0.147014 -0.951262
vn 0.701396 -0.108074 -0.704531
vn 0.271087 0.147014 -0.951262
vn 0.56219 -0.050331 -0.825475
vn 0.701396 -0.108074 -0.704531
vn 0.701396 -0.108074 -0.704531
vn 0.56219 -0.050331 -0.825475
vn 0.960178 -0.073802 -0.269464
vn 0.56219 -0.050331 -0.825475
vn 0.974508 -0.109888 -0.195597
vn 0.960178 -0.073802 -0.269464
vn 0.960178 -0.073802 -0.269464
vn 0.974508 -0.109888 -0.195597
vn 0.993494 0.071302 0.0888
vn -0.239829 -0.211772 0.947436
vn -0.455007 -0.164314 0.875197
vn -0.42591 -0.175749 0.887532
vn -0.42591 -0.175749 0.887532
vn -0.455007 -0.164314 0.875197
vn -0.73415 -0.089668 0.67304
vn -0.455007 -0.164314 0.875197
vn -0.743824 -0.081997 0.663327
vn -0.73415 -0.089668 0.67304
vn -0.73415 -0.089668 0.67304
vn -0.743824 -0.081997 0.663327
vn -0.943151 -0.01314 0.332104
vn -0.743824 -0.081997 0.663327
vn -0.936224 -0.118273 0.330903
vn -0.943151 -0.01314 0.332104
vn 0.94345 -0.124516 0.307243
vn 0.731407 -0.119059 0.671468
vn 0.752649 -0.074133 0.654235
vn 0.752649 -0.074133 0.654235
vn 0.731407 -0.119059 0.671468
vn 0.431771 -0.169459 0.885922
vn 0.731407 -0.119059 0.671468
vn 0.451944 -0.172717 0.875166
vn 0.431771 -0.169459 0.885922
vn 0.431771 -0.169459 0.885922
vn 0.451944 -0.172717 0.875166
vn 0.229303 -0.216919 0.948876
vn 0.451944 -0.172717 0.875166
vn 0.249733 -0.211949 0.944834
vn 0.229303 -0.216919 0.948876
vn 0.229303 -0.216919 0.948876
vn 0.249733 -0.211949 0.944834
vn 0.009526 -0.238937 0.970988
vn 0.249733 -0.211949 0.944834
vn -0.001581 -0.220644 0.975353
vn 0.009526 -0.238937 0.970988
vn 0.009526 -0.238937 0.970988
vn -0.001581 -0.220644 0.975353
vn -0.231741 -0.206951 0.950509
vn -0.001581 -0.220644 0.975353
vn -0.239829 -0.211772 0.947436
vn -0.231741 -0.206951 0.950509
vn -0.231741 -0.206951 0.950509
vn -0.239829 -0.211772 0.947436
vn -0.42591 -0.175749 0.887532
vn 0.440617 -0.318855 -0.839159
vn 0.091123 0.153498 -0.983939
vn -0.048676 0.133958 -0.989791
vn 0.869677 -0.377877 0.317601
vn 0.783714 0.015306 0.620933
vn 0.968243 0.173298 0.180204
vn 0.968243 0.173298 0.180204
vn 0.783714 0.015306 0.620933
vn 0.743072 0.365999 0.560258
vn 0.974508 -0.109888 -0.195597
vn 0.56219 -0.050331 -0.825475
vn 0.440617 -0.318855 -0.839159
vn 0.440617 -0.318855 -0.839159
vn 0.56219 -0.050331 -0.825475
vn 0.091123 0.153498 -0.983939
vn 0.136829 -0.683466 -0.717044
vn 0.096958 -0.693478 -0.713924
vn 0.027534 -0.999128 -0.031377
vn 0.027534 -0.999128 -0.031377
vn 0.096958 -0.693478 -0.713924
vn -0.07564 -0.996202 -0.043134
vn 0.130207 -0.990945 -0.032776
vn 0.027534 -0.999128 -0.031377
vn 0.183958 -0.807456 0.560513
vn 0.183958 -0.807456 0.560513
vn 0.027534 -0.999128 -0.031377
vn 0.062333 -0.817339 0.572775
vn 0.027534 -0.999128 -0.031377
vn -0.07564 -0.996202 -0.043134
vn 0.062333 -0.817339 0.572775
vn 0.062333 -0.817339 0.572775
vn -0.07564 -0.996202 -0.043134
vn -0.038514 -0.811059 0.583695
vn 0.015202 0.588358 -0.808457
vn 0.083287 0.894241 -0.439768
vn 0.005678 0.664295 -0.747449
vn 0.083287 0.894241 -0.439768
vn 0.105616 0.932852 -0.34443
vn 0.005678 0.664295 -0.747449
vn 0.105616 0.932852 -0.34443
vn 0.100009 0.731837 -0.674102
vn 0.005678 0.664295 -0.747449
vn 0.005678 0.664295 -0.747449
vn 0.100009 0.731837 -0.674102
vn 0.054115 0.244229 -0.968207
vn 0.100009 0.731837 -0.674102
vn 0.191661 0.708886 -0.678784
vn 0.054115 0.244229 -0.968207
vn 0.191661 0.708886 -0.678784
vn 0.177545 0.217676 -0.959737
vn 0.054115 0.244229 -0.968207
vn 0.054115 0.244229 -0.968207
vn 0.177545 0.217676 -0.959737
vn 0.130983 -0.669054 -0.73158
vn 0.177545 0.217676 -0.959737
vn 0.136829 -0.683466 -0.717044
vn 0.130983 -0.669054 -0.73158
vn 0.130983 -0.669054 -0.73158
vn 0.136829 -0.683466 -0.717044
vn 0.130207 -0.990945 -0.032776
vn 0.136829 -0.683466 -0.717044
vn 0.027534 -0.999128 -0.031377
vn 0.130207 -0.990945 -0.032776
vn 0.005678 0.664295 -0.747449
vn 0.054115 0.244229 -0.968207
vn -0.040079 0.151622 -0.987626
vn 0.083287 0.894241 -0.439768
vn 0.160954 0.980318 0.11433
vn 0.105616 0.932852 -0.34443
vn 0.105616 0.932852 -0.34443
vn 0.160954 0.980318 0.11433
vn 0.149016 0.978022 0.145835
vn 0.160954 0.980318 0.11433
vn 0.149439 0.623727 0.767224
vn 0.149016 0.978022 0.145835
vn 0.149016 0.978022 0.145835
vn 0.149439 0.623727 0.767224
vn 0.155558 0.681364 0.715224
vn 0.149439 0.623727 0.767224
vn 0.160666 -0.102622 0.981659
vn 0.155558 0.681364 0.715224
vn 0.155558 0.681364 0.715224
vn 0.160666 -0.102622 0.981659
vn 0.177029 -0.085153 0.980515
vn 0.160666 -0.102622 0.981659
vn 0.183958 -0.807456 0.560513
vn 0.177029 -0.085153 0.980515
vn 0.177029 -0.085153 0.980515
vn 0.183958 -0.807456 0.560513
vn 0.062333 -0.817339 0.572775
vn 0.155558 0.681364 0.715224
vn 0.177029 -0.085153 0.980515
vn 0.24189 0.672919 0.699049
vn 0.260581 -0.389055 0.883591
vn 0.160666 -0.102622 0.981659
vn 0.200992 0.029358 0.979153
vn 0.160666 -0.102622 0.981659
vn 0.149439 0.623727 0.767224
vn 0.200992 0.029358 0.979153
vn 0.200992 0.029358 0.979153
vn 0.149439 0.623727 0.767224
vn 0.443387 0.163485 0.881295
vn 0.443387 0.163485 0.881295
vn 0.149439 0.623727 0.767224
vn 0.426823 0.440024 0.790064
vn 0.426823 0.440024 0.790064
vn 0.149439 0.623727 0.767224
vn 0.345347 0.726155 0.594504
vn 0.149439 0.623727 0.767224
vn 0.160954 0.980318 0.11433
vn 0.345347 0.726155 0.594504
vn 0.345347 0.726155 0.594504
vn 0.160954 0.980318 0.11433
vn 0.421515 0.900484 0.107019
vn 0.421515 0.900484 0.107019
vn 0.160954 0.980318 0.11433
vn 0.243822 0.844672 -0.47653
vn 0.160954 0.980318 0.11433
vn 0.083287 0.894241 -0.439768
vn 0.243822 0.844672 -0.47653
vn 0.243822 0.844672 -0.47653
vn 0.083287 0.894241 -0.439768
vn 0.015202 0.588358 -0.808457
vn 0.260581 -0.389055 0.883591
vn 0.535704 -0.647953 0.541459
vn 0.254177 -0.796383 0.548788
vn 0.869677 -0.377877 0.317601
vn 0.531058 -0.846271 -0.042462
vn 0.535704 -0.647953 0.541459
vn 0.535704 -0.647953 0.541459
vn 0.531058 -0.846271 -0.042462
vn 0.305241 -0.951554 -0.03706
vn 0.531058 -0.846271 -0.042462
vn 0.201665 -0.631319 -0.748845
vn 0.305241 -0.951554 -0.03706
vn 0.535704 -0.647953 0.541459
vn 0.305241 -0.951554 -0.03706
vn 0.254177 -0.796383 0.548788
vn 0.396518 0.682804 -0.613639
vn 0.725843 0.685517 0.056728
vn 0.421515 0.900484 0.107019
vn 0.725843 0.685517 0.056728
vn 0.50512 0.663579 0.551831
vn 0.421515 0.900484 0.107019
vn 0.260581 -0.389055 0.883591
vn 0.254177 -0.796383 0.548788
vn 0.160666 -0.102622 0.981659
vn 0.160666 -0.102622 0.981659
vn 0.254177 -0.796383 0.548788
vn 0.183958 -0.807456 0.560513
vn 0.338591 0.894451 -0.292086
vn 0.23095 0.922506 -0.309264
vn 0.281461 0.949893 0.135955
vn 0.259359 0.16779 -0.951094
vn 0.30643 0.682059 -0.664001
vn 0.370135 0.567823 -0.735239
vn 0.370135 0.567823 -0.735239
vn 0.30643 0.682059 -0.664001
vn 0.426967 0.866594 -0.25829
vn 0.30643 0.682059 -0.664001
vn 0.338591 0.894451 -0.292086
vn 0.426967 0.866594 -0.25829
vn 0.426967 0.866594 -0.25829
vn 0.338591 0.894451 -0.292086
vn 0.372986 0.920197 0.118822
vn 0.338591 0.894451 -0.292086
vn 0.281461 0.949893 0.135955
vn 0.372986 0.920197 0.118822
vn 0.372986 0.920197 0.118822
vn 0.281461 0.949893 0.135955
vn 0.24189 0.672919 0.699049
vn 0.24189 0.672919 0.699049
vn 0.281461 0.949893 0.135955
vn 0.155558 0.681364 0.715224
vn 0.155558 0.681364 0.715224
vn 0.281461 0.949893 0.135955
vn 0.149016 0.978022 0.145835
vn 0.281461 0.949893 0.135955
vn 0.23095 0.922506 -0.309264
vn 0.149016 0.978022 0.145835
vn 0.149016 0.978022 0.145835
vn 0.23095 0.922506 -0.309264
vn 0.105616 0.932852 -0.34443
vn 0.372986 0.920197 0.118822
vn 0.418702 0.898461 0.132122
vn 0.426967 0.866594 -0.25829
vn 0.418702 0.898461 0.132122
vn 0.482857 0.875407 0.02261
vn 0.426967 0.866594 -0.25829
vn 0.482857 0.875407 0.02261
vn 0.486354 0.842231 -0.232608
vn 0.426967 0.866594 -0.25829
vn 0.486354 0.842231 -0.232608
vn 0.485451 0.652829 -0.581508
vn 0.426967 0.866594 -0.25829
vn 0.426967 0.866594 -0.25829
vn 0.485451 0.652829 -0.581508
vn 0.370135 0.567823 -0.735239
vn 0.485451 0.652829 -0.581508
vn 0.382176 0.107415 -0.917825
vn 0.370135 0.567823 -0.735239
vn 0.370135 0.567823 -0.735239
vn 0.382176 0.107415 -0.917825
vn 0.306022 -0.016393 -0.951883
vn 0.382176 0.107415 -0.917825
vn 0.185039 -0.603749 -0.775402
vn 0.306022 -0.016393 -0.951883
vn 0.306022 -0.016393 -0.951883
vn 0.185039 -0.603749 -0.775402
vn 0.050713 -0.832689 -0.551413
vn 0.185039 -0.603749 -0.775402
vn -0.124607 -0.990131 -0.06413
vn 0.050713 -0.832689 -0.551413
vn 0.050713 -0.832689 -0.551413
vn -0.124607 -0.990131 -0.06413
vn -0.125167 -0.991664 0.030586
vn -0.124607 -0.990131 -0.06413
vn -0.094664 -0.831607 0.547237
vn -0.125167 -0.991664 0.030586
vn -0.094664 -0.831607 0.547237
vn -0.047784 -0.759264 0.649026
vn -0.125167 -0.991664 0.030586
vn -0.047784 -0.759264 0.649026
vn -0.038514 -0.811059 0.583695
vn -0.125167 -0.991664 0.030586
vn -0.038514 -0.811059 0.583695
vn -0.07564 -0.996202 -0.043134
vn -0.125167 -0.991664 0.030586
vn -0.125167 -0.991664 0.030586
vn -0.07564 -0.996202 -0.043134
vn 0.050713 -0.832689 -0.551413
vn -0.07564 -0.996202 -0.043134
vn 0.096958 -0.693478 -0.713924
vn 0.050713 -0.832689 -0.551413
vn 0.050713 -0.832689 -0.551413
vn 0.096958 -0.693478 -0.713924
vn 0.306022 -0.016393 -0.951883
vn 0.096958 -0.693478 -0.713924
vn 0.259359 0.16779 -0.951094
vn 0.306022 -0.016393 -0.951883
vn 0.306022 -0.016393 -0.951883
vn 0.259359 0.16779 -0.951094
vn 0.370135 0.567823 -0.735239
vn 0.105616 0.932852 -0.34443
vn 0.23095 0.922506 -0.309264
vn 0.100009 0.731837 -0.674102
vn 0.100009 0.731837 -0.674102
vn 0.23095 0.922506 -0.309264
vn 0.191661 0.708886 -0.678784
vn 0.23095 0.922506 -0.309264
vn 0.338591 0.894451 -0.292086
vn 0.191661 0.708886 -0.678784
vn 0.338591 0.894451 -0.292086
vn 0.30643 0.682059 -0.664001
vn 0.191661 0.708886 -0.678784
vn 0.191661 0.708886 -0.678784
vn 0.30643 0.682059 -0.664001
vn 0.177545 0.217676 -0.959737
vn 0.30643 0.682059 -0.664001
vn 0.259359 0.16779 -0.951094
vn 0.177545 0.217676 -0.959737
vn 0.177545 0.217676 -0.959737
vn 0.259359 0.16779 -0.951094
vn 0.136829 -0.683466 -0.717044
vn 0.259359 0.16779 -0.951094
vn 0.096958 -0.693478 -0.713924
vn 0.136829 -0.683466 -0.717044
vn 0.13345 -0.081969 0.98766
vn 0.000724 -0.471494 0.881869
vn 0.109847 -0.114094 0.987378
vn 0.13345 -0.081969 0.98766
vn 0.310514 0.671093 0.673212
vn 0.10868 -0.091028 0.9899
vn -0.094664 -0.831607 0.547237
vn 0.000724 -0.471494 0.881869
vn -0.047784 -0.759264 0.649026
vn 0.000724 -0.471494 0.881869
vn 0.13345 -0.081969 0.98766
vn -0.047784 -0.759264 0.649026
vn -0.047784 -0.759264 0.649026
vn 0.13345 -0.081969 0.98766
vn -0.038514 -0.811059 0.583695
vn 0.13345 -0.081969 0.98766
vn 0.10868 -0.091028 0.9899
vn -0.038514 -0.811059 0.583695
vn -0.038514 -0.811059 0.583695
vn 0.10868 -0.091028 0.9899
vn 0.062333 -0.817339 0.572775
vn 0.062333 -0.817339 0.572775
vn 0.10868 -0.091028 0.9899
vn 0.177029 -0.085153 0.980515
vn 0.177029 -0.085153 0.980515
vn 0.10868 -0.091028 0.9899
vn 0.24189 0.672919 0.699049
vn 0.10868 -0.091028 0.9899
vn 0.310514 0.671093 0.673212
vn 0.24189 0.672919 0.699049
vn 0.24189 0.672919 0.699049
vn 0.310514 0.671093 0.673212
vn 0.372986 0.920197 0.118822
vn 0.310514 0.671093 0.673212
vn 0.418702 0.898461 0.132122
vn 0.372986 0.920197 0.118822
vn 0.31566 0.145351 0.937674
vn 0.429357 0.652269 0.624658
vn 0.109847 -0.114094 0.987378
vn 0.109847 -0.114094 0.987378
vn 0.429357 0.652269 0.624658
vn 0.13345 -0.081969 0.98766
vn 0.429357 0.652269 0.624658
vn 0.341991 0.684358 0.643969
vn 0.13345 -0.081969 0.98766
vn 0.13345 -0.081969 0.98766
vn 0.341991 0.684358 0.643969
vn 0.310514 0.671093 0.673212
vn 0.310514 0.671093 0.673212
vn 0.341991 0.684358 0.643969
vn 0.418702 0.898461 0.132122
vn 0.341991 0.684358 0.643969
vn 0.429357 0.652269 0.624658
vn 0.418702 0.898461 0.132122
vn 0.418702 0.898461 0.132122
vn 0.429357 0.652269 0.624658
vn 0.482857 0.875407 0.02261
vn 0.482857 0.875407 0.02261
vn 0.429357 0.652269 0.624658
vn 0.592896 0.797035 0.114936
vn 0.592896 0.797035 0.114936
vn 0.429357 0.652269 0.624658
vn 0.57665 0.466209 0.670913
vn 0.429357 0.652269 0.624658
vn 0.31566 0.145351 0.937674
vn 0.57665 0.466209 0.670913
vn 0.57665 0.466209 0.670913
vn 0.31566 0.145351 0.937674
vn 0.36825 -0.124102 0.921407
vn -0.040079 0.151622 -0.987626
vn 0.054115 0.244229 -0.968207
vn 0.201665 -0.631319 -0.748845
vn 0.054115 0.244229 -0.968207
vn 0.130983 -0.669054 -0.73158
vn 0.201665 -0.631319 -0.748845
vn 0.201665 -0.631319 -0.748845
vn 0.130983 -0.669054 -0.73158
vn 0.305241 -0.951554 -0.03706
vn 0.130983 -0.669054 -0.73158
vn 0.130207 -0.990945 -0.032776
vn 0.305241 -0.951554 -0.03706
vn 0.305241 -0.951554 -0.03706
vn 0.130207 -0.990945 -0.032776
vn 0.254177 -0.796383 0.548788
vn 0.130207 -0.990945 -0.032776
vn 0.183958 -0.807456 0.560513
vn 0.254177 -0.796383 0.548788
vn 0.611767 -0.790641 -0.025071
vn 0.54839 -0.739162 -0.391034
vn 0.818504 -0.311772 -0.482544
vn 0.54839 -0.739162 -0.391034
vn 0.371724 -0.753765 -0.541904
vn 0.818504 -0.311772 -0.482544
vn 0.526472 -0.684036 0.504899
vn 0.611767 -0.790641 -0.025071
vn 0.958637 -0.2837 0.023015
vn 0.611767 -0.790641 -0.025071
vn 0.818504 -0.311772 -0.482544
vn 0.958637 -0.2837 0.023015
vn 0.958637 -0.2837 0.023015
vn 0.818504 -0.311772 -0.482544
vn 0.902295 0.022019 -0.430556
vn 0.902295 0.022019 -0.430556
vn 0.818504 -0.311772 -0.482544
vn 0.656639 -0.212612 -0.723617
vn 0.818504 -0.311772 -0.482544
vn 0.371724 -0.753765 -0.541904
vn 0.656639 -0.212612 -0.723617
vn 0.656639 -0.212612 -0.723617
vn 0.371724 -0.753765 -0.541904
vn 0.238258 -0.783175 -0.574344
vn 0.810641 -0.19274 0.552913
vn 0.958637 -0.2837 0.023015
vn 0.980558 0.195616 -0.015512
vn 0.958637 -0.2837 0.023015
vn 0.902295 0.022019 -0.430556
vn 0.980558 0.195616 -0.015512
vn 0.980558 0.195616 -0.015512
vn 0.902295 0.022019 -0.430556
vn 0.795092 0.303476 -0.525101
vn 0.902295 0.022019 -0.430556
vn 0.656639 -0.212612 -0.723617
vn 0.795092 0.303476 -0.525101
vn 0.795092 0.303476 -0.525101
vn 0.656639 -0.212612 -0.723617
vn 0.537756 -0.163478 -0.8271
vn 0.656639 -0.212612 -0.723617
vn 0.238258 -0.783175 -0.574344
vn 0.537756 -0.163478 -0.8271
vn 0.537756 -0.163478 -0.8271
vn 0.238258 -0.783175 -0.574344
vn 0.16423 -0.782178 -0.601021
vn 0.238258 -0.783175 -0.574344
vn -0.026247 -0.999248 -0.028539
vn 0.16423 -0.782178 -0.601021
vn 0.16423 -0.782178 -0.601021
vn -0.026247 -0.999248 -0.028539
vn -0.124607 -0.990131 -0.06413
vn -0.026247 -0.999248 -0.028539
vn -0.056293 -0.912438 0.405324
vn -0.124607 -0.990131 -0.06413
vn -0.124607 -0.990131 -0.06413
vn -0.056293 -0.912438 0.405324
vn -0.094664 -0.831607 0.547237
vn 0.16423 -0.782178 -0.601021
vn 0.434472 -0.102083 -0.894882
vn 0.537756 -0.163478 -0.8271
vn 0.57016 0.439325 -0.694199
vn 0.434472 -0.102083 -0.894882
vn 0.382176 0.107415 -0.917825
vn 0.382176 0.107415 -0.917825
vn 0.434472 -0.102083 -0.894882
vn 0.185039 -0.603749 -0.775402
vn 0.434472 -0.102083 -0.894882
vn 0.16423 -0.782178 -0.601021
vn 0.185039 -0.603749 -0.775402
vn 0.185039 -0.603749 -0.775402
vn 0.16423 -0.782178 -0.601021
vn -0.124607 -0.990131 -0.06413
vn 0.434472 -0.102083 -0.894882
vn 0.57016 0.439325 -0.694199
vn 0.685122 0.472991 -0.553974
vn 0.57016 0.439325 -0.694199
vn 0.590747 0.772462 -0.233069
vn 0.685122 0.472991 -0.553974
vn 0.590747 0.772462 -0.233069
vn 0.660264 0.750892 -0.014597
vn 0.685122 0.472991 -0.553974
vn 0.685122 0.472991 -0.553974
vn 0.660264 0.750892 -0.014597
vn 0.771361 0.634532 -0.048702
vn 0.870932 0.262769 0.415246
vn 0.771361 0.634532 -0.048702
vn 0.745183 0.419795 0.518145
vn 0.771361 0.634532 -0.048702
vn 0.660264 0.750892 -0.014597
vn 0.745183 0.419795 0.518145
vn 0.745183 0.419795 0.518145
vn 0.660264 0.750892 -0.014597
vn 0.702671 0.484543 0.521029
vn 0.702671 0.484543 0.521029
vn 0.660264 0.750892 -0.014597
vn 0.592896 0.797035 0.114936
vn 0.660264 0.750892 -0.014597
vn 0.590747 0.772462 -0.233069
vn 0.592896 0.797035 0.114936
vn 0.592896 0.797035 0.114936
vn 0.590747 0.772462 -0.233069
vn 0.482857 0.875407 0.02261
vn 0.482857 0.875407 0.02261
vn 0.590747 0.772462 -0.233069
vn 0.486354 0.842231 -0.232608
vn 0.486354 0.842231 -0.232608
vn 0.590747 0.772462 -0.233069
vn 0.485451 0.652829 -0.581508
vn 0.590747 0.772462 -0.233069
vn 0.57016 0.439325 -0.694199
vn 0.485451 0.652829 -0.581508
vn 0.485451 0.652829 -0.581508
vn 0.57016 0.439325 -0.694199
vn 0.382176 0.107415 -0.917825
vn 0.592896 0.797035 0.114936
vn 0.57665 0.466209 0.670913
vn 0.702671 0.484543 0.521029
vn 0.434472 -0.102083 -0.894882
vn 0.685122 0.472991 -0.553974
vn 0.537756 -0.163478 -0.8271
vn 0.537756 -0.163478 -0.8271
vn 0.685122 0.472991 -0.553974
vn 0.795092 0.303476 -0.525101
vn 0.685122 0.472991 -0.553974
vn 0.771361 0.634532 -0.048702
vn 0.795092 0.303476 -0.525101
vn 0.795092 0.303476 -0.525101
vn 0.771361 0.634532 -0.048702
vn 0.980558 0.195616 -0.015512
vn 0.771361 0.634532 -0.048702
vn 0.870932 0.262769 0.415246
vn 0.980558 0.195616 -0.015512
vn 0.980558 0.195616 -0.015512
vn 0.870932 0.262769 0.415246
vn 0.810641 -0.19274 0.552913
vn 0.870932 0.262769 0.415246
vn 0.745183 0.419795 0.518145
vn 0.810641 -0.19274 0.552913
vn 0.810641 -0.19274 0.552913
vn 0.745183 0.419795 0.518145
vn 0.539416 -0.235863 0.808331
vn 0.745183 0.419795 0.518145
vn 0.702671 0.484543 0.521029
vn 0.539416 -0.235863 0.808331
vn 0.539416 -0.235863 0.808331
vn 0.702671 0.484543 0.521029
vn 0.419641 -0.283047 0.86243
vn -0.056293 -0.912438 0.405324
vn 0.062889 -0.843462 0.533496
vn 0.056988 -0.678515 0.732373
vn 0.056988 -0.678515 0.732373
vn 0.062889 -0.843462 0.533496
vn 0.173496 -0.584843 0.792375
vn 0.173496 -0.584843 0.792375
vn 0.062889 -0.843462 0.533496
vn 0.216256 -0.572129 0.791139
vn 0.062889 -0.843462 0.533496
vn 0.125804 -0.84973 0.511989
vn 0.216256 -0.572129 0.791139
vn 0.216256 -0.572129 0.791139
vn 0.125804 -0.84973 0.511989
vn 0.419641 -0.283047 0.86243
vn 0.125804 -0.84973 0.511989
vn 0.178037 -0.851212 0.493701
vn 0.419641 -0.283047 0.86243
vn 0.419641 -0.283047 0.86243
vn 0.178037 -0.851212 0.493701
vn 0.539416 -0.235863 0.808331
vn 0.178037 -0.851212 0.493701
vn 0.526472 -0.684036 0.504899
vn 0.539416 -0.235863 0.808331
vn 0.539416 -0.235863 0.808331
vn 0.526472 -0.684036 0.504899
vn 0.810641 -0.19274 0.552913
vn 0.526472 -0.684036 0.504899
vn 0.958637 -0.2837 0.023015
vn 0.810641 -0.19274 0.552913
vn 0.702671 0.484543 0.521029
vn 0.57665 0.466209 0.670913
vn 0.419641 -0.283047 0.86243
vn 0.57665 0.466209 0.670913
vn 0.36825 -0.124102 0.921407
vn 0.419641 -0.283047 0.86243
vn 0.419641 -0.283047 0.86243
vn 0.36825 -0.124102 0.921407
vn 0.216256 -0.572129 0.791139
vn 0.36825 -0.124102 0.921407
vn 0.211757 -0.386288 0.897742
vn 0.216256 -0.572129 0.791139
vn 0.216256 -0.572129 0.791139
vn 0.211757 -0.386288 0.897742
vn 0.173496 -0.584843 0.792375
vn 0.211757 -0.386288 0.897742
vn 0.11496 -0.468213 0.876105
vn 0.173496 -0.584843 0.792375
vn 0.173496 -0.584843 0.792375
vn 0.11496 -0.468213 0.876105
vn 0.187394 -0.575055 0.796363
vn 0.11496 -0.468213 0.876105
vn 0.184704 -0.458901 0.869077
vn 0.187394 -0.575055 0.796363
vn 0.187394 -0.575055 0.796363
vn 0.184704 -0.458901 0.869077
vn 0.082596 -0.554288 0.828217
vn 0.184704 -0.458901 0.869077
vn -0.026541 -0.501724 0.864621
vn 0.082596 -0.554288 0.828217
vn 0.060892 -0.490503 0.869309
vn 0.051602 -0.425937 0.90328
vn 0.062809 -0.441017 0.895298
vn 0.051602 -0.425937 0.90328
vn -0.050055 -0.498078 0.865686
vn 0.062809 -0.441017 0.895298
vn 0.062809 -0.441017 0.895298
vn -0.050055 -0.498078 0.865686
vn 0.026729 -0.417247 0.9084
vn -0.050055 -0.498078 0.865686
vn -0.026541 -0.501724 0.864621
vn 0.026729 -0.417247 0.9084
vn -0.026541 -0.501724 0.864621
vn 0.184704 -0.458901 0.869077
vn 0.026729 -0.417247 0.9084
vn 0.184704 -0.458901 0.869077
vn 0.11496 -0.468213 0.876105
vn 0.026729 -0.417247 0.9084
vn 0.026729 -0.417247 0.9084
vn 0.11496 -0.468213 0.876105
vn 0.101146 -0.276923 0.955554
vn 0.11496 -0.468213 0.876105
vn 0.211757 -0.386288 0.897742
vn 0.101146 -0.276923 0.955554
vn 0.101146 -0.276923 0.955554
vn 0.211757 -0.386288 0.897742
vn 0.176962 -0.108695 0.978197
vn 0.211757 -0.386288 0.897742
vn 0.36825 -0.124102 0.921407
vn 0.176962 -0.108695 0.978197
vn 0.051602 -0.425937 0.90328
vn -0.026541 -0.501724 0.864621
vn -0.050055 -0.498078 0.865686
vn -0.191396 -0.476389 0.85815
vn 0.060892 -0.490503 0.869309
vn 0.004335 -0.319425 0.947602
vn 0.060892 -0.490503 0.869309
vn 0.062809 -0.441017 0.895298
vn 0.004335 -0.319425 0.947602
vn 0.004335 -0.319425 0.947602
vn 0.062809 -0.441017 0.895298
vn 0.101146 -0.276923 0.955554
vn 0.062809 -0.441017 0.895298
vn 0.026729 -0.417247 0.9084
vn 0.101146 -0.276923 0.955554
vn 0.056988 -0.678515 0.732373
vn 0.127302 -0.671649 0.729851
vn 0.032237 -0.748718 0.662105
vn 0.127302 -0.671649 0.729851
vn 0.040994 -0.664524 0.746142
vn 0.032237 -0.748718 0.662105
vn 0.032237 -0.748718 0.662105
vn 0.040994 -0.664524 0.746142
vn -0.045335 -0.596695 0.801186
vn 0.040994 -0.664524 0.746142
vn -0.104415 -0.576604 0.810324
vn -0.045335 -0.596695 0.801186
vn -0.045335 -0.596695 0.801186
vn -0.104415 -0.576604 0.810324
vn -0.098765 -0.440561 0.892273
vn -0.104415 -0.576604 0.810324
vn -0.191396 -0.476389 0.85815
vn -0.098765 -0.440561 0.892273
vn -0.098765 -0.440561 0.892273
vn -0.191396 -0.476389 0.85815
vn -0.009846 -0.214966 0.976572
vn -0.191396 -0.476389 0.85815
vn 0.004335 -0.319425 0.947602
vn -0.009846 -0.214966 0.976572
vn -0.009846 -0.214966 0.976572
vn 0.004335 -0.319425 0.947602
vn 0.176962 -0.108695 0.978197
vn 0.004335 -0.319425 0.947602
vn 0.101146 -0.276923 0.955554
vn 0.176962 -0.108695 0.978197
vn 0.173496 -0.584843 0.792375
vn 0.187394 -0.575055 0.796363
vn 0.056988 -0.678515 0.732373
vn 0.056988 -0.678515 0.732373
vn 0.187394 -0.575055 0.796363
vn 0.127302 -0.671649 0.729851
vn 0.187394 -0.575055 0.796363
vn 0.082596 -0.554288 0.828217
vn 0.127302 -0.671649 0.729851
vn 0.082596 -0.554288 0.828217
vn 0.028912 -0.537524 0.842752
vn 0.127302 -0.671649 0.729851
vn 0.127302 -0.671649 0.729851
vn 0.028912 -0.537524 0.842752
vn 0.040994 -0.664524 0.746142
vn 0.028912 -0.537524 0.842752
vn 0.040295 -0.565771 0.823577
vn 0.040994 -0.664524 0.746142
vn 0.040994 -0.664524 0.746142
vn 0.040295 -0.565771 0.823577
vn -0.104415 -0.576604 0.810324
vn 0.040295 -0.565771 0.823577
vn -0.090446 -0.586447 0.804922
vn -0.104415 -0.576604 0.810324
vn -0.104415 -0.576604 0.810324
vn -0.090446 -0.586447 0.804922
vn -0.191396 -0.476389 0.85815
vn -0.090446 -0.586447 0.804922
vn 0.060892 -0.490503 0.869309
vn -0.191396 -0.476389 0.85815
vn 0.028912 -0.537524 0.842752
vn 0.082596 -0.554288 0.828217
vn -0.135598 -0.529837 0.837189
vn 0.082596 -0.554288 0.828217
vn -0.026541 -0.501724 0.864621
vn -0.135598 -0.529837 0.837189
vn -0.026541 -0.501724 0.864621
vn 0.088377 -0.565697 0.819864
vn -0.135598 -0.529837 0.837189
vn -0.135598 -0.529837 0.837189
vn 0.088377 -0.565697 0.819864
vn 0.028912 -0.537524 0.842752
vn 0.088377 -0.565697 0.819864
vn 0.141989 -0.476735 0.867504
vn 0.028912 -0.537524 0.842752
vn 0.028912 -0.537524 0.842752
vn 0.141989 -0.476735 0.867504
vn 0.040295 -0.565771 0.823577
vn 0.141989 -0.476735 0.867504
vn 0.04758 -0.518779 0.853583
vn 0.040295 -0.565771 0.823577
vn 0.040295 -0.565771 0.823577
vn 0.04758 -0.518779 0.853583
vn -0.090446 -0.586447 0.804922
vn 0.04758 -0.518779 0.853583
vn 0.112633 -0.490175 0.864316
vn -0.090446 -0.586447 0.804922
vn -0.090446 -0.586447 0.804922
vn 0.112633 -0.490175 0.864316
vn 0.060892 -0.490503 0.869309
vn 0.112633 -0.490175 0.864316
vn 0.051602 -0.425937 0.90328
vn 0.060892 -0.490503 0.869309
vn 0.088377 -0.565697 0.819864
vn 0.04758 -0.518779 0.853583
vn 0.141989 -0.476735 0.867504
vn 0.193746 -0.561789 0.804274
vn 0.083686 -0.380063 0.921167
vn -0.047864 -0.54207 0.838969
vn -0.047864 -0.54207 0.838969
vn 0.083686 -0.380063 0.921167
vn 0.051602 -0.425937 0.90328
vn 0.083686 -0.380063 0.921167
vn 0.196157 -0.432619 0.879979
vn 0.051602 -0.425937 0.90328
vn 0.051602 -0.425937 0.90328
vn 0.196157 -0.432619 0.879979
vn -0.026541 -0.501724 0.864621
vn -0.026541 -0.501724 0.864621
vn 0.196157 -0.432619 0.879979
vn 0.088377 -0.565697 0.819864
vn 0.196157 -0.432619 0.879979
vn 0.193746 -0.561789 0.804274
vn 0.088377 -0.565697 0.819864
vn 0.193746 -0.561789 0.804274
vn -0.047864 -0.54207 0.838969
vn 0.088377 -0.565697 0.819864
vn 0.088377 -0.565697 0.819864
vn -0.047864 -0.54207 0.838969
vn 0.04758 -0.518779 0.853583
vn -0.047864 -0.54207 0.838969
vn 0.051602 -0.425937 0.90328
vn 0.04758 -0.518779 0.853583
vn 0.04758 -0.518779 0.853583
vn 0.051602 -0.425937 0.90328
vn 0.112633 -0.490175 0.864316
vn 0.083686 -0.380063 0.921167
vn 0.193746 -0.561789 0.804274
vn 0.196157 -0.432619 0.879979
vn 0.36825 -0.124102 0.921407
vn 0.31566 0.145351 0.937674
vn 0.176962 -0.108695 0.978197
vn 0.176962 -0.108695 0.978197
vn 0.31566 0.145351 0.937674
vn -0.009846 -0.214966 0.976572
vn 0.31566 0.145351 0.937674
vn 0.109847 -0.114094 0.987378
vn -0.009846 -0.214966 0.976572
vn -0.009846 -0.214966 0.976572
vn 0.109847 -0.114094 0.987378
vn -0.098765 -0.440561 0.892273
vn 0.109847 -0.114094 0.987378
vn 0.000724 -0.471494 0.881869
vn -0.098765 -0.440561 0.892273
vn -0.098765 -0.440561 0.892273
vn 0.000724 -0.471494 0.881869
vn -0.045335 -0.596695 0.801186
vn 0.000724 -0.471494 0.881869
vn -0.094664 -0.831607 0.547237
vn -0.045335 -0.596695 0.801186
vn -0.045335 -0.596695 0.801186
vn -0.094664 -0.831607 0.547237
vn 0.032237 -0.748718 0.662105
vn -0.094664 -0.831607 0.547237
vn -0.056293 -0.912438 0.405324
vn 0.032237 -0.748718 0.662105
vn 0.032237 -0.748718 0.662105
vn -0.056293 -0.912438 0.405324
vn 0.056988 -0.678515 0.732373
vn 0.526472 -0.684036 0.504899
vn 0.178037 -0.851212 0.493701
vn 0.611767 -0.790641 -0.025071
vn 0.178037 -0.851212 0.493701
vn 0.139315 -0.990227 0.006487
vn 0.611767 -0.790641 -0.025071
vn 0.611767 -0.790641 -0.025071
vn 0.139315 -0.990227 0.006487
vn 0.54839 -0.739162 -0.391034
vn 0.54839 -0.739162 -0.391034
vn 0.139315 -0.990227 0.006487
vn 0.371724 -0.753765 -0.541904
vn 0.139315 -0.990227 0.006487
vn -0.004693 -0.999729 -0.022825
vn 0.371724 -0.753765 -0.541904
vn 0.371724 -0.753765 -0.541904
vn -0.004693 -0.999729 -0.022825
vn 0.238258 -0.783175 -0.574344
vn 0.238258 -0.783175 -0.574344
vn -0.004693 -0.999729 -0.022825
vn -0.026247 -0.999248 -0.028539
vn -0.004693 -0.999729 -0.022825
vn 0.062889 -0.843462 0.533496
vn -0.026247 -0.999248 -0.028539
vn -0.026247 -0.999248 -0.028539
vn 0.062889 -0.843462 0.533496
vn -0.056293 -0.912438 0.405324
vn 0.062889 -0.843462 0.533496
vn -0.004693 -0.999729 -0.022825
vn 0.125804 -0.84973 0.511989
vn -0.004693 -0.999729 -0.022825
vn 0.139315 -0.990227 0.006487
vn 0.125804 -0.84973 0.511989
vn 0.125804 -0.84973 0.511989
vn 0.139315 -0.990227 0.006487
vn 0.178037 -0.851212 0.493701
vn 0.557194 0.770217 0.310323
vn -0.108948 0.992465 0.05607
vn -0.406193 0.836875 -0.366943
vn -0.162685 0.943721 -0.287964
vn 0.328526 0.838239 -0.435231
vn 0.656159 0.727091 0.201976
vn 0.765981 0.589903 0.255514
vn 0.85682 0.335888 -0.391201
vn 0.807634 0.506944 0.301223
vn 0.873401 0.080118 0.480366
vn 0.672924 -0.045344 0.73832
vn 0.626048 -0.125064 0.76969
vn 0.672924 -0.045344 0.73832
vn 0.422561 -0.214175 0.880665
vn 0.626048 -0.125064 0.76969
vn 0.626048 -0.125064 0.76969
vn 0.422561 -0.214175 0.880665
vn 0.382246 -0.158012 0.910451
vn 0.788142 0.123459 0.602984
vn 0.711004 0.143287 0.688434
vn 0.752212 0.289245 0.592043
vn 0.711004 0.143287 0.688434
vn 0.766945 0.349207 0.538378
vn 0.752212 0.289245 0.592043
vn 0.752212 0.289245 0.592043
vn 0.766945 0.349207 0.538378
vn 0.892927 0.235211 0.383872
vn 0.766945 0.349207 0.538378
vn 0.902995 0.308909 0.298623
vn 0.892927 0.235211 0.383872
vn 0.892927 0.235211 0.383872
vn 0.902995 0.308909 0.298623
vn 0.873401 0.080118 0.480366
vn 0.902995 0.308909 0.298623
vn 0.871178 0.207582 0.444925
vn 0.873401 0.080118 0.480366
vn 0.873401 0.080118 0.480366
vn 0.871178 0.207582 0.444925
vn 0.672924 -0.045344 0.73832
vn 0.871178 0.207582 0.444925
vn 0.674585 0.0396 0.737134
vn 0.672924 -0.045344 0.73832
vn 0.672924 -0.045344 0.73832
vn 0.674585 0.0396 0.737134
vn 0.422561 -0.214175 0.880665
vn 0.674585 0.0396 0.737134
vn 0.445593 -0.14862 0.882813
vn 0.422561 -0.214175 0.880665
vn 0.766945 0.349207 0.538378
vn 0.711004 0.143287 0.688434
vn 0.800829 0.343016 0.49093
vn 0.800829 0.343016 0.49093
vn 0.834567 0.332012 0.439621
vn 0.766945 0.349207 0.538378
vn 0.893337 0.097872 0.4386
vn 0.822039 0.305437 0.480583
vn 0.766945 0.349207 0.538378
vn 0.766945 0.349207 0.538378
vn 0.585531 0.746195 0.316776
vn 0.902995 0.308909 0.298623
vn 0.585531 0.746195 0.316776
vn 0.652258 0.728483 0.209457
vn 0.902995 0.308909 0.298623
vn 0.902995 0.308909 0.298623
vn 0.652258 0.728483 0.209457
vn 0.871178 0.207582 0.444925
vn 0.652258 0.728483 0.209457
vn 0.453407 0.831526 0.320915
vn 0.871178 0.207582 0.444925
vn 0.871178 0.207582 0.444925
vn 0.453407 0.831526 0.320915
vn 0.674585 0.0396 0.737134
vn 0.596455 0.718643 0.357484
vn 0.504118 0.640956 0.578827
vn 0.674585 0.0396 0.737134
vn 0.674585 0.0396 0.737134
vn 0.587951 0.409611 0.697519
vn 0.445593 -0.14862 0.882813
vn 0.652832 0.093749 0.751679
vn 0.419924 -0.084001 0.903664
vn 0.445593 -0.14862 0.882813
vn 0.422561 -0.214175 0.880665
vn 0.445593 -0.14862 0.882813
vn 0.06459 -0.287795 0.955511
vn 0.06459 -0.287795 0.955511
vn 0.445593 -0.14862 0.882813
vn 0.004148 -0.208086 0.978102
vn 0.445593 -0.14862 0.882813
vn 0.419924 -0.084001 0.903664
vn 0.004148 -0.208086 0.978102
vn 0.004148 -0.208086 0.978102
vn 0.419924 -0.084001 0.903664
vn -0.113523 -0.111238 0.987289
vn -0.004688 0.999613 0.027433
vn 0.656159 0.727091 0.201976
vn 0.169866 0.958038 0.230886
vn 0.169866 0.958038 0.230886
vn 0.656159 0.727091 0.201976
vn 0.223194 0.935745 0.273066
vn 0.656159 0.727091 0.201976
vn 0.515866 0.61383 0.597575
vn 0.223194 0.935745 0.273066
vn 0.515866 0.61383 0.597575
vn 0.310161 0.717161 0.624083
vn 0.223194 0.935745 0.273066
vn 0.223194 0.935745 0.273066
vn 0.310161 0.717161 0.624083
vn 0.047255 0.995201 0.085684
vn 0.310161 0.717161 0.624083
vn -0.0 0.978185 0.207735
vn 0.047255 0.995201 0.085684
vn -0.0 0.978185 0.207735
vn -0.0 0.986975 -0.160875
vn 0.047255 0.995201 0.085684
vn -0.0 0.986975 -0.160875
vn -0.060198 0.988011 -0.142165
vn 0.047255 0.995201 0.085684
vn 0.047255 0.995201 0.085684
vn -0.060198 0.988011 -0.142165
vn 0.223194 0.935745 0.273066
vn -0.060198 0.988011 -0.142165
vn 0.142848 0.984132 0.105253
vn 0.223194 0.935745 0.273066
vn -0.0 0.978185 0.207735
vn 0.310161 0.717161 0.624083
vn 0.043386 0.650424 0.758331
vn 0.223194 0.935745 0.273066
vn -0.109354 0.990564 -0.08261
vn 0.169866 0.958038 0.230886
vn 0.27698 0.906289 0.319253
vn 0.453407 0.831526 0.320915
vn 0.169866 0.958038 0.230886
vn 0.169866 0.958038 0.230886
vn 0.325661 0.918805 0.223031
vn -0.108948 0.992465 0.05607
vn 0.453407 0.831526 0.320915
vn 0.652258 0.728483 0.209457
vn -0.108948 0.992465 0.05607
vn -0.108948 0.992465 0.05607
vn 0.652258 0.728483 0.209457
vn 0.187031 0.949181 0.253131
vn 0.515866 0.61383 0.597575
vn 0.656159 0.727091 0.201976
vn 0.604029 0.774814 0.186579
vn 0.043386 0.650424 0.758331
vn 0.310161 0.717161 0.624083
vn 0.095975 0.9117 0.39949
vn 0.095975 0.9117 0.39949
vn 0.310161 0.717161 0.624083
vn 0.44082 0.709243 0.550138
vn 0.310161 0.717161 0.624083
vn 0.515866 0.61383 0.597575
vn 0.160578 0.940791 0.298543
vn 0.906643 0.413693 -0.08281
vn 0.867677 0.217382 0.447082
vn 0.828438 0.314895 0.463175
vn 0.702841 0.2008 0.682418
vn 0.827083 0.157156 0.539663
vn 0.8911 0.221028 0.396342
vn 0.8911 0.221028 0.396342
vn 0.827083 0.157156 0.539663
vn 0.867677 0.217382 0.447082
vn 0.813003 0.167982 0.557502
vn 0.867677 0.217382 0.447082
vn 0.784382 0.042302 0.618834
vn 0.867677 0.217382 0.447082
vn 0.827083 0.157156 0.539663
vn 0.784382 0.042302 0.618834
vn 0.827083 0.157156 0.539663
vn 0.594443 0.154412 0.789173
vn 0.784382 0.042302 0.618834
vn 0.594443 0.154412 0.789173
vn 0.636749 0.243809 0.731511
vn 0.784382 0.042302 0.618834
vn 0.784382 0.042302 0.618834
vn 0.636749 0.243809 0.731511
vn 0.813003 0.167982 0.557502
vn 0.636749 0.243809 0.731511
vn 0.741638 0.326656 0.585892
vn 0.813003 0.167982 0.557502
vn 0.813003 0.167982 0.557502
vn 0.741638 0.326656 0.585892
vn 0.861058 0.184648 0.473797
vn 0.741638 0.326656 0.585892
vn 0.750384 0.381546 0.539766
vn 0.861058 0.184648 0.473797
vn 0.861058 0.184648 0.473797
vn 0.750384 0.381546 0.539766
vn 0.785308 0.349981 0.51069
vn 0.800829 0.343016 0.49093
vn 0.8472 0.404794 0.344086
vn 0.893337 0.097872 0.4386
vn 0.893337 0.097872 0.4386
vn 0.8472 0.404794 0.344086
vn 0.936568 -0.035938 0.348637
vn 0.936568 -0.035938 0.348637
vn 0.8472 0.404794 0.344086
vn 0.790034 0.405573 0.459736
vn 0.790034 0.405573 0.459736
vn 0.8472 0.404794 0.344086
vn 0.785308 0.349981 0.51069
vn 0.785308 0.349981 0.51069
vn 0.8472 0.404794 0.344086
vn 0.861058 0.184648 0.473797
vn 0.8472 0.404794 0.344086
vn 0.800829 0.343016 0.49093
vn 0.861058 0.184648 0.473797
vn 0.800829 0.343016 0.49093
vn 0.711004 0.143287 0.688434
vn 0.861058 0.184648 0.473797
vn 0.711004 0.143287 0.688434
vn 0.788142 0.123459 0.602984
vn 0.861058 0.184648 0.473797
vn 0.861058 0.184648 0.473797
vn 0.788142 0.123459 0.602984
vn 0.813003 0.167982 0.557502
vn 0.788142 0.123459 0.602984
vn 0.867677 0.217382 0.447082
vn 0.813003 0.167982 0.557502
vn 0.891174 -0.018825 0.453271
vn 0.556723 -0.740853 0.37576
vn -0.462631 -0.871688 0.161656
vn -0.68861 -0.692816 0.21406
vn -0.184263 -0.981193 0.057518
vn -0.488972 -0.870548 -0.055253
vn -0.184263 -0.981193 0.057518
vn -0.198629 -0.971152 -0.131952
vn -0.488972 -0.870548 -0.055253
vn -0.966235 0.0 0.257663
vn -0.887168 -0.422058 0.186549
vn -0.699261 0.684443 0.206328
vn 0.382246 -0.158012 0.910451
vn 0.585528 0.123777 0.801147
vn 0.626048 -0.125064 0.76969
vn 0.382246 -0.158012 0.910451
vn 0.422561 -0.214175 0.880665
vn 0.0 -0.224091 0.974568
vn 0.0 -0.224091 0.974568
vn 0.422561 -0.214175 0.880665
vn 0.06459 -0.287795 0.955511
vn 0.867677 0.217382 0.447082
vn 0.95708 0.286948 -0.040724
vn 0.8911 0.221028 0.396342
vn 0.95708 0.286948 -0.040724
vn 0.90342 0.214846 0.371044
vn 0.8911 0.221028 0.396342
vn 0.90342 0.214846 0.371044
vn 0.702841 0.2008 0.682418
vn 0.8911 0.221028 0.396342
vn 0.626048 -0.125064 0.76969
vn 0.835218 0.07202 0.545183
vn 0.873401 0.080118 0.480366
vn 0.873401 0.080118 0.480366
vn 0.835218 0.07202 0.545183
vn 0.892927 0.235211 0.383872
vn 0.892927 0.235211 0.383872
vn 0.835218 0.07202 0.545183
vn 0.828843 0.264435 0.493045
vn 0.835218 0.07202 0.545183
vn 0.660459 0.415156 0.625651
vn 0.828843 0.264435 0.493045
vn 0.828843 0.264435 0.493045
vn 0.660459 0.415156 0.625651
vn 0.750097 0.390173 0.533966
vn 0.660459 0.415156 0.625651
vn 0.50512 0.663579 0.551831
vn 0.750097 0.390173 0.533966
vn 0.50512 0.663579 0.551831
vn 0.725843 0.685517 0.056728
vn 0.750097 0.390173 0.533966
vn 0.725843 0.685517 0.056728
vn 0.90013 0.422208 0.107265
vn 0.750097 0.390173 0.533966
vn 0.90013 0.422208 0.107265
vn 0.828438 0.314895 0.463175
vn 0.750097 0.390173 0.533966
vn 0.828438 0.314895 0.463175
vn 0.819065 0.241926 0.520197
vn 0.750097 0.390173 0.533966
vn 0.750097 0.390173 0.533966
vn 0.819065 0.241926 0.520197
vn 0.828843 0.264435 0.493045
vn 0.828843 0.264435 0.493045
vn 0.819065 0.241926 0.520197
vn 0.892927 0.235211 0.383872
vn 0.892927 0.235211 0.383872
vn 0.819065 0.241926 0.520197
vn 0.752212 0.289245 0.592043
vn 0.819065 0.241926 0.520197
vn 0.788142 0.123459 0.602984
vn 0.752212 0.289245 0.592043
vn 0.95708 0.286948 -0.040724
vn 0.867677 0.217382 0.447082
vn 0.906643 0.413693 -0.08281
vn -0.829296 0.081822 0.552787
vn -0.865522 0.233408 0.443161
vn -0.744775 0.279606 0.605914
vn -0.744775 0.279606 0.605914
vn -0.865522 0.233408 0.443161
vn -0.750384 0.381546 0.539766
vn -0.790035 0.405572 0.459735
vn -0.785308 0.349981 0.51069
vn -0.8472 0.404793 0.344085
vn -0.8472 0.404793 0.344085
vn -0.785308 0.349981 0.51069
vn -0.865522 0.233408 0.443161
vn -0.865522 0.233408 0.443161
vn -0.785308 0.349981 0.51069
vn -0.750384 0.381546 0.539766
vn -0.785308 0.349981 0.51069
vn -0.60341 0.362621 0.710213
vn -0.750384 0.381546 0.539766
vn -0.60341 0.362621 0.710213
vn -0.543525 0.436298 0.717095
vn -0.750384 0.381546 0.539766
vn -0.750384 0.381546 0.539766
vn -0.543525 0.436298 0.717095
vn -0.744775 0.279606 0.605914
vn -0.543525 0.436298 0.717095
vn -0.536253 0.343808 0.770863
vn -0.744775 0.279606 0.605914
vn -0.744775 0.279606 0.605914
vn -0.536253 0.343808 0.770863
vn -0.722727 0.085142 0.68587
vn 0.365928 -0.926451 -0.088232
vn 0.212644 -0.96825 -0.131436
vn 0.205271 -0.971357 -0.119707
vn -0.834566 0.332012 0.439621
vn -0.804556 0.365984 0.467701
vn -0.707359 0.560744 0.430358
vn -0.790035 0.405572 0.459735
vn -0.8472 0.404793 0.344085
vn -0.849194 0.398545 0.346456
vn -0.849194 0.398545 0.346456
vn -0.8472 0.404793 0.344085
vn -0.834566 0.332012 0.439621
vn -0.8472 0.404793 0.344085
vn -0.814019 0.33673 0.473271
vn -0.834566 0.332012 0.439621
vn -0.834566 0.332012 0.439621
vn -0.814019 0.33673 0.473271
vn -0.804556 0.365984 0.467701
vn -0.804556 0.365984 0.467701
vn -0.814019 0.33673 0.473271
vn -0.73547 0.307349 0.603839
vn -0.814019 0.33673 0.473271
vn -0.740374 0.072693 0.668253
vn -0.73547 0.307349 0.603839
vn -0.608831 0.501091 -0.615006
vn -0.545381 0.336245 -0.767788
vn -0.234444 0.405462 -0.883536
vn -0.234444 0.405462 -0.883536
vn -0.545381 0.336245 -0.767788
vn -0.246283 0.192589 -0.949871
vn -0.148894 0.209719 -0.966358
vn -0.167469 0.413144 -0.895135
vn -0.189017 0.323966 -0.926994
vn 0.068449 -0.630117 -0.773478
vn -0.004843 -0.801512 -0.597959
vn 0.511293 -0.721029 -0.46765
vn 0.635072 -0.657561 -0.405336
vn -0.004843 -0.801512 -0.597959
vn -0.020746 -0.973222 -0.228929
vn 0.01099 -0.990264 0.138767
vn 0.081829 -0.823306 0.561668
vn 0.001468 -0.804926 0.593373
vn 0.001468 -0.804926 0.593373
vn 0.081829 -0.823306 0.561668
vn -0.004922 -0.449815 0.893108
vn -0.533407 0.382123 0.754625
vn -0.480411 0.484698 0.73094
vn -0.58504 0.31047 0.749224
vn -0.208123 0.843522 -0.495132
vn -0.009183 0.530078 -0.847899
vn -0.028891 0.668379 -0.74326
vn -0.148894 0.209719 -0.966358
vn 0.032636 0.108228 -0.99359
vn -0.128464 0.484434 -0.865344
vn 0.032636 0.108228 -0.99359
vn -0.009183 0.530078 -0.847899
vn -0.128464 0.484434 -0.865344
vn -0.009183 0.530078 -0.847899
vn -0.208123 0.843522 -0.495132
vn -0.128464 0.484434 -0.865344
vn -0.128464 0.484434 -0.865344
vn -0.208123 0.843522 -0.495132
vn -0.51216 0.671897 -0.53502
vn -0.208123 0.843522 -0.495132
vn -0.402773 0.914113 0.046604
vn -0.51216 0.671897 -0.53502
vn -0.51216 0.671897 -0.53502
vn -0.402773 0.914113 0.046604
vn -0.697591 0.685193 0.209468
vn -0.235704 -0.338472 0.910977
vn -0.420882 0.114321 0.899883
vn -0.15745 0.141767 0.977298
vn -0.80018 0.068238 0.595865
vn -0.420882 0.114321 0.899883
vn -0.476146 -0.321479 0.818496
vn -0.420882 0.114321 0.899883
vn -0.235704 -0.338472 0.910977
vn -0.476146 -0.321479 0.818496
vn -0.235704 -0.338472 0.910977
vn -0.266123 -0.80776 0.526025
vn -0.476146 -0.321479 0.818496
vn -0.476146 -0.321479 0.818496
vn -0.266123 -0.80776 0.526025
vn -0.495422 -0.745687 0.445544
vn -0.533407 0.382123 0.754625
vn -0.562083 0.404865 0.721212
vn -0.480411 0.484698 0.73094
vn -0.355738 0.081074 0.931062
vn -0.595167 0.157347 0.788047
vn -0.438557 0.357471 0.82455
vn -0.438557 0.357471 0.82455
vn -0.595167 0.157347 0.788047
vn -0.533407 0.382123 0.754625
vn -0.533407 0.382123 0.754625
vn -0.595167 0.157347 0.788047
vn -0.562083 0.404865 0.721212
vn -0.595167 0.157347 0.788047
vn -0.719706 0.197866 0.665487
vn -0.562083 0.404865 0.721212
vn -0.719706 0.197866 0.665487
vn -0.666382 0.412688 0.620986
vn -0.562083 0.404865 0.721212
vn -0.562083 0.404865 0.721212
vn -0.666382 0.412688 0.620986
vn -0.480411 0.484698 0.73094
vn -0.666382 0.412688 0.620986
vn -0.513262 0.633897 0.578565
vn -0.480411 0.484698 0.73094
vn -0.480411 0.484698 0.73094
vn -0.513262 0.633897 0.578565
vn -0.354952 0.738008 0.573893
vn -0.513262 0.633897 0.578565
vn -0.697591 0.685193 0.209468
vn -0.354952 0.738008 0.573893
vn -0.354952 0.738008 0.573893
vn -0.697591 0.685193 0.209468
vn -0.402773 0.914113 0.046604
vn -0.354952 0.738008 0.573893
vn -0.410798 0.444154 0.796224
vn -0.480411 0.484698 0.73094
vn -0.480411 0.484698 0.73094
vn -0.410798 0.444154 0.796224
vn -0.58504 0.31047 0.749224
vn -0.410798 0.444154 0.796224
vn -0.420882 0.114321 0.899883
vn -0.58504 0.31047 0.749224
vn -0.420882 0.114321 0.899883
vn -0.80018 0.068238 0.595865
vn -0.58504 0.31047 0.749224
vn -0.80018 0.068238 0.595865
vn -0.746157 0.363191 0.557981
vn -0.58504 0.31047 0.749224
vn -0.58504 0.31047 0.749224
vn -0.746157 0.363191 0.557981
vn -0.533407 0.382123 0.754625
vn -0.234444 0.405462 -0.883536
vn -0.51216 0.671897 -0.53502
vn -0.608831 0.501091 -0.615006
vn -0.608831 0.501091 -0.615006
vn -0.51216 0.671897 -0.53502
vn -0.893422 0.438833 0.096036
vn -0.51216 0.671897 -0.53502
vn -0.697591 0.685193 0.209468
vn -0.893422 0.438833 0.096036
vn -0.167469 0.413144 -0.895135
vn -0.108341 0.405122 -0.90782
vn -0.189017 0.323966 -0.926994
vn -0.189017 0.323966 -0.926994
vn -0.108341 0.405122 -0.90782
vn -0.085693 0.281688 -0.955672
vn -0.51216 0.671897 -0.53502
vn -0.234444 0.405462 -0.883536
vn -0.128464 0.484434 -0.865344
vn -0.234444 0.405462 -0.883536
vn -0.167469 0.413144 -0.895135
vn -0.128464 0.484434 -0.865344
vn -0.128464 0.484434 -0.865344
vn -0.167469 0.413144 -0.895135
vn -0.148894 0.209719 -0.966358
vn -0.857812 0.336422 -0.38856
vn -0.677083 0.606777 0.41639
vn -0.875901 0.476045 -0.078605
vn -0.522607 0.554622 0.647516
vn -0.174788 0.960309 0.217384
vn -0.574918 0.734862 0.359788
vn -0.574918 0.734862 0.359788
vn -0.174788 0.960309 0.217384
vn -0.445976 0.871956 -0.201986
vn -0.522607 0.554622 0.647516
vn -0.27364 0.68257 0.677657
vn -0.190889 0.930332 0.31312
vn -0.190889 0.930332 0.31312
vn -0.27364 0.68257 0.677657
vn -0.054934 0.905071 0.421698
vn -0.27364 0.68257 0.677657
vn 0.043386 0.650424 0.758331
vn -0.068446 0.624358 0.778134
vn -0.355749 -0.163759 0.920123
vn -0.610115 -0.121997 0.782864
vn -0.355738 0.081074 0.931062
vn -0.355738 0.081074 0.931062
vn -0.610115 -0.121997 0.782864
vn -0.595167 0.157347 0.788047
vn -0.610115 -0.121997 0.782864
vn -0.835218 0.07202 0.545183
vn -0.595167 0.157347 0.788047
vn -0.595167 0.157347 0.788047
vn -0.835218 0.07202 0.545183
vn -0.719706 0.197866 0.665487
vn -0.835218 0.07202 0.545183
vn -0.666382 0.412688 0.620986
vn -0.719706 0.197866 0.665487
vn -0.27364 0.68257 0.677657
vn -0.522607 0.554622 0.647516
vn -0.292416 0.882234 0.368992
vn -0.522607 0.554622 0.647516
vn -0.574918 0.734862 0.359788
vn -0.292416 0.882234 0.368992
vn -0.574918 0.734862 0.359788
vn -0.119208 0.972728 0.198972
vn -0.292416 0.882234 0.368992
vn -0.292416 0.882234 0.368992
vn -0.119208 0.972728 0.198972
vn -0.078172 0.996097 0.040991
vn -0.746157 0.363191 0.557981
vn -0.80018 0.068238 0.595865
vn -0.971717 0.160139 0.173558
vn -0.971717 0.160139 0.173558
vn -0.80018 0.068238 0.595865
vn -0.855493 -0.365919 0.366382
vn 0.004276 -0.020836 -0.999774
vn 0.103614 -0.207728 -0.972684
vn 0.013809 -0.185753 -0.982499
vn 0.960178 -0.073802 -0.269464
vn 0.920691 -0.248326 -0.301101
vn 0.701396 -0.108074 -0.704531
vn 0.920691 -0.248326 -0.301101
vn 0.691299 -0.330013 -0.642805
vn 0.701396 -0.108074 -0.704531
vn 0.701396 -0.108074 -0.704531
vn 0.691299 -0.330013 -0.642805
vn 0.290216 -0.054153 -0.955428
vn 0.691299 -0.330013 -0.642805
vn 0.370415 -0.306528 -0.876832
vn 0.290216 -0.054153 -0.955428
vn 0.370415 -0.306528 -0.876832
vn 0.103614 -0.207728 -0.972684
vn 0.290216 -0.054153 -0.955428
vn 0.290216 -0.054153 -0.955428
vn 0.103614 -0.207728 -0.972684
vn 0.083244 -0.01546 -0.996409
vn 0.103614 -0.207728 -0.972684
vn 0.004276 -0.020836 -0.999774
vn 0.083244 -0.01546 -0.996409
vn 0.083244 -0.01546 -0.996409
vn 0.004276 -0.020836 -0.999774
vn 0.016409 0.138196 -0.990269
vn -0.80018 0.068238 0.595865
vn -0.476146 -0.321479 0.818496
vn -0.855493 -0.365919 0.366382
vn -0.855493 -0.365919 0.366382
vn -0.476146 -0.321479 0.818496
vn -0.495422 -0.745687 0.445544
vn -0.99185 0.123881 0.029781
vn -0.937398 0.058905 -0.343243
vn -0.886114 -0.12567 -0.446104
vn -0.937398 0.058905 -0.343243
vn -0.688623 -0.105174 -0.717452
vn -0.886114 -0.12567 -0.446104
vn -0.886114 -0.12567 -0.446104
vn -0.688623 -0.105174 -0.717452
vn -0.578436 -0.320124 -0.750288
vn -0.578436 -0.320124 -0.750288
vn -0.688623 -0.105174 -0.717452
vn -0.339491 -0.440081 -0.831309
vn -0.688623 -0.105174 -0.717452
vn -0.329172 -0.250212 -0.910516
vn -0.339491 -0.440081 -0.831309
vn -0.329172 -0.250212 -0.910516
vn -0.118661 -0.469416 -0.874968
vn -0.339491 -0.440081 -0.831309
vn -0.339491 -0.440081 -0.831309
vn -0.118661 -0.469416 -0.874968
vn 0.068449 -0.630117 -0.773478
vn -0.118661 -0.469416 -0.874968
vn -0.014365 -0.548449 -0.836061
vn 0.068449 -0.630117 -0.773478
vn -0.004922 -0.449815 0.893108
vn -0.179388 -0.185472 0.966137
vn -0.176998 -0.422459 0.888932
vn -0.179388 -0.185472 0.966137
vn -0.356656 -0.094623 0.929432
vn -0.176998 -0.422459 0.888932
vn -0.176998 -0.422459 0.888932
vn -0.356656 -0.094623 0.929432
vn -0.381812 -0.287189 0.878488
vn -0.356656 -0.094623 0.929432
vn -0.632156 0.009219 0.774786
vn -0.381812 -0.287189 0.878488
vn -0.381812 -0.287189 0.878488
vn -0.632156 0.009219 0.774786
vn -0.73393 -0.079196 0.674592
vn -0.632156 0.009219 0.774786
vn -0.89304 0.101699 0.438334
vn -0.73393 -0.079196 0.674592
vn -0.73393 -0.079196 0.674592
vn -0.89304 0.101699 0.438334
vn -0.934978 0.027983 0.353599
vn -0.89304 0.101699 0.438334
vn -0.99185 0.123881 0.029781
vn -0.934978 0.027983 0.353599
vn -0.934978 0.027983 0.353599
vn -0.99185 0.123881 0.029781
vn -0.996614 -0.072236 -0.039279
vn -0.996614 -0.072236 -0.039279
vn -0.99185 0.123881 0.029781
vn -0.886114 -0.12567 -0.446104
vn -0.919203 -0.26336 -0.292758
vn -0.971893 -0.063926 -0.226577
vn -0.700027 -0.374126 -0.60827
vn -0.971893 -0.063926 -0.226577
vn -0.683143 -0.094284 -0.724173
vn -0.700027 -0.374126 -0.60827
vn -0.700027 -0.374126 -0.60827
vn -0.683143 -0.094284 -0.724173
vn -0.367924 -0.260195 -0.892709
vn -0.683143 -0.094284 -0.724173
vn -0.27074 -0.040596 -0.961796
vn -0.367924 -0.260195 -0.892709
vn -0.367924 -0.260195 -0.892709
vn -0.27074 -0.040596 -0.961796
vn -0.112531 -0.238214 -0.964671
vn -0.27074 -0.040596 -0.961796
vn -0.092473 -0.01425 -0.995613
vn -0.112531 -0.238214 -0.964671
vn -0.112531 -0.238214 -0.964671
vn -0.092473 -0.01425 -0.995613
vn 0.013809 -0.185753 -0.982499
vn 0.013809 -0.185753 -0.982499
vn -0.092473 -0.01425 -0.995613
vn 0.004276 -0.020836 -0.999774
vn -0.092473 -0.01425 -0.995613
vn -0.078043 0.137734 -0.98739
vn 0.004276 -0.020836 -0.999774
vn -0.078043 0.137734 -0.98739
vn 0.016409 0.138196 -0.990269
vn 0.004276 -0.020836 -0.999774
vn -0.154433 0.625857 0.764495
vn -0.230174 0.672237 0.703646
vn -0.159184 -0.085842 0.98351
vn -0.420882 0.114321 0.899883
vn -0.166783 0.654325 0.737592
vn -0.15745 0.141767 0.977298
vn -0.166783 0.654325 0.737592
vn -0.154433 0.625857 0.764495
vn -0.15745 0.141767 0.977298
vn -0.15745 0.141767 0.977298
vn -0.154433 0.625857 0.764495
vn -0.167577 -0.098239 0.980952
vn -0.154433 0.625857 0.764495
vn -0.159184 -0.085842 0.98351
vn -0.167577 -0.098239 0.980952
vn -0.167577 -0.098239 0.980952
vn -0.159184 -0.085842 0.98351
vn -0.180693 -0.767854 0.614614
vn -0.159184 -0.085842 0.98351
vn -0.052699 -0.813733 0.578845
vn -0.180693 -0.767854 0.614614
vn -0.266123 -0.80776 0.526025
vn -0.235704 -0.338472 0.910977
vn -0.180693 -0.767854 0.614614
vn -0.180693 -0.767854 0.614614
vn -0.235704 -0.338472 0.910977
vn -0.167577 -0.098239 0.980952
vn -0.167577 -0.098239 0.980952
vn -0.235704 -0.338472 0.910977
vn -0.15745 0.141767 0.977298
vn -0.154433 0.625857 0.764495
vn -0.166783 0.654325 0.737592
vn -0.157275 0.963009 0.21881
vn -0.166783 0.654325 0.737592
vn -0.160858 0.98008 0.116477
vn -0.157275 0.963009 0.21881
vn -0.157275 0.963009 0.21881
vn -0.160858 0.98008 0.116477
vn -0.134789 0.939122 -0.316042
vn -0.053273 0.304165 -0.951129
vn -0.107869 0.722771 -0.682618
vn -0.028891 0.668379 -0.74326
vn -0.107869 0.722771 -0.682618
vn -0.134789 0.939122 -0.316042
vn -0.028891 0.668379 -0.74326
vn -0.028891 0.668379 -0.74326
vn -0.134789 0.939122 -0.316042
vn -0.113592 0.918506 -0.378739
vn -0.134789 0.939122 -0.316042
vn -0.160858 0.98008 0.116477
vn -0.113592 0.918506 -0.378739
vn -0.113592 0.918506 -0.378739
vn -0.160858 0.98008 0.116477
vn -0.208123 0.843522 -0.495132
vn -0.208123 0.843522 -0.495132
vn -0.160858 0.98008 0.116477
vn -0.402773 0.914113 0.046604
vn -0.402773 0.914113 0.046604
vn -0.160858 0.98008 0.116477
vn -0.354952 0.738008 0.573893
vn -0.160858 0.98008 0.116477
vn -0.166783 0.654325 0.737592
vn -0.354952 0.738008 0.573893
vn -0.354952 0.738008 0.573893
vn -0.166783 0.654325 0.737592
vn -0.410798 0.444154 0.796224
vn -0.410798 0.444154 0.796224
vn -0.166783 0.654325 0.737592
vn -0.420882 0.114321 0.899883
vn -0.208123 0.843522 -0.495132
vn -0.028891 0.668379 -0.74326
vn -0.113592 0.918506 -0.378739
vn 0.011831 -0.748351 0.663198
vn 0.076956 -0.996191 0.041009
vn -0.052699 -0.813733 0.578845
vn 0.076956 -0.996191 0.041009
vn -0.026159 -0.999167 -0.031315
vn -0.052699 -0.813733 0.578845
vn -0.052699 -0.813733 0.578845
vn -0.026159 -0.999167 -0.031315
vn -0.180693 -0.767854 0.614614
vn -0.180693 -0.767854 0.614614
vn -0.026159 -0.999167 -0.031315
vn -0.122067 -0.992097 -0.029033
vn -0.026159 -0.999167 -0.031315
vn -0.143567 -0.6845 -0.714737
vn -0.122067 -0.992097 -0.029033
vn -0.122067 -0.992097 -0.029033
vn -0.143567 -0.6845 -0.714737
vn -0.107775 -0.596121 -0.795628
vn -0.143567 -0.6845 -0.714737
vn -0.179038 0.206205 -0.96199
vn -0.107775 -0.596121 -0.795628
vn -0.107775 -0.596121 -0.795628
vn -0.179038 0.206205 -0.96199
vn -0.053273 0.304165 -0.951129
vn -0.179038 0.206205 -0.96199
vn -0.187299 0.70939 -0.679475
vn -0.053273 0.304165 -0.951129
vn -0.187299 0.70939 -0.679475
vn -0.107869 0.722771 -0.682618
vn -0.053273 0.304165 -0.951129
vn 0.076956 -0.996191 0.041009
vn -0.038104 -0.83205 -0.55339
vn -0.026159 -0.999167 -0.031315
vn -0.026159 -0.999167 -0.031315
vn -0.038104 -0.83205 -0.55339
vn -0.143567 -0.6845 -0.714737
vn -0.122067 -0.992097 -0.029033
vn -0.266123 -0.80776 0.526025
vn -0.180693 -0.767854 0.614614
vn -0.567324 -0.823493 -0.001821
vn -0.495422 -0.745687 0.445544
vn -0.309273 -0.948387 -0.070091
vn -0.495422 -0.745687 0.445544
vn -0.266123 -0.80776 0.526025
vn -0.309273 -0.948387 -0.070091
vn -0.266123 -0.80776 0.526025
vn -0.122067 -0.992097 -0.029033
vn -0.309273 -0.948387 -0.070091
vn -0.122067 -0.992097 -0.029033
vn -0.107775 -0.596121 -0.795628
vn -0.309273 -0.948387 -0.070091
vn -0.309273 -0.948387 -0.070091
vn -0.107775 -0.596121 -0.795628
vn -0.113873 -0.518605 -0.847397
vn -0.107775 -0.596121 -0.795628
vn 0.030026 0.144838 -0.989
vn -0.113873 -0.518605 -0.847397
vn -0.113873 -0.518605 -0.847397
vn 0.030026 0.144838 -0.989
vn 0.032636 0.108228 -0.99359
vn 0.032636 0.108228 -0.99359
vn 0.030026 0.144838 -0.989
vn -0.009183 0.530078 -0.847899
vn -0.009183 0.530078 -0.847899
vn 0.030026 0.144838 -0.989
vn -0.028891 0.668379 -0.74326
vn -0.028891 0.668379 -0.74326
vn 0.030026 0.144838 -0.989
vn -0.053273 0.304165 -0.951129
vn 0.030026 0.144838 -0.989
vn -0.107775 -0.596121 -0.795628
vn -0.053273 0.304165 -0.951129
vn -0.855493 -0.365919 0.366382
vn -0.752647 -0.628267 -0.196985
vn -0.983914 -0.054404 -0.17016
vn -0.983914 -0.054404 -0.17016
vn -0.752647 -0.628267 -0.196985
vn -0.621408 -0.106838 -0.776169
vn -0.752647 -0.628267 -0.196985
vn -0.301468 -0.366004 -0.880431
vn -0.621408 -0.106838 -0.776169
vn -0.495422 -0.745687 0.445544
vn -0.567324 -0.823493 -0.001821
vn -0.855493 -0.365919 0.366382
vn -0.855493 -0.365919 0.366382
vn -0.567324 -0.823493 -0.001821
vn -0.752647 -0.628267 -0.196985
vn -0.567324 -0.823493 -0.001821
vn -0.377351 -0.684507 -0.623744
vn -0.752647 -0.628267 -0.196985
vn -0.752647 -0.628267 -0.196985
vn -0.377351 -0.684507 -0.623744
vn -0.301468 -0.366004 -0.880431
vn -0.301468 -0.366004 -0.880431
vn -0.377351 -0.684507 -0.623744
vn 0.032636 0.108228 -0.99359
vn 0.032636 0.108228 -0.99359
vn -0.377351 -0.684507 -0.623744
vn -0.113873 -0.518605 -0.847397
vn -0.113873 -0.518605 -0.847397
vn -0.377351 -0.684507 -0.623744
vn -0.309273 -0.948387 -0.070091
vn -0.377351 -0.684507 -0.623744
vn -0.567324 -0.823493 -0.001821
vn -0.309273 -0.948387 -0.070091
vn -0.585917 -0.272995 0.763004
vn -0.189377 -0.810978 0.553581
vn -0.143376 -0.815615 0.560549
vn -0.511677 -0.736117 0.443078
vn -0.189377 -0.810978 0.553581
vn -0.761255 -0.251432 0.597723
vn -0.189377 -0.810978 0.553581
vn -0.585917 -0.272995 0.763004
vn -0.761255 -0.251432 0.597723
vn -0.761255 -0.251432 0.597723
vn -0.585917 -0.272995 0.763004
vn -0.847437 0.096445 0.522062
vn -0.457766 -0.225172 0.860086
vn -0.798184 0.31515 0.513404
vn -0.585917 -0.272995 0.763004
vn -0.585917 -0.272995 0.763004
vn -0.798184 0.31515 0.513404
vn -0.847437 0.096445 0.522062
vn -0.798184 0.31515 0.513404
vn -0.974366 0.196458 0.109614
vn -0.847437 0.096445 0.522062
vn -0.847437 0.096445 0.522062
vn -0.974366 0.196458 0.109614
vn -0.761255 -0.251432 0.597723
vn -0.974366 0.196458 0.109614
vn -0.963905 -0.263596 0.037479
vn -0.761255 -0.251432 0.597723
vn -0.761255 -0.251432 0.597723
vn -0.963905 -0.263596 0.037479
vn -0.511677 -0.736117 0.443078
vn -0.963905 -0.263596 0.037479
vn -0.600293 -0.796969 -0.067003
vn -0.511677 -0.736117 0.443078
vn -0.073639 -0.513187 0.855112
vn -0.249121 -0.370946 0.894616
vn -0.168111 -0.594478 0.786343
vn -0.168111 -0.594478 0.786343
vn -0.249121 -0.370946 0.894616
vn -0.211536 -0.562483 0.79929
vn -0.249121 -0.370946 0.894616
vn -0.390582 -0.071995 0.917748
vn -0.211536 -0.562483 0.79929
vn -0.211536 -0.562483 0.79929
vn -0.390582 -0.071995 0.917748
vn -0.457766 -0.225172 0.860086
vn -0.390582 -0.071995 0.917748
vn -0.657606 0.521887 0.543313
vn -0.457766 -0.225172 0.860086
vn -0.457766 -0.225172 0.860086
vn -0.657606 0.521887 0.543313
vn -0.798184 0.31515 0.513404
vn -0.657606 0.521887 0.543313
vn -0.773092 0.632191 -0.051606
vn -0.798184 0.31515 0.513404
vn -0.798184 0.31515 0.513404
vn -0.773092 0.632191 -0.051606
vn -0.974366 0.196458 0.109614
vn -0.773092 0.632191 -0.051606
vn -0.933407 0.137773 -0.331315
vn -0.974366 0.196458 0.109614
vn -0.974366 0.196458 0.109614
vn -0.933407 0.137773 -0.331315
vn -0.963905 -0.263596 0.037479
vn -0.399765 -0.210481 -0.892124
vn -0.527537 -0.141198 -0.837716
vn -0.570561 0.390007 -0.722741
vn -0.570561 0.390007 -0.722741
vn -0.527537 -0.141198 -0.837716
vn -0.699592 0.420869 -0.577443
vn -0.527537 -0.141198 -0.837716
vn -0.675409 -0.182476 -0.714511
vn -0.699592 0.420869 -0.577443
vn -0.699592 0.420869 -0.577443
vn -0.675409 -0.182476 -0.714511
vn -0.803946 0.3309 -0.494142
vn -0.675409 -0.182476 -0.714511
vn -0.850347 -0.258424 -0.458397
vn -0.803946 0.3309 -0.494142
vn -0.850347 -0.258424 -0.458397
vn -0.933407 0.137773 -0.331315
vn -0.803946 0.3309 -0.494142
vn -0.933407 0.137773 -0.331315
vn -0.773092 0.632191 -0.051606
vn -0.803946 0.3309 -0.494142
vn -0.803946 0.3309 -0.494142
vn -0.773092 0.632191 -0.051606
vn -0.663538 0.746601 -0.048012
vn -0.773092 0.632191 -0.051606
vn -0.657606 0.521887 0.543313
vn -0.663538 0.746601 -0.048012
vn -0.663538 0.746601 -0.048012
vn -0.657606 0.521887 0.543313
vn -0.607112 0.57223 0.551333
vn -0.657606 0.521887 0.543313
vn -0.390582 -0.071995 0.917748
vn -0.607112 0.57223 0.551333
vn -0.570561 0.390007 -0.722741
vn -0.699592 0.420869 -0.577443
vn -0.597201 0.763662 -0.245298
vn -0.597201 0.763662 -0.245298
vn -0.699592 0.420869 -0.577443
vn -0.663538 0.746601 -0.048012
vn -0.699592 0.420869 -0.577443
vn -0.803946 0.3309 -0.494142
vn -0.663538 0.746601 -0.048012
vn -0.607112 0.57223 0.551333
vn -0.570239 0.816562 0.089742
vn -0.663538 0.746601 -0.048012
vn -0.663538 0.746601 -0.048012
vn -0.570239 0.816562 0.089742
vn -0.597201 0.763662 -0.245298
vn -0.570239 0.816562 0.089742
vn -0.481581 0.845293 -0.231429
vn -0.597201 0.763662 -0.245298
vn -0.597201 0.763662 -0.245298
vn -0.481581 0.845293 -0.231429
vn -0.4784 0.620473 -0.621407
vn -0.481581 0.845293 -0.231429
vn -0.391464 0.626911 -0.673602
vn -0.4784 0.620473 -0.621407
vn -0.391464 0.626911 -0.673602
vn -0.292698 0.642524 -0.70816
vn -0.253152 0.101696 -0.962066
vn -0.141718 -0.561306 -0.815384
vn -0.253152 0.101696 -0.962066
vn -0.038104 -0.83205 -0.55339
vn -0.038104 -0.83205 -0.55339
vn -0.253152 0.101696 -0.962066
vn -0.143567 -0.6845 -0.714737
vn -0.143567 -0.6845 -0.714737
vn -0.253152 0.101696 -0.962066
vn -0.179038 0.206205 -0.96199
vn -0.253152 0.101696 -0.962066
vn -0.292698 0.642524 -0.70816
vn -0.179038 0.206205 -0.96199
vn -0.179038 0.206205 -0.96199
vn -0.292698 0.642524 -0.70816
vn -0.187299 0.70939 -0.679475
vn -0.187299 0.70939 -0.679475
vn -0.292698 0.642524 -0.70816
vn -0.351374 0.867949 -0.350999
vn -0.292698 0.642524 -0.70816
vn -0.391464 0.626911 -0.673602
vn -0.351374 0.867949 -0.350999
vn -0.351374 0.867949 -0.350999
vn -0.391464 0.626911 -0.673602
vn -0.438591 0.876551 -0.19823
vn -0.391464 0.626911 -0.673602
vn -0.481581 0.845293 -0.231429
vn -0.438591 0.876551 -0.19823
vn -0.438591 0.876551 -0.19823
vn -0.481581 0.845293 -0.231429
vn -0.467665 0.88071 0.075093
vn -0.106773 -0.75779 -0.643703
vn -0.141718 -0.561306 -0.815384
vn 0.127759 -0.987923 -0.087673
vn -0.141718 -0.561306 -0.815384
vn -0.038104 -0.83205 -0.55339
vn 0.127759 -0.987923 -0.087673
vn 0.127759 -0.987923 -0.087673
vn -0.038104 -0.83205 -0.55339
vn 0.076956 -0.996191 0.041009
vn -0.096696 -0.877575 -0.469586
vn -0.106773 -0.75779 -0.643703
vn 0.12951 -0.991505 0.012057
vn -0.106773 -0.75779 -0.643703
vn 0.127759 -0.987923 -0.087673
vn 0.12951 -0.991505 0.012057
vn 0.12951 -0.991505 0.012057
vn 0.127759 -0.987923 -0.087673
vn 0.085659 -0.841943 0.532724
vn 0.127759 -0.987923 -0.087673
vn 0.076956 -0.996191 0.041009
vn 0.085659 -0.841943 0.532724
vn 0.085659 -0.841943 0.532724
vn 0.076956 -0.996191 0.041009
vn 0.011831 -0.748351 0.663198
vn 0.12951 -0.991505 0.012057
vn 0.045129 -0.997149 0.060481
vn -0.096696 -0.877575 -0.469586
vn 0.045129 -0.997149 0.060481
vn -0.000939 -1.0 -0.000212
vn -0.096696 -0.877575 -0.469586
vn -0.096696 -0.877575 -0.469586
vn -0.000939 -1.0 -0.000212
vn -0.216541 -0.777063 -0.591001
vn -0.000939 -1.0 -0.000212
vn -0.105317 -0.994426 -0.005036
vn -0.216541 -0.777063 -0.591001
vn -0.216541 -0.777063 -0.591001
vn -0.105317 -0.994426 -0.005036
vn -0.366292 -0.775433 -0.514328
vn -0.6002 -0.656548 -0.456842
vn -0.366292 -0.775433 -0.514328
vn -0.600293 -0.796969 -0.067003
vn -0.366292 -0.775433 -0.514328
vn -0.105317 -0.994426 -0.005036
vn -0.600293 -0.796969 -0.067003
vn -0.600293 -0.796969 -0.067003
vn -0.105317 -0.994426 -0.005036
vn -0.511677 -0.736117 0.443078
vn -0.511677 -0.736117 0.443078
vn -0.105317 -0.994426 -0.005036
vn -0.189377 -0.810978 0.553581
vn -0.105317 -0.994426 -0.005036
vn -0.000939 -1.0 -0.000212
vn -0.189377 -0.810978 0.553581
vn -0.189377 -0.810978 0.553581
vn -0.000939 -1.0 -0.000212
vn -0.143376 -0.815615 0.560549
vn -0.000939 -1.0 -0.000212
vn 0.045129 -0.997149 0.060481
vn -0.143376 -0.815615 0.560549
vn -0.143376 -0.815615 0.560549
vn 0.045129 -0.997149 0.060481
vn -0.064821 -0.807687 0.586038
vn -0.064821 -0.807687 0.586038
vn 0.045129 -0.997149 0.060481
vn 0.048826 -0.909952 0.411829
vn 0.045129 -0.997149 0.060481
vn 0.12951 -0.991505 0.012057
vn 0.048826 -0.909952 0.411829
vn 0.048826 -0.909952 0.411829
vn 0.12951 -0.991505 0.012057
vn 0.0391 -0.777136 0.628116
vn 0.12951 -0.991505 0.012057
vn 0.085659 -0.841943 0.532724
vn 0.0391 -0.777136 0.628116
vn -0.065913 -0.605188 0.793349
vn -0.104763 -0.569042 0.815608
vn -0.062168 -0.573328 0.816964
vn -0.062168 -0.573328 0.816964
vn -0.104763 -0.569042 0.815608
vn -0.20567 -0.523036 0.827123
vn 0.261434 -0.506361 0.821736
vn -0.062168 -0.573328 0.816964
vn 0.014224 -0.54604 0.837638
vn 0.014224 -0.54604 0.837638
vn -0.062168 -0.573328 0.816964
vn -0.07827 -0.550924 0.830877
vn -0.062168 -0.573328 0.816964
vn -0.20567 -0.523036 0.827123
vn -0.07827 -0.550924 0.830877
vn -0.07827 -0.550924 0.830877
vn -0.20567 -0.523036 0.827123
vn -0.172232 -0.475277 0.862814
vn -0.20567 -0.523036 0.827123
vn -0.104763 -0.569042 0.815608
vn -0.172232 -0.475277 0.862814
vn -0.172232 -0.475277 0.862814
vn -0.104763 -0.569042 0.815608
vn -0.054799 -0.459867 0.886295
vn -0.104763 -0.569042 0.815608
vn -0.065913 -0.605188 0.793349
vn -0.054799 -0.459867 0.886295
vn -0.054799 -0.459867 0.886295
vn -0.065913 -0.605188 0.793349
vn -0.000454 -0.54064 0.841254
vn -0.065913 -0.605188 0.793349
vn 0.070442 -0.562951 0.823483
vn -0.000454 -0.54064 0.841254
vn -0.000454 -0.54064 0.841254
vn 0.070442 -0.562951 0.823483
vn 0.151055 -0.439192 0.885603
vn 0.151055 -0.439192 0.885603
vn -0.054799 -0.459867 0.886295
vn -0.000454 -0.54064 0.841254
vn 0.041006 -0.280902 0.95886
vn 0.009805 -0.369166 0.929312
vn 0.151055 -0.439192 0.885603
vn 0.151055 -0.439192 0.885603
vn 0.009805 -0.369166 0.929312
vn -0.054799 -0.459867 0.886295
vn 0.009805 -0.369166 0.929312
vn -0.052502 -0.427245 0.90261
vn -0.054799 -0.459867 0.886295
vn -0.172232 -0.475277 0.862814
vn -0.054799 -0.459867 0.886295
vn -0.07827 -0.550924 0.830877
vn -0.07827 -0.550924 0.830877
vn -0.054799 -0.459867 0.886295
vn 0.014224 -0.54604 0.837638
vn -0.054799 -0.459867 0.886295
vn -0.052502 -0.427245 0.90261
vn 0.014224 -0.54604 0.837638
vn 0.014224 -0.54604 0.837638
vn -0.052502 -0.427245 0.90261
vn -0.057334 -0.453145 0.889591
vn -0.052502 -0.427245 0.90261
vn 0.009805 -0.369166 0.929312
vn -0.057334 -0.453145 0.889591
vn -0.057334 -0.453145 0.889591
vn 0.009805 -0.369166 0.929312
vn -0.090571 -0.272146 0.957984
vn 0.009805 -0.369166 0.929312
vn 0.041006 -0.280902 0.95886
vn -0.090571 -0.272146 0.957984
vn -0.090571 -0.272146 0.957984
vn 0.041006 -0.280902 0.95886
vn -0.176213 -0.066774 0.982085
vn 0.070442 -0.562951 0.823483
vn 0.082357 -0.433226 0.897515
vn 0.151055 -0.439192 0.885603
vn 0.151055 -0.439192 0.885603
vn 0.082357 -0.433226 0.897515
vn 0.041006 -0.280902 0.95886
vn 0.082357 -0.433226 0.897515
vn -0.022046 -0.217348 0.975845
vn 0.041006 -0.280902 0.95886
vn 0.041006 -0.280902 0.95886
vn -0.022046 -0.217348 0.975845
vn -0.176213 -0.066774 0.982085
vn -0.022046 -0.217348 0.975845
vn -0.312813 0.150786 0.937769
vn -0.176213 -0.066774 0.982085
vn -0.481581 0.845293 -0.231429
vn -0.570239 0.816562 0.089742
vn -0.467665 0.88071 0.075093
vn -0.467665 0.88071 0.075093
vn -0.570239 0.816562 0.089742
vn -0.442071 0.646438 0.621845
vn -0.570239 0.816562 0.089742
vn -0.607112 0.57223 0.551333
vn -0.442071 0.646438 0.621845
vn -0.442071 0.646438 0.621845
vn -0.607112 0.57223 0.551333
vn -0.312813 0.150786 0.937769
vn -0.607112 0.57223 0.551333
vn -0.390582 -0.071995 0.917748
vn -0.312813 0.150786 0.937769
vn -0.312813 0.150786 0.937769
vn -0.390582 -0.071995 0.917748
vn -0.176213 -0.066774 0.982085
vn -0.390582 -0.071995 0.917748
vn -0.249121 -0.370946 0.894616
vn -0.176213 -0.066774 0.982085
vn -0.176213 -0.066774 0.982085
vn -0.249121 -0.370946 0.894616
vn -0.090571 -0.272146 0.957984
vn -0.249121 -0.370946 0.894616
vn -0.073639 -0.513187 0.855112
vn -0.090571 -0.272146 0.957984
vn -0.090571 -0.272146 0.957984
vn -0.073639 -0.513187 0.855112
vn -0.057334 -0.453145 0.889591
vn -0.082522 -0.54664 0.833291
vn 0.002029 -0.548786 0.835961
vn 0.070442 -0.562951 0.823483
vn 0.070442 -0.562951 0.823483
vn 0.002029 -0.548786 0.835961
vn 0.082357 -0.433226 0.897515
vn 0.002029 -0.548786 0.835961
vn 0.111773 -0.429813 0.895973
vn 0.082357 -0.433226 0.897515
vn 0.082357 -0.433226 0.897515
vn 0.111773 -0.429813 0.895973
vn -0.022046 -0.217348 0.975845
vn 0.111773 -0.429813 0.895973
vn -0.114193 -0.037231 0.992761
vn -0.022046 -0.217348 0.975845
vn -0.022046 -0.217348 0.975845
vn -0.114193 -0.037231 0.992761
vn -0.312813 0.150786 0.937769
vn -0.312813 0.150786 0.937769
vn -0.114193 -0.037231 0.992761
vn -0.442071 0.646438 0.621845
vn -0.114193 -0.037231 0.992761
vn -0.368359 0.657678 0.657093
vn -0.442071 0.646438 0.621845
vn -0.442071 0.646438 0.621845
vn -0.368359 0.657678 0.657093
vn -0.467665 0.88071 0.075093
vn -0.368359 0.657678 0.657093
vn -0.438644 0.895079 0.080151
vn -0.467665 0.88071 0.075093
vn -0.368359 0.657678 0.657093
vn -0.373077 0.921777 0.105545
vn -0.438644 0.895079 0.080151
vn -0.25066 0.917783 -0.307967
vn -0.373077 0.921777 0.105545
vn -0.266553 0.954087 0.136628
vn -0.467665 0.88071 0.075093
vn -0.438644 0.895079 0.080151
vn -0.438591 0.876551 -0.19823
vn -0.438644 0.895079 0.080151
vn -0.373077 0.921777 0.105545
vn -0.438591 0.876551 -0.19823
vn -0.438591 0.876551 -0.19823
vn -0.373077 0.921777 0.105545
vn -0.351374 0.867949 -0.350999
vn -0.373077 0.921777 0.105545
vn -0.25066 0.917783 -0.307967
vn -0.351374 0.867949 -0.350999
vn -0.351374 0.867949 -0.350999
vn -0.25066 0.917783 -0.307967
vn -0.187299 0.70939 -0.679475
vn -0.187299 0.70939 -0.679475
vn -0.25066 0.917783 -0.307967
vn -0.107869 0.722771 -0.682618
vn -0.107869 0.722771 -0.682618
vn -0.25066 0.917783 -0.307967
vn -0.134789 0.939122 -0.316042
vn -0.25066 0.917783 -0.307967
vn -0.266553 0.954087 0.136628
vn -0.134789 0.939122 -0.316042
vn -0.134789 0.939122 -0.316042
vn -0.266553 0.954087 0.136628
vn -0.157275 0.963009 0.21881
vn -0.157275 0.963009 0.21881
vn -0.266553 0.954087 0.136628
vn -0.154433 0.625857 0.764495
vn -0.154433 0.625857 0.764495
vn -0.266553 0.954087 0.136628
vn -0.230174 0.672237 0.703646
vn -0.266553 0.954087 0.136628
vn -0.373077 0.921777 0.105545
vn -0.230174 0.672237 0.703646
vn -0.230174 0.672237 0.703646
vn -0.373077 0.921777 0.105545
vn -0.297922 0.663605 0.6862
vn -0.373077 0.921777 0.105545
vn -0.368359 0.657678 0.657093
vn -0.297922 0.663605 0.6862
vn -0.297922 0.663605 0.6862
vn -0.368359 0.657678 0.657093
vn -0.134237 -0.038456 0.990203
vn -0.368359 0.657678 0.657093
vn -0.109007 -0.216754 0.970121
vn -0.134237 -0.038456 0.990203
vn -0.134237 -0.038456 0.990203
vn -0.109007 -0.216754 0.970121
vn 0.011831 -0.748351 0.663198
vn 0.011831 -0.748351 0.663198
vn -0.109007 -0.216754 0.970121
vn 0.085659 -0.841943 0.532724
vn -0.109007 -0.216754 0.970121
vn 0.027818 -0.460358 0.887297
vn 0.085659 -0.841943 0.532724
vn 0.085659 -0.841943 0.532724
vn 0.027818 -0.460358 0.887297
vn 0.0391 -0.777136 0.628116
vn 0.011831 -0.748351 0.663198
vn -0.052699 -0.813733 0.578845
vn -0.134237 -0.038456 0.990203
vn -0.052699 -0.813733 0.578845
vn -0.159184 -0.085842 0.98351
vn -0.134237 -0.038456 0.990203
vn -0.159184 -0.085842 0.98351
vn -0.230174 0.672237 0.703646
vn -0.134237 -0.038456 0.990203
vn -0.134237 -0.038456 0.990203
vn -0.230174 0.672237 0.703646
vn -0.297922 0.663605 0.6862
vn -0.368359 0.657678 0.657093
vn -0.114193 -0.037231 0.992761
vn -0.109007 -0.216754 0.970121
vn -0.109007 -0.216754 0.970121
vn -0.114193 -0.037231 0.992761
vn 0.027818 -0.460358 0.887297
vn -0.114193 -0.037231 0.992761
vn 0.111773 -0.429813 0.895973
vn 0.027818 -0.460358 0.887297
vn 0.027818 -0.460358 0.887297
vn 0.111773 -0.429813 0.895973
vn 0.08095 -0.636208 0.767259
vn 0.111773 -0.429813 0.895973
vn 0.002029 -0.548786 0.835961
vn 0.08095 -0.636208 0.767259
vn 0.08095 -0.636208 0.767259
vn 0.002029 -0.548786 0.835961
vn -0.064886 -0.69941 0.711769
vn 0.002029 -0.548786 0.835961
vn -0.082522 -0.54664 0.833291
vn -0.064886 -0.69941 0.711769
vn -0.064886 -0.69941 0.711769
vn -0.082522 -0.54664 0.833291
vn -0.006918 -0.529749 0.848126
vn -0.082522 -0.54664 0.833291
vn -0.113544 -0.502957 0.856821
vn -0.006918 -0.529749 0.848126
vn -0.073639 -0.513187 0.855112
vn -0.131323 -0.503049 0.854222
vn -0.057334 -0.453145 0.889591
vn -0.057334 -0.453145 0.889591
vn -0.131323 -0.503049 0.854222
vn 0.014224 -0.54604 0.837638
vn -0.131323 -0.503049 0.854222
vn 0.012588 -0.556105 0.831017
vn 0.014224 -0.54604 0.837638
vn 0.014224 -0.54604 0.837638
vn 0.012588 -0.556105 0.831017
vn 0.261434 -0.506361 0.821736
vn 0.012588 -0.556105 0.831017
vn -0.006918 -0.529749 0.848126
vn 0.261434 -0.506361 0.821736
vn 0.261434 -0.506361 0.821736
vn -0.006918 -0.529749 0.848126
vn -0.062168 -0.573328 0.816964
vn -0.006918 -0.529749 0.848126
vn -0.113544 -0.502957 0.856821
vn -0.062168 -0.573328 0.816964
vn -0.062168 -0.573328 0.816964
vn -0.113544 -0.502957 0.856821
vn -0.065913 -0.605188 0.793349
vn -0.113544 -0.502957 0.856821
vn -0.082522 -0.54664 0.833291
vn -0.065913 -0.605188 0.793349
vn -0.065913 -0.605188 0.793349
vn -0.082522 -0.54664 0.833291
vn 0.070442 -0.562951 0.823483
vn 0.027818 -0.460358 0.887297
vn 0.08095 -0.636208 0.767259
vn 0.0391 -0.777136 0.628116
vn 0.0391 -0.777136 0.628116
vn 0.08095 -0.636208 0.767259
vn -0.044326 -0.740038 0.671103
vn 0.08095 -0.636208 0.767259
vn -0.064886 -0.69941 0.711769
vn -0.044326 -0.740038 0.671103
vn -0.044326 -0.740038 0.671103
vn -0.064886 -0.69941 0.711769
vn -0.114626 -0.668368 0.734946
vn -0.064886 -0.69941 0.711769
vn -0.006918 -0.529749 0.848126
vn -0.114626 -0.668368 0.734946
vn -0.006918 -0.529749 0.848126
vn 0.012588 -0.556105 0.831017
vn -0.114626 -0.668368 0.734946
vn -0.114626 -0.668368 0.734946
vn 0.012588 -0.556105 0.831017
vn -0.112444 -0.590053 0.799496
vn 0.012588 -0.556105 0.831017
vn -0.131323 -0.503049 0.854222
vn -0.112444 -0.590053 0.799496
vn -0.131323 -0.503049 0.854222
vn -0.073639 -0.513187 0.855112
vn -0.112444 -0.590053 0.799496
vn -0.112444 -0.590053 0.799496
vn -0.073639 -0.513187 0.855112
vn -0.168111 -0.594478 0.786343
vn 0.0391 -0.777136 0.628116
vn -0.044326 -0.740038 0.671103
vn 0.048826 -0.909952 0.411829
vn 0.048826 -0.909952 0.411829
vn -0.044326 -0.740038 0.671103
vn -0.039092 -0.680238 0.731948
vn -0.044326 -0.740038 0.671103
vn -0.114626 -0.668368 0.734946
vn -0.039092 -0.680238 0.731948
vn -0.114626 -0.668368 0.734946
vn -0.112444 -0.590053 0.799496
vn -0.039092 -0.680238 0.731948
vn -0.112444 -0.590053 0.799496
vn -0.168111 -0.594478 0.786343
vn -0.039092 -0.680238 0.731948
vn -0.039092 -0.680238 0.731948
vn -0.168111 -0.594478 0.786343
vn -0.064821 -0.807687 0.586038
vn -0.168111 -0.594478 0.786343
vn -0.211536 -0.562483 0.79929
vn -0.064821 -0.807687 0.586038
vn -0.064821 -0.807687 0.586038
vn -0.211536 -0.562483 0.79929
vn -0.143376 -0.815615 0.560549
vn -0.211536 -0.562483 0.79929
vn -0.457766 -0.225172 0.860086
vn -0.143376 -0.815615 0.560549
vn -0.143376 -0.815615 0.560549
vn -0.457766 -0.225172 0.860086
vn -0.585917 -0.272995 0.763004
vn 0.048826 -0.909952 0.411829
vn -0.039092 -0.680238 0.731948
vn -0.064821 -0.807687 0.586038
vn -0.933407 0.137773 -0.331315
vn -0.850347 -0.258424 -0.458397
vn -0.963905 -0.263596 0.037479
vn -0.963905 -0.263596 0.037479
vn -0.850347 -0.258424 -0.458397
vn -0.600293 -0.796969 -0.067003
vn -0.600293 -0.796969 -0.067003
vn -0.850347 -0.258424 -0.458397
vn -0.6002 -0.656548 -0.456842
vn -0.850347 -0.258424 -0.458397
vn -0.675409 -0.182476 -0.714511
vn -0.6002 -0.656548 -0.456842
vn -0.6002 -0.656548 -0.456842
vn -0.675409 -0.182476 -0.714511
vn -0.366292 -0.775433 -0.514328
vn -0.675409 -0.182476 -0.714511
vn -0.527537 -0.141198 -0.837716
vn -0.366292 -0.775433 -0.514328
vn -0.366292 -0.775433 -0.514328
vn -0.527537 -0.141198 -0.837716
vn -0.216541 -0.777063 -0.591001
vn -0.527537 -0.141198 -0.837716
vn -0.399765 -0.210481 -0.892124
vn -0.216541 -0.777063 -0.591001
vn -0.216541 -0.777063 -0.591001
vn -0.399765 -0.210481 -0.892124
vn -0.096696 -0.877575 -0.469586
vn -0.399765 -0.210481 -0.892124
vn -0.106773 -0.75779 -0.643703
vn -0.096696 -0.877575 -0.469586
vn -0.597201 0.763662 -0.245298
vn -0.4784 0.620473 -0.621407
vn -0.570561 0.390007 -0.722741
vn -0.570561 0.390007 -0.722741
vn -0.4784 0.620473 -0.621407
vn -0.380078 0.054234 -0.923363
vn -0.4784 0.620473 -0.621407
vn -0.391464 0.626911 -0.673602
vn -0.380078 0.054234 -0.923363
vn -0.380078 0.054234 -0.923363
vn -0.391464 0.626911 -0.673602
vn -0.299736 0.0961 -0.94917
vn -0.391464 0.626911 -0.673602
vn -0.253152 0.101696 -0.962066
vn -0.299736 0.0961 -0.94917
vn -0.253152 0.101696 -0.962066
vn -0.141718 -0.561306 -0.815384
vn -0.299736 0.0961 -0.94917
vn -0.299736 0.0961 -0.94917
vn -0.141718 -0.561306 -0.815384
vn -0.380078 0.054234 -0.923363
vn -0.141718 -0.561306 -0.815384
vn -0.106773 -0.75779 -0.643703
vn -0.380078 0.054234 -0.923363
vn -0.106773 -0.75779 -0.643703
vn -0.399765 -0.210481 -0.892124
vn -0.380078 0.054234 -0.923363
vn -0.380078 0.054234 -0.923363
vn -0.399765 -0.210481 -0.892124
vn -0.570561 0.390007 -0.722741
vn 0.525118 -0.84269 0.11885
vn 0.625934 -0.763565 0.158667
vn 0.365928 -0.926451 -0.088232
vn 0.525118 -0.84269 0.11885
vn 0.94243 0.0 0.334403
vn 0.851274 -0.465587 0.241994
vn -0.707359 0.560744 0.430358
vn -0.415398 0.894009 0.167906
vn -0.011623 0.996355 0.084505
vn 0.286554 0.939975 0.185293
vn -0.415398 0.894009 0.167906
vn 0.075335 0.991906 0.102212
vn -0.415398 0.894009 0.167906
vn -0.472182 0.848435 0.239172
vn 0.075335 0.991906 0.102212
vn 0.075335 0.991906 0.102212
vn -0.472182 0.848435 0.239172
vn -0.119208 0.972728 0.198972
vn -0.472182 0.848435 0.239172
vn -0.329171 0.893389 0.305782
vn -0.119208 0.972728 0.198972
vn -0.119208 0.972728 0.198972
vn -0.574918 0.734862 0.359788
vn 0.075335 0.991906 0.102212
vn 0.043386 0.650424 0.758331
vn -0.27364 0.68257 0.677657
vn -0.0 0.978185 0.207735
vn -0.27364 0.68257 0.677657
vn -0.03153 0.998227 0.050488
vn -0.0 0.978185 0.207735
vn -0.0 0.978185 0.207735
vn -0.03153 0.998227 0.050488
vn -0.0 0.986975 -0.160875
vn -0.0 0.986975 -0.160875
vn -0.03153 0.998227 0.050488
vn 0.05227 0.986229 -0.156908
vn 0.05227 0.986229 -0.156908
vn -0.03153 0.998227 0.050488
vn -0.237652 0.956767 0.167684
vn -0.237652 0.956767 0.167684
vn -0.03153 0.998227 0.050488
vn -0.292416 0.882234 0.368992
vn -0.03153 0.998227 0.050488
vn -0.27364 0.68257 0.677657
vn -0.292416 0.882234 0.368992
vn -0.461963 0.757029 0.462058
vn 0.410621 0.907467 -0.088846
vn 0.075335 0.991906 0.102212
vn 0.549522 0.835375 -0.013202
vn 0.437578 0.828218 0.350116
vn 0.075335 0.991906 0.102212
vn 0.075335 0.991906 0.102212
vn 0.437578 0.828218 0.350116
vn -0.011623 0.996355 0.084505
vn 0.06459 -0.287795 0.955511
vn 0.004148 -0.208086 0.978102
vn -0.387283 -0.244331 0.888996
vn -0.387283 -0.244331 0.888996
vn 0.004148 -0.208086 0.978102
vn -0.431779 -0.155482 0.888478
vn 0.004148 -0.208086 0.978102
vn -0.113523 -0.111238 0.987289
vn -0.431779 -0.155482 0.888478
vn -0.113523 -0.111238 0.987289
vn -0.500654 0.007076 0.865619
vn -0.431779 -0.155482 0.888478
vn -0.431779 -0.155482 0.888478
vn -0.500654 0.007076 0.865619
vn -0.679259 0.059045 0.73152
vn -0.500654 0.007076 0.865619
vn -0.624539 0.509063 0.592288
vn -0.679259 0.059045 0.73152
vn -0.425869 0.823309 0.375231
vn -0.867679 0.236392 0.437324
vn -0.679259 0.059045 0.73152
vn -0.679259 0.059045 0.73152
vn -0.867679 0.236392 0.437324
vn -0.843178 0.028265 0.536891
vn -0.843178 0.028265 0.536891
vn -0.867679 0.236392 0.437324
vn -0.902342 0.225732 0.367184
vn -0.902342 0.225732 0.367184
vn -0.867679 0.236392 0.437324
vn -0.895112 0.338744 0.289873
vn -0.867679 0.236392 0.437324
vn -0.472182 0.848435 0.239172
vn -0.895112 0.338744 0.289873
vn -0.472182 0.848435 0.239172
vn -0.415398 0.894009 0.167906
vn -0.895112 0.338744 0.289873
vn -0.895112 0.338744 0.289873
vn -0.415398 0.894009 0.167906
vn -0.707359 0.560744 0.430358
vn -0.867679 0.236392 0.437324
vn -0.329171 0.893389 0.305782
vn -0.472182 0.848435 0.239172
vn -0.843178 0.028265 0.536891
vn -0.62148 -0.14454 0.769981
vn -0.679259 0.059045 0.73152
vn -0.679259 0.059045 0.73152
vn -0.62148 -0.14454 0.769981
vn -0.431779 -0.155482 0.888478
vn -0.62148 -0.14454 0.769981
vn -0.387283 -0.244331 0.888996
vn -0.431779 -0.155482 0.888478
vn 0.205271 -0.971357 -0.119707
vn 0.104371 -0.99044 -0.090198
vn 0.365928 -0.926451 -0.088232
vn 0.365928 -0.926451 -0.088232
vn 0.104371 -0.99044 -0.090198
vn 0.525118 -0.84269 0.11885
vn 0.064653 -0.987693 -0.142415
vn 0.16827 -0.969745 -0.176859
vn 0.005666 -0.999847 -0.016559
vn 0.005666 -0.999847 -0.016559
vn 0.16827 -0.969745 -0.176859
vn 0.212644 -0.96825 -0.131436
vn 0.16827 -0.969745 -0.176859
vn 0.205271 -0.971357 -0.119707
vn 0.212644 -0.96825 -0.131436
vn -0.597044 0.342989 0.725188
vn -0.309363 0.523063 0.794166
vn -0.329182 0.490021 0.807167
vn -0.536253 0.343808 0.770863
vn -0.543525 0.436298 0.717095
vn -0.271426 0.5256 0.80627
vn -0.271426 0.5256 0.80627
vn -0.543525 0.436298 0.717095
vn -0.329182 0.490021 0.807167
vn -0.543525 0.436298 0.717095
vn -0.60341 0.362621 0.710213
vn -0.329182 0.490021 0.807167
vn -0.329182 0.490021 0.807167
vn -0.60341 0.362621 0.710213
vn -0.597044 0.342989 0.725188
vn -0.60341 0.362621 0.710213
vn -0.785308 0.349981 0.51069
vn -0.597044 0.342989 0.725188
vn -0.597044 0.342989 0.725188
vn -0.785308 0.349981 0.51069
vn -0.790035 0.405572 0.459735
vn -0.837931 0.165767 0.519993
vn -0.898409 0.216904 0.381857
vn -0.899316 0.217178 0.379559
vn -0.898409 0.216904 0.381857
vn -0.95708 0.286947 -0.040724
vn -0.899316 0.217178 0.379559
vn -0.95708 0.286947 -0.040724
vn -0.863384 0.238503 0.444618
vn -0.899316 0.217178 0.379559
vn -0.899316 0.217178 0.379559
vn -0.863384 0.238503 0.444618
vn -0.837931 0.165767 0.519993
vn -0.863384 0.238503 0.444618
vn -0.801603 0.108694 0.587892
vn -0.837931 0.165767 0.519993
vn -0.837931 0.165767 0.519993
vn -0.801603 0.108694 0.587892
vn -0.656334 0.105214 0.747098
vn -0.656334 0.105214 0.747098
vn -0.801603 0.108694 0.587892
vn -0.722727 0.085142 0.68587
vn -0.722727 0.085142 0.68587
vn -0.801603 0.108694 0.587892
vn -0.744775 0.279606 0.605914
vn -0.744775 0.279606 0.605914
vn -0.801603 0.108694 0.587892
vn -0.829296 0.081822 0.552787
vn -0.801603 0.108694 0.587892
vn -0.863384 0.238503 0.444618
vn -0.829296 0.081822 0.552787
vn -0.863384 0.238503 0.444618
vn -0.777025 0.153984 0.610345
vn -0.829296 0.081822 0.552787
vn -0.829296 0.081822 0.552787
vn -0.777025 0.153984 0.610345
vn -0.740374 0.072693 0.668253
vn -0.777025 0.153984 0.610345
vn -0.73547 0.307349 0.603839
vn -0.740374 0.072693 0.668253
vn -0.829296 0.081822 0.552787
vn -0.740374 0.072693 0.668253
vn -0.865522 0.233408 0.443161
vn -0.740374 0.072693 0.668253
vn -0.814019 0.33673 0.473271
vn -0.865522 0.233408 0.443161
vn -0.865522 0.233408 0.443161
vn -0.814019 0.33673 0.473271
vn -0.8472 0.404793 0.344085
vn -0.707359 0.560744 0.430358
vn -0.804556 0.365984 0.467701
vn -0.895112 0.338744 0.289873
vn -0.95708 0.286947 -0.040724
vn -0.887676 0.427299 -0.1716
vn -0.863384 0.238503 0.444618
vn -0.863384 0.238503 0.444618
vn -0.887676 0.427299 -0.1716
vn -0.893422 0.438833 0.096036
vn -0.73547 0.307349 0.603839
vn -0.777025 0.153984 0.610345
vn -0.824583 0.231651 0.51614
vn -0.777025 0.153984 0.610345
vn -0.863384 0.238503 0.444618
vn -0.824583 0.231651 0.51614
vn -0.824583 0.231651 0.51614
vn -0.863384 0.238503 0.444618
vn -0.833103 0.258161 0.489176
vn -0.863384 0.238503 0.444618
vn -0.893422 0.438833 0.096036
vn -0.833103 0.258161 0.489176
vn -0.893422 0.438833 0.096036
vn -0.755891 0.383147 0.530874
vn -0.833103 0.258161 0.489176
vn -0.833103 0.258161 0.489176
vn -0.755891 0.383147 0.530874
vn -0.824583 0.231651 0.51614
vn -0.824583 0.231651 0.51614
vn -0.755891 0.383147 0.530874
vn -0.834432 0.263462 0.484056
vn -0.834432 0.263462 0.484056
vn -0.755891 0.383147 0.530874
vn -0.666382 0.412688 0.620986
vn -0.755891 0.383147 0.530874
vn -0.513262 0.633897 0.578565
vn -0.666382 0.412688 0.620986
vn -0.834432 0.263462 0.484056
vn -0.666382 0.412688 0.620986
vn -0.835218 0.07202 0.545183
vn -0.62148 -0.14454 0.769981
vn -0.843178 0.028265 0.536891
vn -0.610115 -0.121997 0.782864
vn -0.610115 -0.121997 0.782864
vn -0.843178 0.028265 0.536891
vn -0.835218 0.07202 0.545183
vn -0.843178 0.028265 0.536891
vn -0.902342 0.225732 0.367184
vn -0.835218 0.07202 0.545183
vn -0.835218 0.07202 0.545183
vn -0.902342 0.225732 0.367184
vn -0.834432 0.263462 0.484056
vn -0.902342 0.225732 0.367184
vn -0.824583 0.231651 0.51614
vn -0.834432 0.263462 0.484056
vn -0.62148 -0.14454 0.769981
vn -0.610115 -0.121997 0.782864
vn -0.387283 -0.244331 0.888996
vn -0.610115 -0.121997 0.782864
vn -0.355749 -0.163759 0.920123
vn -0.387283 -0.244331 0.888996
vn -0.355749 -0.163759 0.920123
vn 0.0 -0.224091 0.974568
vn -0.387283 -0.244331 0.888996
vn -0.387283 -0.244331 0.888996
vn 0.0 -0.224091 0.974568
vn 0.06459 -0.287795 0.955511
vn -0.525627 0.264238 0.808637
vn -0.534522 0.267263 0.801783
vn -0.225526 -0.371665 0.900557
vn -0.394895 -0.190639 -0.898729
vn -0.607189 0.174153 -0.775237
vn -0.621787 -0.248452 -0.742733
vn -0.621787 -0.248452 -0.742733
vn -0.607189 0.174153 -0.775237
vn -0.485037 0.624772 -0.611881
vn -0.53018 0.088042 0.843302
vn -0.178851 -0.394318 0.901402
vn 0.08186 -0.671228 0.736717
vn 0.08186 -0.671228 0.736717
vn -0.178851 -0.394318 0.901402
vn 0.101018 -0.404063 0.909136
vn -0.486006 0.48374 -0.72787
vn -0.724652 -0.080517 -0.684395
vn -0.642031 0.197533 -0.740794
vn -0.642031 0.197533 -0.740794
vn -0.724652 -0.080517 -0.684395
vn -0.724652 -0.080517 -0.684394
vn -0.618282 0.252217 -0.744388
vn -0.486006 0.48374 -0.72787
vn -0.471283 0.504432 -0.723492
vn -0.471283 0.504432 -0.723492
vn -0.486006 0.48374 -0.72787
vn -0.642031 0.197533 -0.740794
vn -0.707107 0.0 -0.707107
vn -0.618282 0.252217 -0.744388
vn -0.707107 0.0 -0.707107
vn -0.707107 0.0 -0.707107
vn -0.618282 0.252217 -0.744388
vn -0.471283 0.504432 -0.723492
vn -0.909029 0.220221 0.353793
vn -0.898409 0.216904 0.381857
vn -0.721736 0.210592 0.659354
vn -0.898409 0.216904 0.381857
vn -0.623291 0.157678 0.765928
vn -0.721736 0.210592 0.659354
vn -0.623291 0.157678 0.765928
vn -0.481072 0.118272 0.868667
vn -0.721736 0.210592 0.659354
vn -0.721736 0.210592 0.659354
vn -0.481072 0.118272 0.868667
vn -0.453939 0.162532 0.876084
vn -0.53018 0.088042 0.843302
vn -0.603187 0.655241 0.45478
vn -0.178851 -0.394318 0.901402
vn -0.20461 -0.066126 0.976608
vn -0.369613 0.217724 0.903318
vn -0.206046 -0.887923 0.411264
vn -0.206046 -0.887923 0.411264
vn -0.389653 0.018156 0.920783
vn -0.530188 -0.45421 0.715957
vn -0.157514 -0.652483 0.741252
vn -0.019699 -0.941555 0.336284
vn 0.017307 -0.673862 0.738655
vn -0.019699 -0.941555 0.336284
vn 0.174228 -0.89418 0.412415
vn 0.017307 -0.673862 0.738655
vn 0.017307 -0.673862 0.738655
vn 0.174228 -0.89418 0.412415
vn 0.169871 -0.65724 0.734288
vn 0.26237 0.066747 0.962656
vn 0.174228 -0.89418 0.412415
vn 0.368979 -0.156312 0.916199
vn 0.174228 -0.89418 0.412415
vn 0.217713 -0.932412 0.288459
vn 0.368979 -0.156312 0.916199
vn 0.357812 -0.404371 0.841697
vn 0.217713 -0.932412 0.288459
vn 0.419814 -0.526804 0.739076
vn -0.989076 0.110322 -0.097761
vn -0.98699 0.12568 -0.100277
vn -0.98699 0.12568 -0.100277
vn -0.98699 0.12568 -0.100277
vn -0.98699 0.12568 -0.100277
vn -0.98466 0.141007 -0.102768
vn 0.193959 0.845611 -0.497314
vn 0.848474 0.448024 -0.281722
vn 0.71322 0.598889 -0.364211
vn 0.71322 0.598889 -0.364211
vn 0.848474 0.448024 -0.281722
vn 0.982947 0.147425 -0.10991
vn 0.848474 0.448024 -0.281722
vn 0.992249 -0.069138 0.103258
vn 0.982947 0.147425 -0.10991
vn -0.011711 0.303747 0.952681
vn -0.241665 0.354691 0.903212
vn -0.046907 0.48131 0.875294
vn -0.046907 0.48131 0.875294
vn -0.241665 0.354691 0.903212
vn -0.203941 0.480744 0.852815
vn -0.203941 0.480744 0.852815
vn -0.241665 0.354691 0.903212
vn -0.377411 0.503592 0.777146
vn -0.241665 0.354691 0.903212
vn -0.438557 0.357471 0.82455
vn -0.377411 0.503592 0.777146
vn 0.111225 0.910473 -0.398332
vn 0.111225 0.910473 -0.398332
vn 0.111225 0.910473 -0.398332
vn 0.992249 -0.069138 0.103258
vn 0.565219 -0.698999 0.438096
vn 0.64918 -0.617186 0.444575
vn 0.64918 -0.617186 0.444575
vn 0.565219 -0.698999 0.438096
vn 0.239215 -0.858159 0.454246
vn 0.565219 -0.698999 0.438096
vn 0.149433 -0.880362 0.450148
vn 0.239215 -0.858159 0.454246
vn 0.239215 -0.858159 0.454246
vn 0.149433 -0.880362 0.450148
vn -0.000904 -0.886444 0.462836
vn 0.149433 -0.880362 0.450148
vn -0.055889 -0.87562 0.479757
vn -0.000904 -0.886444 0.462836
vn -0.000904 -0.886444 0.462836
vn -0.055889 -0.87562 0.479757
vn -0.145963 -0.862217 0.485053
vn -0.055889 -0.87562 0.479757
vn -0.256434 -0.824367 0.504639
vn -0.145963 -0.862217 0.485053
vn -0.145963 -0.862217 0.485053
vn -0.256434 -0.824367 0.504639
vn -0.326089 -0.799595 0.504295
vn -0.256434 -0.824367 0.504639
vn -0.377829 -0.76261 0.525044
vn -0.326089 -0.799595 0.504295
vn 0.248709 0.50692 0.825334
vn 0.437325 0.022248 0.899028
vn 0.370473 0.851594 0.370862
vn 0.368979 -0.156312 0.916199
vn 0.433688 0.251839 0.865154
vn 0.370473 0.851594 0.370862
vn -0.206474 0.516412 0.831076
vn 0.026604 0.767523 0.640469
vn -0.030507 0.960168 0.277754
vn -0.030507 0.960168 0.277754
vn 0.026604 0.767523 0.640469
vn 0.176865 0.910089 0.374775
vn 0.026604 0.767523 0.640469
vn 0.173958 0.751535 0.636344
vn 0.176865 0.910089 0.374775
vn -0.433688 0.251839 0.865154
vn -0.369613 0.217724 0.903318
vn -0.41665 0.7833 0.461349
vn -0.41665 0.7833 0.461349
vn -0.397612 0.450797 0.799178
vn -0.140082 0.958688 0.247578
vn -0.369613 0.217724 0.903318
vn -0.245573 0.277357 0.928852
vn -0.140082 0.958688 0.247578
vn -0.909029 0.220221 0.353793
vn -0.721736 0.210592 0.659354
vn -0.743406 0.195437 0.639649
vn -0.721736 0.210592 0.659354
vn -0.453939 0.162532 0.876084
vn -0.743406 0.195437 0.639649
vn 0.252755 0.961856 -0.104633
vn -0.338627 0.821591 0.458606
vn -0.108948 0.992465 0.05607
vn -0.672077 0.526939 0.520239
vn -0.553072 0.747778 0.367341
vn -0.210344 0.977608 -0.006253
vn -0.108948 0.992465 0.05607
vn -0.553072 0.747778 0.367341
vn -0.264559 0.941649 -0.208099
vn 0.440617 -0.318855 -0.839159
vn 0.878351 -0.466982 -0.102112
vn 0.974508 -0.109888 -0.195597
vn 0.974508 -0.109888 -0.195597
vn 0.878351 -0.466982 -0.102112
vn 0.968243 0.173298 0.180204
vn 0.878351 -0.466982 -0.102112
vn 0.869677 -0.377877 0.317601
vn 0.968243 0.173298 0.180204
vn 0.531058 -0.846271 -0.042462
vn 0.281171 -0.555291 -0.782684
vn 0.201665 -0.631319 -0.748845
vn 0.201665 -0.631319 -0.748845
vn 0.281171 -0.555291 -0.782684
vn -0.040079 0.151622 -0.987626
vn -0.040079 0.151622 -0.987626
vn 0.281171 -0.555291 -0.782684
vn -0.048676 0.133958 -0.989791
vn -0.048676 0.133958 -0.989791
vn 0.281171 -0.555291 -0.782684
vn 0.440617 -0.318855 -0.839159
vn 0.440617 -0.318855 -0.839159
vn 0.281171 -0.555291 -0.782684
vn 0.878351 -0.466982 -0.102112
vn 0.281171 -0.555291 -0.782684
vn 0.531058 -0.846271 -0.042462
vn 0.878351 -0.466982 -0.102112
vn 0.878351 -0.466982 -0.102112
vn 0.531058 -0.846271 -0.042462
vn 0.869677 -0.377877 0.317601
vn -0.971717 0.160139 0.173558
vn -0.834366 0.366511 0.411707
vn -0.746157 0.363191 0.557981
vn -0.834366 0.366511 0.411707
vn -0.547399 0.504791 0.667488
vn -0.746157 0.363191 0.557981
vn 0.960178 -0.073802 -0.269464
vn 0.989113 -0.145719 0.020524
vn 0.920691 -0.248326 -0.301101
vn -0.971893 -0.063926 -0.226577
vn -0.919203 -0.26336 -0.292758
vn -0.995684 0.082822 0.041886
vn -0.995684 0.082822 0.041886
vn -0.919203 -0.26336 -0.292758
vn -0.98929 -0.145961 -0.001235
vn 0.662899 -0.012256 0.748608
vn 0.893877 0.099789 0.437065
vn 0.752649 -0.074133 0.654235
vn 0.752649 -0.074133 0.654235
vn 0.893877 0.099789 0.437065
vn 0.961704 -0.037804 0.271472
vn 0.893877 0.099789 0.437065
vn 0.989466 0.137541 0.045163
vn 0.961704 -0.037804 0.271472
vn 0.961704 -0.037804 0.271472
vn 0.989466 0.137541 0.045163
vn 0.995173 -0.092395 -0.033068
vn 0.920691 -0.248326 -0.301101
vn 0.989113 -0.145719 0.020524
vn 0.995173 -0.092395 -0.033068
vn 0.995173 -0.092395 -0.033068
vn 0.989113 -0.145719 0.020524
vn 0.961704 -0.037804 0.271472
vn 0.989113 -0.145719 0.020524
vn 0.94345 -0.124516 0.307243
vn 0.961704 -0.037804 0.271472
vn 0.961704 -0.037804 0.271472
vn 0.94345 -0.124516 0.307243
vn 0.752649 -0.074133 0.654235
vn -0.42591 -0.175749 0.887532
vn -0.73415 -0.089668 0.67304
vn -0.632156 0.009219 0.774786
vn -0.632156 0.009219 0.774786
vn -0.73415 -0.089668 0.67304
vn -0.89304 0.101699 0.438334
vn -0.73415 -0.089668 0.67304
vn -0.943151 -0.01314 0.332104
vn -0.89304 0.101699 0.438334
vn -0.89304 0.101699 0.438334
vn -0.943151 -0.01314 0.332104
vn -0.99185 0.123881 0.029781
vn -0.943151 -0.01314 0.332104
vn -0.999674 -0.022458 -0.012139
vn -0.99185 0.123881 0.029781
vn -0.943151 -0.01314 0.332104
vn -0.936224 -0.118273 0.330903
vn -0.999674 -0.022458 -0.012139
vn -0.936224 -0.118273 0.330903
vn -0.98929 -0.145961 -0.001235
vn -0.999674 -0.022458 -0.012139
vn -0.999674 -0.022458 -0.012139
vn -0.98929 -0.145961 -0.001235
vn -0.924218 -0.128255 -0.359683
vn -0.98929 -0.145961 -0.001235
vn -0.919203 -0.26336 -0.292758
vn -0.924218 -0.128255 -0.359683
vn 0.431771 -0.169459 0.885922
vn 0.229303 -0.216919 0.948876
vn 0.21407 -0.184431 0.959249
vn 0.21407 -0.184431 0.959249
vn 0.229303 -0.216919 0.948876
vn 0.032211 -0.183368 0.982517
vn 0.229303 -0.216919 0.948876
vn 0.009526 -0.238937 0.970988
vn 0.032211 -0.183368 0.982517
vn 0.032211 -0.183368 0.982517
vn 0.009526 -0.238937 0.970988
vn -0.179388 -0.185472 0.966137
vn 0.009526 -0.238937 0.970988
vn -0.231741 -0.206951 0.950509
vn -0.179388 -0.185472 0.966137
vn -0.234444 0.405462 -0.883536
vn -0.246283 0.192589 -0.949871
vn -0.158779 0.351096 -0.922779
vn -0.108341 0.405122 -0.90782
vn -0.167469 0.413144 -0.895135
vn -0.158779 0.351096 -0.922779
vn -0.158779 0.351096 -0.922779
vn -0.167469 0.413144 -0.895135
vn -0.234444 0.405462 -0.883536
vn 0.542531 0.497332 0.676994
vn 0.452919 0.374991 0.808855
vn 0.35781 0.510166 0.782114
vn 0.452919 0.374991 0.808855
vn 0.254018 0.316773 0.913854
vn 0.35781 0.510166 0.782114
vn 0.35781 0.510166 0.782114
vn 0.254018 0.316773 0.913854
vn 0.182804 0.478742 0.858713
vn 0.182804 0.478742 0.858713
vn 0.254018 0.316773 0.913854
vn -0.011711 0.303747 0.952681
vn 0.182804 0.478742 0.858713
vn -0.011711 0.303747 0.952681
vn -0.046907 0.48131 0.875294
vn 0.542531 0.497332 0.676994
vn 0.537848 0.369955 0.757531
vn 0.452919 0.374991 0.808855
vn 0.743072 0.365999 0.560258
vn 0.537848 0.369955 0.757531
vn 0.542531 0.497332 0.676994
vn -0.438557 0.357471 0.82455
vn -0.533407 0.382123 0.754625
vn -0.377411 0.503592 0.777146
vn -0.377411 0.503592 0.777146
vn -0.533407 0.382123 0.754625
vn -0.547399 0.504791 0.667488
vn -0.533407 0.382123 0.754625
vn -0.746157 0.363191 0.557981
vn -0.547399 0.504791 0.667488
vn -0.301468 -0.366004 -0.880431
vn 0.032636 0.108228 -0.99359
vn -0.148894 0.209719 -0.966358
vn -0.085693 0.281688 -0.955672
vn -0.250698 0.140584 -0.957803
vn -0.189017 0.323966 -0.926994
vn -0.189017 0.323966 -0.926994
vn -0.250698 0.140584 -0.957803
vn -0.148894 0.209719 -0.966358
vn -0.250698 0.140584 -0.957803
vn -0.621408 -0.106838 -0.776169
vn -0.148894 0.209719 -0.966358
vn -0.148894 0.209719 -0.966358
vn -0.621408 -0.106838 -0.776169
vn -0.301468 -0.366004 -0.880431
vn 0.660459 0.415156 0.625651
vn 0.835218 0.07202 0.545183
vn 0.719706 0.197866 0.665486
vn 0.719706 0.197866 0.665486
vn 0.835218 0.07202 0.545183
vn 0.585528 0.123777 0.801147
vn 0.835218 0.07202 0.545183
vn 0.626048 -0.125064 0.76969
vn 0.585528 0.123777 0.801147
vn 0.906643 0.413693 -0.08281
vn 0.828438 0.314895 0.463175
vn 0.90013 0.422208 0.107265
vn 0.788142 0.123459 0.602984
vn 0.819065 0.241926 0.520197
vn 0.867677 0.217382 0.447082
vn 0.867677 0.217382 0.447082
vn 0.819065 0.241926 0.520197
vn 0.828438 0.314895 0.463175
vn 0.968243 0.173298 0.180204
vn 0.743072 0.365999 0.560258
vn 0.828255 0.349531 0.437974
vn 0.743072 0.365999 0.560258
vn 0.542531 0.497332 0.676994
vn 0.828255 0.349531 0.437974
vn -0.014365 -0.548449 -0.836061
vn -0.004843 -0.801512 -0.597959
vn 0.068449 -0.630117 -0.773478
vn -0.73547 0.307349 0.603839
vn -0.902342 0.225732 0.367184
vn -0.804556 0.365984 0.467701
vn -0.804556 0.365984 0.467701
vn -0.902342 0.225732 0.367184
vn -0.895112 0.338744 0.289873
vn 0.662899 -0.012256 0.748608
vn 0.752649 -0.074133 0.654235
vn 0.402603 -0.108765 0.90889
vn 0.752649 -0.074133 0.654235
vn 0.431771 -0.169459 0.885922
vn 0.402603 -0.108765 0.90889
vn 0.402603 -0.108765 0.90889
vn 0.431771 -0.169459 0.885922
vn 0.21407 -0.184431 0.959249
vn -0.179388 -0.185472 0.966137
vn -0.231741 -0.206951 0.950509
vn -0.356656 -0.094623 0.929432
vn -0.231741 -0.206951 0.950509
vn -0.42591 -0.175749 0.887532
vn -0.356656 -0.094623 0.929432
vn -0.356656 -0.094623 0.929432
vn -0.42591 -0.175749 0.887532
vn -0.632156 0.009219 0.774786
vn 0.467073 0.870805 0.153433
vn 0.252755 0.961856 -0.104633
vn -0.108948 0.992465 0.05607
vn -0.659653 0.199895 0.7245
vn -0.656334 0.105214 0.747098
vn -0.434354 0.201075 0.878012
vn -0.656334 0.105214 0.747098
vn -0.536253 0.343808 0.770863
vn -0.434354 0.201075 0.878012
vn -0.536253 0.343808 0.770863
vn -0.325933 0.419373 0.847286
vn -0.434354 0.201075 0.878012
vn -0.325933 0.419373 0.847286
vn -0.337325 0.211829 0.917246
vn -0.434354 0.201075 0.878012
vn -0.337325 0.211829 0.917246
vn -0.272577 0.198925 0.941345
vn -0.434354 0.201075 0.878012
vn -0.272577 0.198925 0.941345
vn -0.238669 0.249221 0.938576
vn -0.434354 0.201075 0.878012
vn -0.238669 0.249221 0.938576
vn -0.201576 0.216751 0.955189
vn -0.434354 0.201075 0.878012
vn -0.201576 0.216751 0.955189
vn -0.284082 0.192936 0.939188
vn -0.434354 0.201075 0.878012
vn -0.284082 0.192936 0.939188
vn -0.353739 0.162692 0.921087
vn -0.434354 0.201075 0.878012
vn -0.353739 0.162692 0.921087
vn -0.481072 0.118272 0.868667
vn -0.434354 0.201075 0.878012
vn -0.481072 0.118272 0.868667
vn -0.623291 0.157678 0.765928
vn -0.434354 0.201075 0.878012
vn -0.434354 0.201075 0.878012
vn -0.623291 0.157678 0.765928
vn -0.659653 0.199895 0.7245
vn -0.884178 -0.157636 0.439749
vn -0.633848 0.13885 0.760893
vn -0.90993 0.072887 0.408307
vn -0.78489 -0.421168 0.454495
vn -0.884178 -0.157636 0.439749
vn -0.886968 -0.449714 0.105099
vn -0.886968 -0.449714 0.105099
vn -0.884178 -0.157636 0.439749
vn -0.974706 -0.22128 0.03136
vn -0.884178 -0.157636 0.439749
vn -0.90993 0.072887 0.408307
vn -0.974706 -0.22128 0.03136
vn -0.974706 -0.22128 0.03136
vn -0.90993 0.072887 0.408307
vn -0.999994 -0.000566 -0.00341
vn -0.90993 0.072887 0.408307
vn -0.881721 0.306484 0.358659
vn -0.999994 -0.000566 -0.00341
vn -0.999994 -0.000566 -0.00341
vn -0.881721 0.306484 0.358659
vn -0.973955 0.222611 -0.043078
vn -0.973955 0.222611 -0.043078
vn -0.881721 0.306484 0.358659
vn -0.796942 0.532104 0.285918
vn -0.881721 0.306484 0.358659
vn -0.561014 0.594387 0.576166
vn -0.796942 0.532104 0.285918
vn -0.796942 0.532104 0.285918
vn -0.561014 0.594387 0.576166
vn -0.470998 0.785436 0.401561
vn -0.470998 0.785436 0.401561
vn -0.561014 0.594387 0.576166
vn -0.192138 0.833143 0.518609
vn -0.561014 0.594387 0.576166
vn -0.213412 0.629663 0.74698
vn -0.192138 0.833143 0.518609
vn -0.192138 0.833143 0.518609
vn -0.213412 0.629663 0.74698
vn 0.123442 0.813869 0.567784
vn -0.90993 0.072887 0.408307
vn -0.619969 0.372128 0.690767
vn -0.881721 0.306484 0.358659
vn -0.881721 0.306484 0.358659
vn -0.619969 0.372128 0.690767
vn -0.561014 0.594387 0.576166
vn -0.619969 0.372128 0.690767
vn -0.213412 0.629663 0.74698
vn -0.561014 0.594387 0.576166
vn -0.90993 0.072887 0.408307
vn -0.633848 0.13885 0.760893
vn -0.619969 0.372128 0.690767
vn -0.633848 0.13885 0.760893
vn -0.219912 0.399972 0.889754
vn -0.619969 0.372128 0.690767
vn -0.619969 0.372128 0.690767
vn -0.219912 0.399972 0.889754
vn -0.213412 0.629663 0.74698
vn -0.219912 0.399972 0.889754
vn 0.205787 0.620806 0.756473
vn -0.213412 0.629663 0.74698
vn -0.213412 0.629663 0.74698
vn 0.205787 0.620806 0.756473
vn 0.123442 0.813869 0.567784
vn 0.205787 0.620806 0.756473
vn 0.416756 0.753344 0.508712
vn 0.123442 0.813869 0.567784
vn 0.416756 0.753344 0.508712
vn 0.03836 0.920352 0.389206
vn 0.123442 0.813869 0.567784
vn 0.123442 0.813869 0.567784
vn 0.03836 0.920352 0.389206
vn -0.192138 0.833143 0.518609
vn 0.03836 0.920352 0.389206
vn -0.292953 0.907415 0.301291
vn -0.192138 0.833143 0.518609
vn -0.192138 0.833143 0.518609
vn -0.292953 0.907415 0.301291
vn -0.470998 0.785436 0.401561
vn 0.606784 0.382644 0.696704
vn 0.702932 0.528248 0.476278
vn 0.532975 0.573407 0.622207
vn 0.702932 0.528248 0.476278
vn 0.416756 0.753344 0.508712
vn 0.532975 0.573407 0.622207
vn 0.416756 0.753344 0.508712
vn 0.205787 0.620806 0.756473
vn 0.532975 0.573407 0.622207
vn 0.532975 0.573407 0.622207
vn 0.205787 0.620806 0.756473
vn 0.221697 0.410259 0.884612
vn 0.205787 0.620806 0.756473
vn -0.219912 0.399972 0.889754
vn 0.221697 0.410259 0.884612
vn 0.221697 0.410259 0.884612
vn -0.219912 0.399972 0.889754
vn -0.224593 0.171979 0.959157
vn -0.219912 0.399972 0.889754
vn -0.633848 0.13885 0.760893
vn -0.224593 0.171979 0.959157
vn -0.224593 0.171979 0.959157
vn -0.633848 0.13885 0.760893
vn -0.603077 -0.114584 0.78941
vn -0.633848 0.13885 0.760893
vn -0.884178 -0.157636 0.439749
vn -0.603077 -0.114584 0.78941
vn -0.603077 -0.114584 0.78941
vn -0.884178 -0.157636 0.439749
vn -0.78489 -0.421168 0.454495
vn -0.224593 0.171979 0.959157
vn 0.229804 0.167093 0.958786
vn 0.221697 0.410259 0.884612
vn 0.229804 0.167093 0.958786
vn 0.606784 0.382644 0.696704
vn 0.221697 0.410259 0.884612
vn 0.221697 0.410259 0.884612
vn 0.606784 0.382644 0.696704
vn 0.532975 0.573407 0.622207
vn 0.229804 0.167093 0.958786
vn 0.638519 0.127559 0.758961
vn 0.606784 0.382644 0.696704
vn 0.616822 -0.108029 0.779654
vn 0.638519 0.127559 0.758961
vn 0.222223 -0.071617 0.972362
vn 0.638519 0.127559 0.758961
vn 0.229804 0.167093 0.958786
vn 0.222223 -0.071617 0.972362
vn 0.222223 -0.071617 0.972362
vn 0.229804 0.167093 0.958786
vn -0.220722 -0.076446 0.972336
vn 0.229804 0.167093 0.958786
vn -0.224593 0.171979 0.959157
vn -0.220722 -0.076446 0.972336
vn -0.220722 -0.076446 0.972336
vn -0.224593 0.171979 0.959157
vn -0.603077 -0.114584 0.78941
vn 0.547957 -0.361733 0.75425
vn 0.616822 -0.108029 0.779654
vn 0.209197 -0.348426 0.913693
vn 0.616822 -0.108029 0.779654
vn 0.222223 -0.071617 0.972362
vn 0.209197 -0.348426 0.913693
vn 0.209197 -0.348426 0.913693
vn 0.222223 -0.071617 0.972362
vn -0.190654 -0.331822 0.923875
vn 0.222223 -0.071617 0.972362
vn -0.220722 -0.076446 0.972336
vn -0.190654 -0.331822 0.923875
vn -0.190654 -0.331822 0.923875
vn -0.220722 -0.076446 0.972336
vn -0.555041 -0.351571 0.753875
vn -0.220722 -0.076446 0.972336
vn -0.603077 -0.114584 0.78941
vn -0.555041 -0.351571 0.753875
vn -0.555041 -0.351571 0.753875
vn -0.603077 -0.114584 0.78941
vn -0.78489 -0.421168 0.454495
vn -0.974706 -0.22128 0.03136
vn -0.877208 -0.46251 -0.128805
vn -0.886968 -0.449714 0.105099
vn -0.877208 -0.46251 -0.128805
vn -0.746535 -0.646452 0.15743
vn -0.886968 -0.449714 0.105099
vn -0.886968 -0.449714 0.105099
vn -0.746535 -0.646452 0.15743
vn -0.78489 -0.421168 0.454495
vn -0.746535 -0.646452 0.15743
vn -0.654369 -0.620903 0.431602
vn -0.78489 -0.421168 0.454495
vn -0.78489 -0.421168 0.454495
vn -0.654369 -0.620903 0.431602
vn -0.555041 -0.351571 0.753875
vn -0.654369 -0.620903 0.431602
vn -0.397058 -0.6227 0.674233
vn -0.555041 -0.351571 0.753875
vn -0.555041 -0.351571 0.753875
vn -0.397058 -0.6227 0.674233
vn -0.190654 -0.331822 0.923875
vn -0.397058 -0.6227 0.674233
vn -0.095189 -0.59162 0.800578
vn -0.190654 -0.331822 0.923875
vn -0.190654 -0.331822 0.923875
vn -0.095189 -0.59162 0.800578
vn 0.209197 -0.348426 0.913693
vn -0.095189 -0.59162 0.800578
vn 0.127208 -0.595172 0.793466
vn 0.209197 -0.348426 0.913693
vn 0.127208 -0.595172 0.793466
vn -0.095189 -0.59162 0.800578
vn -0.158882 -0.725971 0.66912
vn -0.095189 -0.59162 0.800578
vn -0.397058 -0.6227 0.674233
vn -0.158882 -0.725971 0.66912
vn -0.158882 -0.725971 0.66912
vn -0.397058 -0.6227 0.674233
vn -0.474182 -0.772992 0.421467
vn -0.397058 -0.6227 0.674233
vn -0.654369 -0.620903 0.431602
vn -0.474182 -0.772992 0.421467
vn 0.209197 -0.348426 0.913693
vn 0.127208 -0.595172 0.793466
vn 0.547957 -0.361733 0.75425
vn 0.127208 -0.595172 0.793466
vn 0.392494 -0.545596 0.740455
vn 0.547957 -0.361733 0.75425
vn 0.392494 -0.545596 0.740455
vn 0.686806 -0.363057 0.629672
vn 0.547957 -0.361733 0.75425
vn 0.686806 -0.363057 0.629672
vn 0.751117 -0.168438 0.638319
vn 0.547957 -0.361733 0.75425
vn 0.547957 -0.361733 0.75425
vn 0.751117 -0.168438 0.638319
vn 0.616822 -0.108029 0.779654
vn 0.751117 -0.168438 0.638319
vn 0.794974 0.066237 0.603017
vn 0.616822 -0.108029 0.779654
vn 0.616822 -0.108029 0.779654
vn 0.794974 0.066237 0.603017
vn 0.638519 0.127559 0.758961
vn 0.794974 0.066237 0.603017
vn 0.778495 0.294293 0.554379
vn 0.638519 0.127559 0.758961
vn 0.638519 0.127559 0.758961
vn 0.778495 0.294293 0.554379
vn 0.606784 0.382644 0.696704
vn 0.778495 0.294293 0.554379
vn 0.702932 0.528248 0.476278
vn 0.606784 0.382644 0.696704
vn -0.292953 0.907415 0.301291
vn -0.617796 0.769167 0.163435
vn -0.470998 0.785436 0.401561
vn -0.470998 0.785436 0.401561
vn -0.617796 0.769167 0.163435
vn -0.796942 0.532104 0.285918
vn -0.617796 0.769167 0.163435
vn -0.877859 0.470225 -0.090844
vn -0.796942 0.532104 0.285918
vn -0.796942 0.532104 0.285918
vn -0.877859 0.470225 -0.090844
vn -0.973955 0.222611 -0.043078
vn -0.877859 0.470225 -0.090844
vn -0.944752 0.223241 -0.240013
vn -0.973955 0.222611 -0.043078
vn -0.944752 0.223241 -0.240013
vn -0.976635 -0.002814 -0.214887
vn -0.973955 0.222611 -0.043078
vn -0.973955 0.222611 -0.043078
vn -0.976635 -0.002814 -0.214887
vn -0.999994 -0.000566 -0.00341
vn -0.976635 -0.002814 -0.214887
vn -0.961922 -0.216831 -0.166403
vn -0.999994 -0.000566 -0.00341
vn -0.999994 -0.000566 -0.00341
vn -0.961922 -0.216831 -0.166403
vn -0.974706 -0.22128 0.03136
vn -0.961922 -0.216831 -0.166403
vn -0.877208 -0.46251 -0.128805
vn -0.974706 -0.22128 0.03136
vn -0.617796 0.769167 0.163435
vn -0.730156 0.675943 -0.09986
vn -0.877859 0.470225 -0.090844
vn -0.730156 0.675943 -0.09986
vn -0.856482 0.437343 -0.274172
vn -0.877859 0.470225 -0.090844
vn -0.877859 0.470225 -0.090844
vn -0.856482 0.437343 -0.274172
vn -0.944752 0.223241 -0.240013
vn 0.663572 0.494258 -0.561589
vn 0.725843 0.685517 0.056728
vn 0.396518 0.682804 -0.613639
vn -0.893422 0.438833 0.096036
vn -0.697591 0.685193 0.209468
vn -0.755891 0.383147 0.530874
vn -0.755891 0.383147 0.530874
vn -0.697591 0.685193 0.209468
vn -0.513262 0.633897 0.578565
vn -0.545381 0.336245 -0.767788
vn -0.608831 0.501091 -0.615006
vn -0.887676 0.427299 -0.1716
vn -0.887676 0.427299 -0.1716
vn -0.608831 0.501091 -0.615006
vn -0.893422 0.438833 0.096036
vn -0.824583 0.231651 0.51614
vn -0.902342 0.225732 0.367184
vn -0.73547 0.307349 0.603839
vn -0.051146 -0.242305 0.968851
vn -0.162538 0.165685 0.972692
vn 0.677874 -0.239116 0.695205
vn 0.677874 -0.239116 0.695205
vn -0.162538 0.165685 0.972692
vn 0.730154 0.11233 0.673985
vn -0.53018 0.088042 0.843302
vn -0.607696 0.546304 0.576419
vn -0.603187 0.655241 0.45478
vn -0.225526 -0.371665 0.900557
vn -0.297148 -0.234141 0.925679
vn -0.525627 0.264238 0.808637
vn -0.297148 -0.234141 0.925679
vn -0.531438 0.204639 0.822008
vn -0.525627 0.264238 0.808637
vn -0.525627 0.264238 0.808637
vn -0.531438 0.204639 0.822008
vn -0.53018 0.088042 0.843302
vn -0.531438 0.204639 0.822008
vn -0.547839 0.219306 0.807327
vn -0.53018 0.088042 0.843302
vn -0.53018 0.088042 0.843302
vn -0.547839 0.219306 0.807327
vn -0.607696 0.546304 0.576419
vn -0.607696 0.546304 0.576419
vn -0.547839 0.219306 0.807327
vn -0.577603 0.696642 0.425517
vn -0.547839 0.219306 0.807327
vn -0.230337 0.007659 0.973081
vn -0.577603 0.696642 0.425517
vn -0.568135 0.242019 0.786542
vn -0.43228 0.015339 0.901609
vn -0.145091 0.219534 0.964756
vn -0.161079 -0.171172 0.971984
vn 0.458926 -0.127861 0.879226
vn -0.145091 0.219534 0.964756
vn -0.230337 0.007659 0.973081
vn -0.547839 0.219306 0.807327
vn -0.162538 0.165685 0.972692
vn -0.547839 0.219306 0.807327
vn -0.531438 0.204639 0.822008
vn -0.162538 0.165685 0.972692
vn -0.162538 0.165685 0.972692
vn -0.531438 0.204639 0.822008
vn -0.390058 -0.079985 0.91731
vn -0.531438 0.204639 0.822008
vn -0.297148 -0.234141 0.925679
vn -0.390058 -0.079985 0.91731
vn 0.324213 0.205212 0.923458
vn -0.162538 0.165685 0.972692
vn 0.335678 -0.089033 0.93776
vn 0.335678 -0.089033 0.93776
vn -0.162538 0.165685 0.972692
vn -0.163971 -0.46181 0.871691
vn 0.324213 0.205212 0.923458
vn 0.335678 -0.089033 0.93776
vn 0.865993 0.103353 0.489259
vn 0.865993 0.103353 0.489259
vn 0.335678 -0.089033 0.93776
vn 0.553678 -0.634531 0.53927
vn -0.105404 0.843274 -0.527047
vn -0.260323 0.841163 -0.474001
vn -0.260323 0.841163 -0.474001
vn -0.260323 0.841163 -0.474001
vn -0.260323 0.841163 -0.474001
vn -0.40826 0.816493 -0.408243
vn 0.458926 -0.127861 0.879226
vn 0.288267 -0.503369 0.814569
vn 0.535304 -0.570794 0.622611
vn 0.535304 -0.570794 0.622611
vn -0.161079 -0.171172 0.971984
vn 0.677874 -0.239116 0.695205
vn -0.145091 0.219534 0.964756
vn 0.458926 -0.127861 0.879226
vn 0.764798 0.197795 0.613157
vn 0.764798 0.197795 0.613157
vn 0.458926 -0.127861 0.879226
vn 0.535304 -0.570794 0.622611
vn 0.335678 -0.089033 0.93776
vn -0.163971 -0.46181 0.871691
vn 0.553678 -0.634531 0.53927
vn 0.553678 -0.634531 0.53927
vn 0.109973 -0.746157 0.656625
vn 0.269033 -0.856233 0.441006
vn 0.109973 -0.746157 0.656625
vn 0.244169 -0.845364 0.475122
vn 0.269033 -0.856233 0.441006
vn 0.269033 -0.856233 0.441006
vn -0.192529 -0.404946 0.893841
vn 0.209671 -0.819167 0.533857
vn -0.192529 -0.404946 0.893841
vn -0.225526 -0.371665 0.900557
vn 0.209671 -0.819167 0.533857
vn 0.209671 -0.819167 0.533857
vn -0.225526 -0.371665 0.900557
vn 0.177295 -0.797834 0.576218
vn -0.918729 0.374678 -0.124713
vn -0.514065 0.832129 0.208083
vn -0.485037 0.624772 -0.611881
vn -0.485037 0.624772 -0.611881
vn -0.140339 0.872795 -0.467477
vn -0.126345 0.872103 -0.47273
vn -0.140339 0.872795 -0.467477
vn -0.155061 0.884019 -0.440984
vn -0.126345 0.872103 -0.47273
vn -0.126345 0.872103 -0.47273
vn -0.43967 0.895591 0.067879
vn -0.145241 0.886431 -0.439484
vn -0.43967 0.895591 0.067879
vn -0.121015 0.884251 -0.45106
vn -0.145241 0.886431 -0.439484
vn -0.145241 0.886431 -0.439484
vn -0.121015 0.884251 -0.45106
vn -0.056677 0.869162 -0.491268
vn 0.181019 0.245917 0.952238
vn 0.071138 0.290137 0.954337
vn 0.007988 0.156046 0.987717
vn 0.071138 0.290137 0.954337
vn -0.065505 0.284768 0.956356
vn 0.007988 0.156046 0.987717
vn -0.065505 0.284768 0.956356
vn -0.16142 0.237679 0.957837
vn 0.007988 0.156046 0.987717
vn -0.16142 0.237679 0.957837
vn -0.19356 0.160924 0.967801
vn 0.007988 0.156046 0.987717
vn -0.19356 0.160924 0.967801
vn -0.152903 0.070761 0.985705
vn 0.007988 0.156046 0.987717
vn -0.152903 0.070761 0.985705
vn -0.055285 0.013821 0.998375
vn 0.007988 0.156046 0.987717
vn -0.055285 0.013821 0.998375
vn 0.060631 0.009095 0.998119
vn 0.007988 0.156046 0.987717
vn 0.060631 0.009095 0.998119
vn 0.172723 0.062018 0.983016
vn 0.007988 0.156046 0.987717
vn 0.172723 0.062018 0.983016
vn 0.221969 0.159819 0.961867
vn 0.007988 0.156046 0.987717
vn 0.007988 0.156046 0.987717
vn 0.221969 0.159819 0.961867
vn 0.181019 0.245917 0.952238
vn 0.059198 0.01184 0.998176
vn 0.160004 0.059594 0.985316
vn -0.00048 0.144034 0.989573
vn 0.160004 0.059594 0.985316
vn 0.202119 0.113488 0.972763
vn -0.00048 0.144034 0.989573
vn 0.202119 0.113488 0.972763
vn 0.131686 0.208731 0.969067
vn -0.00048 0.144034 0.989573
vn 0.131686 0.208731 0.969067
vn 0.029555 0.292501 0.955808
vn -0.00048 0.144034 0.989573
vn 0.029555 0.292501 0.955808
vn -0.012396 0.299327 0.95407
vn -0.00048 0.144034 0.989573
vn -0.012396 0.299327 0.95407
vn -0.124803 0.218599 0.967801
vn -0.00048 0.144034 0.989573
vn -0.124803 0.218599 0.967801
vn -0.22295 0.130049 0.966116
vn -0.00048 0.144034 0.989573
vn -0.22295 0.130049 0.966116
vn -0.169775 0.073734 0.982721
vn -0.00048 0.144034 0.989573
vn -0.169775 0.073734 0.982721
vn -0.057836 0.011567 0.998259
vn -0.00048 0.144034 0.989573
vn -0.00048 0.144034 0.989573
vn -0.057836 0.011567 0.998259
vn 0.059198 0.01184 0.998176
vn -0.730153 0.112331 0.673986
vn 0.164117 0.171146 0.971481
vn -0.677874 -0.239116 0.695205
vn -0.677874 -0.239116 0.695205
vn 0.164117 0.171146 0.971481
vn 0.051295 -0.241813 0.968966
vn 0.581836 0.336972 0.740214
vn 0.585171 0.328026 0.741602
vn 0.528964 0.100876 0.842628
vn -0.458923 -0.127861 0.879228
vn 0.164221 -0.170301 0.971612
vn 0.151255 0.221806 0.963288
vn 0.151255 0.221806 0.963288
vn 0.436024 0.016794 0.899778
vn 0.582317 0.253947 0.772281
vn 0.233806 0.009015 0.972241
vn 0.554948 0.23301 0.798586
vn 0.582317 0.253947 0.772281
vn 0.582317 0.253947 0.772281
vn 0.554948 0.23301 0.798586
vn 0.585171 0.328026 0.741602
vn 0.585171 0.328026 0.741602
vn 0.554948 0.23301 0.798586
vn 0.528964 0.100876 0.842628
vn 0.554948 0.23301 0.798586
vn 0.535949 0.204317 0.819154
vn 0.528964 0.100876 0.842628
vn 0.528964 0.100876 0.842628
vn 0.535949 0.204317 0.819154
vn 0.52004 0.2559 0.814907
vn 0.535949 0.204317 0.819154
vn 0.227671 -0.356011 0.906324
vn 0.52004 0.2559 0.814907
vn 0.52004 0.2559 0.814907
vn 0.227671 -0.356011 0.906324
vn 0.221752 -0.34808 0.91086
vn 0.535949 0.204317 0.819154
vn 0.554948 0.23301 0.798586
vn 0.164117 0.171146 0.971481
vn 0.164117 0.171146 0.971481
vn 0.554948 0.23301 0.798586
vn 0.233806 0.009015 0.972241
vn -0.324213 0.205212 0.923457
vn -0.327061 -0.095171 0.940199
vn 0.164117 0.171146 0.971481
vn -0.327061 -0.095171 0.940199
vn 0.216322 -0.399936 0.890649
vn 0.164117 0.171146 0.971481
vn 0.164117 0.171146 0.971481
vn 0.216322 -0.399936 0.890649
vn 0.535949 0.204317 0.819154
vn 0.216322 -0.399936 0.890649
vn 0.227671 -0.356011 0.906324
vn 0.535949 0.204317 0.819154
vn -0.502116 -0.613587 0.609418
vn -0.327061 -0.095171 0.940199
vn -0.865993 0.103353 0.489259
vn -0.865993 0.103353 0.489259
vn -0.327061 -0.095171 0.940199
vn -0.324213 0.205212 0.923457
vn 0.408258 0.816494 -0.408243
vn 0.260323 0.841163 -0.474001
vn 0.260323 0.841163 -0.474001
vn 0.260323 0.841163 -0.474001
vn 0.260323 0.841163 -0.474001
vn 0.105406 0.843274 -0.527047
vn -0.677874 -0.239116 0.695205
vn 0.164221 -0.170301 0.971612
vn -0.535302 -0.570794 0.622613
vn -0.535302 -0.570794 0.622613
vn -0.288266 -0.503369 0.814569
vn -0.458923 -0.127861 0.879228
vn -0.535302 -0.570794 0.622613
vn -0.458923 -0.127861 0.879228
vn -0.764795 0.197796 0.61316
vn -0.764795 0.197796 0.61316
vn -0.458923 -0.127861 0.879228
vn 0.151255 0.221806 0.963288
vn 0.480447 0.379861 -0.790491
vn 0.062544 0.816173 -0.574413
vn 0.366729 0.366646 -0.855033
vn 0.366729 0.366646 -0.855033
vn 0.062544 0.816173 -0.574413
vn 0.023661 0.788279 -0.614863
vn 0.023661 0.788279 -0.614863
vn 0.062544 0.816173 -0.574413
vn 0.075331 0.836179 -0.543258
vn 0.062544 0.816173 -0.574413
vn 0.103547 0.844338 -0.52571
vn 0.075331 0.836179 -0.543258
vn 0.103547 0.844338 -0.52571
vn 0.085434 0.854358 -0.512614
vn 0.075331 0.836179 -0.543258
vn 0.075331 0.836179 -0.543258
vn 0.085434 0.854358 -0.512614
vn 0.085434 0.854356 -0.512618
vn -0.18207 -0.7945 0.579328
vn 0.221752 -0.34808 0.91086
vn -0.176444 -0.794859 0.580574
vn 0.221752 -0.34808 0.91086
vn 0.227671 -0.356011 0.906324
vn -0.176444 -0.794859 0.580574
vn -0.176444 -0.794859 0.580574
vn 0.227671 -0.356011 0.906324
vn -0.171303 -0.796084 0.580436
vn 0.227671 -0.356011 0.906324
vn 0.216322 -0.399936 0.890649
vn -0.171303 -0.796084 0.580436
vn -0.171303 -0.796084 0.580436
vn 0.216322 -0.399936 0.890649
vn -0.502116 -0.613587 0.609418
vn 0.216322 -0.399936 0.890649
vn -0.327061 -0.095171 0.940199
vn -0.502116 -0.613587 0.609418
vn -0.901556 -0.413637 -0.12689
vn -0.997385 0.070444 -0.016149
vn -0.927933 0.264899 -0.262237
vn -0.909307 0.143809 0.390486
vn -0.997385 0.070444 -0.016149
vn -0.938191 -0.339935 0.065128
vn -0.997385 0.070444 -0.016149
vn -0.901556 -0.413637 -0.12689
vn -0.938191 -0.339935 0.065128
vn -0.938191 -0.339935 0.065128
vn -0.901556 -0.413637 -0.12689
vn -0.955864 -0.25433 -0.147107
vn -0.883505 -0.449265 -0.132585
vn -0.968217 -0.247442 0.036457
vn -0.955864 -0.25433 -0.147107
vn -0.955864 -0.25433 -0.147107
vn -0.968217 -0.247442 0.036457
vn -0.938191 -0.339935 0.065128
vn -0.968217 -0.247442 0.036457
vn -0.870349 -0.244983 0.427172
vn -0.938191 -0.339935 0.065128
vn -0.938191 -0.339935 0.065128
vn -0.870349 -0.244983 0.427172
vn -0.909307 0.143809 0.390486
vn -0.870349 -0.244983 0.427172
vn -0.645918 0.119685 0.753967
vn -0.909307 0.143809 0.390486
vn -0.645918 0.119685 0.753967
vn -0.587474 0.644082 0.48993
vn -0.909307 0.143809 0.390486
vn -0.587474 0.644082 0.48993
vn -0.708881 0.693108 0.13072
vn -0.909307 0.143809 0.390486
vn -0.909307 0.143809 0.390486
vn -0.708881 0.693108 0.13072
vn -0.997385 0.070444 -0.016149
vn -0.708881 0.693108 0.13072
vn -0.784794 0.598819 -0.159732
vn -0.997385 0.070444 -0.016149
vn -0.997385 0.070444 -0.016149
vn -0.784794 0.598819 -0.159732
vn -0.927933 0.264899 -0.262237
vn -0.784794 0.598819 -0.159732
vn -0.75346 0.595334 -0.279062
vn -0.927933 0.264899 -0.262237
vn -0.645918 0.119685 0.753967
vn -0.268637 0.594704 0.757735
vn -0.587474 0.644082 0.48993
vn -0.728688 -0.68222 -0.059909
vn -0.882519 -0.463989 0.076644
vn -0.883505 -0.449265 -0.132585
vn -0.883505 -0.449265 -0.132585
vn -0.882519 -0.463989 0.076644
vn -0.968217 -0.247442 0.036457
vn -0.882519 -0.463989 0.076644
vn -0.880308 -0.183475 0.437486
vn -0.968217 -0.247442 0.036457
vn -0.968217 -0.247442 0.036457
vn -0.880308 -0.183475 0.437486
vn -0.870349 -0.244983 0.427172
vn -0.880308 -0.183475 0.437486
vn -0.609057 -0.211864 0.764306
vn -0.870349 -0.244983 0.427172
vn -0.870349 -0.244983 0.427172
vn -0.609057 -0.211864 0.764306
vn -0.645918 0.119685 0.753967
vn -0.609057 -0.211864 0.764306
vn -0.226094 0.10678 0.968235
vn -0.645918 0.119685 0.753967
vn -0.645918 0.119685 0.753967
vn -0.226094 0.10678 0.968235
vn -0.268637 0.594704 0.757735
vn -0.268637 0.594704 0.757735
vn -0.226094 0.10678 0.968235
vn 0.138675 0.580932 0.802051
vn -0.226094 0.10678 0.968235
vn 0.231954 0.125363 0.964615
vn 0.138675 0.580932 0.802051
vn 0.902349 0.170437 0.395875
vn 0.625877 0.222283 0.747575
vn 0.597151 -0.213238 0.773266
vn 0.597151 -0.213238 0.773266
vn 0.625877 0.222283 0.747575
vn 0.209642 -0.176952 0.961633
vn 0.625877 0.222283 0.747575
vn 0.231954 0.125363 0.964615
vn 0.209642 -0.176952 0.961633
vn 0.209642 -0.176952 0.961633
vn 0.231954 0.125363 0.964615
vn -0.218593 -0.194385 0.956259
vn 0.231954 0.125363 0.964615
vn -0.226094 0.10678 0.968235
vn -0.218593 -0.194385 0.956259
vn -0.226094 0.10678 0.968235
vn -0.609057 -0.211864 0.764306
vn -0.218593 -0.194385 0.956259
vn -0.218593 -0.194385 0.956259
vn -0.609057 -0.211864 0.764306
vn -0.617608 -0.133657 0.775046
vn -0.609057 -0.211864 0.764306
vn -0.880308 -0.183475 0.437486
vn -0.617608 -0.133657 0.775046
vn -0.617608 -0.133657 0.775046
vn -0.880308 -0.183475 0.437486
vn -0.793096 -0.409392 0.450995
vn -0.880308 -0.183475 0.437486
vn -0.882519 -0.463989 0.076644
vn -0.793096 -0.409392 0.450995
vn -0.160894 -0.612734 0.773738
vn 0.216985 -0.352977 0.910124
vn -0.206486 -0.34814 0.914419
vn -0.206486 -0.34814 0.914419
vn 0.216985 -0.352977 0.910124
vn 0.224659 -0.088888 0.970375
vn 0.216985 -0.352977 0.910124
vn 0.62566 -0.139175 0.767581
vn 0.224659 -0.088888 0.970375
vn 0.62566 -0.139175 0.767581
vn 0.597151 -0.213238 0.773266
vn 0.224659 -0.088888 0.970375
vn 0.597151 -0.213238 0.773266
vn 0.209642 -0.176952 0.961633
vn 0.224659 -0.088888 0.970375
vn 0.224659 -0.088888 0.970375
vn 0.209642 -0.176952 0.961633
vn -0.225655 -0.084082 0.970572
vn 0.209642 -0.176952 0.961633
vn -0.218593 -0.194385 0.956259
vn -0.225655 -0.084082 0.970572
vn -0.218593 -0.194385 0.956259
vn -0.617608 -0.133657 0.775046
vn -0.225655 -0.084082 0.970572
vn -0.225655 -0.084082 0.970572
vn -0.617608 -0.133657 0.775046
vn -0.563012 -0.372119 0.737933
vn -0.617608 -0.133657 0.775046
vn -0.793096 -0.409392 0.450995
vn -0.563012 -0.372119 0.737933
vn -0.563012 -0.372119 0.737933
vn -0.793096 -0.409392 0.450995
vn -0.625125 -0.651604 0.429687
vn -0.793096 -0.409392 0.450995
vn -0.703421 -0.699346 0.126936
vn -0.625125 -0.651604 0.429687
vn -0.703421 -0.699346 0.126936
vn -0.4337 -0.883708 0.175968
vn -0.625125 -0.651604 0.429687
vn -0.4337 -0.883708 0.175968
vn -0.375838 -0.846033 0.378119
vn -0.625125 -0.651604 0.429687
vn -0.375838 -0.846033 0.378119
vn -0.436164 -0.623062 0.649273
vn -0.625125 -0.651604 0.429687
vn -0.625125 -0.651604 0.429687
vn -0.436164 -0.623062 0.649273
vn -0.563012 -0.372119 0.737933
vn -0.436164 -0.623062 0.649273
vn -0.206486 -0.34814 0.914419
vn -0.563012 -0.372119 0.737933
vn -0.563012 -0.372119 0.737933
vn -0.206486 -0.34814 0.914419
vn -0.225655 -0.084082 0.970572
vn -0.206486 -0.34814 0.914419
vn 0.224659 -0.088888 0.970375
vn -0.225655 -0.084082 0.970572
vn -0.793096 -0.409392 0.450995
vn -0.882519 -0.463989 0.076644
vn -0.703421 -0.699346 0.126936
vn -0.882519 -0.463989 0.076644
vn -0.728688 -0.68222 -0.059909
vn -0.703421 -0.699346 0.126936
vn -0.728688 -0.68222 -0.059909
vn -0.453097 -0.891323 0.015713
vn -0.703421 -0.699346 0.126936
vn -0.703421 -0.699346 0.126936
vn -0.453097 -0.891323 0.015713
vn -0.4337 -0.883708 0.175968
vn -0.453097 -0.891323 0.015713
vn 0.003448 -0.963646 0.267162
vn -0.4337 -0.883708 0.175968
vn -0.4337 -0.883708 0.175968
vn 0.003448 -0.963646 0.267162
vn -0.375838 -0.846033 0.378119
vn 0.003448 -0.963646 0.267162
vn -0.259733 -0.828258 0.496514
vn -0.375838 -0.846033 0.378119
vn -0.375838 -0.846033 0.378119
vn -0.259733 -0.828258 0.496514
vn -0.436164 -0.623062 0.649273
vn -0.259733 -0.828258 0.496514
vn -0.160894 -0.612734 0.773738
vn -0.436164 -0.623062 0.649273
vn -0.436164 -0.623062 0.649273
vn -0.160894 -0.612734 0.773738
vn -0.206486 -0.34814 0.914419
vn 0.565221 -0.374719 0.734922
vn 0.1819 -0.618075 0.764785
vn 0.445439 -0.620605 0.645316
vn 0.1819 -0.618075 0.764785
vn 0.121636 -0.821286 0.557399
vn 0.445439 -0.620605 0.645316
vn 0.445439 -0.620605 0.645316
vn 0.121636 -0.821286 0.557399
vn 0.291385 -0.836204 0.464604
vn 0.291385 -0.836204 0.464604
vn 0.121636 -0.821286 0.557399
vn 0.003448 -0.963646 0.267162
vn 0.121636 -0.821286 0.557399
vn -0.068806 -0.823476 0.563163
vn 0.003448 -0.963646 0.267162
vn 0.003448 -0.963646 0.267162
vn -0.068806 -0.823476 0.563163
vn -0.259733 -0.828258 0.496514
vn -0.259733 -0.828258 0.496514
vn -0.068806 -0.823476 0.563163
vn -0.160894 -0.612734 0.773738
vn -0.068806 -0.823476 0.563163
vn 0.1819 -0.618075 0.764785
vn -0.160894 -0.612734 0.773738
vn -0.160894 -0.612734 0.773738
vn 0.1819 -0.618075 0.764785
vn 0.216985 -0.352977 0.910124
vn 0.1819 -0.618075 0.764785
vn 0.565221 -0.374719 0.734922
vn 0.216985 -0.352977 0.910124
vn 0.216985 -0.352977 0.910124
vn 0.565221 -0.374719 0.734922
vn 0.62566 -0.139175 0.767581
vn -0.068806 -0.823476 0.563163
vn 0.121636 -0.821286 0.557399
vn 0.1819 -0.618075 0.764785
vn 0.003448 -0.963646 0.267162
vn 0.401433 -0.860663 0.313228
vn 0.291385 -0.836204 0.464604
vn 0.401433 -0.860663 0.313228
vn 0.626475 -0.6659 0.4051
vn 0.291385 -0.836204 0.464604
vn 0.291385 -0.836204 0.464604
vn 0.626475 -0.6659 0.4051
vn 0.445439 -0.620605 0.645316
vn 0.626475 -0.6659 0.4051
vn 0.790655 -0.413264 0.451749
vn 0.445439 -0.620605 0.645316
vn 0.445439 -0.620605 0.645316
vn 0.790655 -0.413264 0.451749
vn 0.565221 -0.374719 0.734922
vn 0.790655 -0.413264 0.451749
vn 0.878454 -0.172835 0.445473
vn 0.565221 -0.374719 0.734922
vn 0.565221 -0.374719 0.734922
vn 0.878454 -0.172835 0.445473
vn 0.62566 -0.139175 0.767581
vn 0.878454 -0.172835 0.445473
vn 0.84913 -0.286446 0.443765
vn 0.62566 -0.139175 0.767581
vn 0.62566 -0.139175 0.767581
vn 0.84913 -0.286446 0.443765
vn 0.597151 -0.213238 0.773266
vn 0.84913 -0.286446 0.443765
vn 0.893766 -0.014647 0.448295
vn 0.597151 -0.213238 0.773266
vn 0.420078 -0.898655 0.126309
vn 0.690899 -0.712566 0.122098
vn 0.401433 -0.860663 0.313228
vn 0.401433 -0.860663 0.313228
vn 0.690899 -0.712566 0.122098
vn 0.626475 -0.6659 0.4051
vn 0.690899 -0.712566 0.122098
vn 0.878221 -0.471959 0.077347
vn 0.626475 -0.6659 0.4051
vn 0.626475 -0.6659 0.4051
vn 0.878221 -0.471959 0.077347
vn 0.790655 -0.413264 0.451749
vn 0.878221 -0.471959 0.077347
vn 0.970343 -0.238638 0.038563
vn 0.790655 -0.413264 0.451749
vn 0.790655 -0.413264 0.451749
vn 0.970343 -0.238638 0.038563
vn 0.878454 -0.172835 0.445473
vn 0.970343 -0.238638 0.038563
vn 0.937728 -0.340479 0.068852
vn 0.878454 -0.172835 0.445473
vn 0.878454 -0.172835 0.445473
vn 0.937728 -0.340479 0.068852
vn 0.84913 -0.286446 0.443765
vn 0.937728 -0.340479 0.068852
vn 0.999985 0.005377 0.001086
vn 0.84913 -0.286446 0.443765
vn 0.84913 -0.286446 0.443765
vn 0.999985 0.005377 0.001086
vn 0.902349 0.170437 0.395875
vn 0.138675 0.580932 0.802051
vn 0.231954 0.125363 0.964615
vn 0.4844 0.659794 0.574481
vn 0.231954 0.125363 0.964615
vn 0.625877 0.222283 0.747575
vn 0.4844 0.659794 0.574481
vn 0.4844 0.659794 0.574481
vn 0.625877 0.222283 0.747575
vn 0.568627 0.795443 0.209603
vn 0.625877 0.222283 0.747575
vn 0.902349 0.170437 0.395875
vn 0.568627 0.795443 0.209603
vn 0.568627 0.795443 0.209603
vn 0.891728 0.322075 0.317946
vn 0.800729 0.595433 -0.065518
vn 0.902349 0.170437 0.395875
vn 0.999985 0.005377 0.001086
vn 0.800729 0.595433 -0.065518
vn 0.800729 0.595433 -0.065518
vn 0.999985 0.005377 0.001086
vn 0.761394 0.58626 -0.276727
vn 0.761394 0.58626 -0.276727
vn 0.999985 0.005377 0.001086
vn 0.970137 -0.176221 -0.166674
vn 0.999985 0.005377 0.001086
vn 0.937728 -0.340479 0.068852
vn 0.970137 -0.176221 -0.166674
vn 0.970137 -0.176221 -0.166674
vn 0.937728 -0.340479 0.068852
vn 0.940273 -0.304896 -0.151413
vn 0.937728 -0.340479 0.068852
vn 0.970343 -0.238638 0.038563
vn 0.940273 -0.304896 -0.151413
vn 0.940273 -0.304896 -0.151413
vn 0.970343 -0.238638 0.038563
vn 0.938229 -0.307706 -0.158248
vn 0.970343 -0.238638 0.038563
vn 0.878221 -0.471959 0.077347
vn 0.938229 -0.307706 -0.158248
vn 0.938229 -0.307706 -0.158248
vn 0.878221 -0.471959 0.077347
vn 0.841884 -0.530961 -0.096495
vn 0.878221 -0.471959 0.077347
vn 0.690899 -0.712566 0.122098
vn 0.841884 -0.530961 -0.096495
vn 0.841884 -0.530961 -0.096495
vn 0.690899 -0.712566 0.122098
vn 0.629094 -0.776763 -0.029675
vn 0.690899 -0.712566 0.122098
vn 0.420078 -0.898655 0.126309
vn 0.629094 -0.776763 -0.029675
vn 0.629094 -0.776763 -0.029675
vn 0.420078 -0.898655 0.126309
vn 0.369805 -0.928809 0.023652
vn 0.369805 -0.928809 0.023652
vn 0.420078 -0.898655 0.126309
vn 0.003448 -0.963646 0.267162
vn 0.420078 -0.898655 0.126309
vn 0.401433 -0.860663 0.313228
vn 0.003448 -0.963646 0.267162
vn -0.960488 0.136558 -0.242517
vn -0.874572 0.461457 -0.148933
vn -0.873337 0.411526 -0.260632
vn -0.839872 0.491291 0.230756
vn -0.874572 0.461457 -0.148933
vn -0.999604 -0.027497 0.005958
vn -0.874572 0.461457 -0.148933
vn -0.960488 0.136558 -0.242517
vn -0.999604 -0.027497 0.005958
vn -0.999604 -0.027497 0.005958
vn -0.960488 0.136558 -0.242517
vn -0.967375 -0.142642 -0.209375
vn -0.967375 -0.142642 -0.209375
vn -0.999559 0.026077 0.014172
vn -0.999604 -0.027497 0.005958
vn -0.999559 0.026077 0.014172
vn -0.905405 0.034148 0.423174
vn -0.999604 -0.027497 0.005958
vn -0.999604 -0.027497 0.005958
vn -0.905405 0.034148 0.423174
vn -0.839872 0.491291 0.230756
vn -0.839872 0.491291 0.230756
vn -0.905405 0.034148 0.423174
vn -0.639026 0.512534 0.573545
vn -0.905405 0.034148 0.423174
vn -0.640894 0.131244 0.756326
vn -0.639026 0.512534 0.573545
vn -0.639026 0.512534 0.573545
vn -0.640894 0.131244 0.756326
vn -0.276378 0.605214 0.746546
vn -0.640894 0.131244 0.756326
vn -0.245982 0.216399 0.944809
vn -0.276378 0.605214 0.746546
vn -0.276378 0.605214 0.746546
vn -0.245982 0.216399 0.944809
vn 0.127693 0.647416 0.751364
vn -0.245982 0.216399 0.944809
vn 0.238413 0.187895 0.952814
vn 0.127693 0.647416 0.751364
vn 0.127693 0.647416 0.751364
vn 0.238413 0.187895 0.952814
vn 0.530542 0.55363 0.641887
vn -0.999559 0.026077 0.014172
vn -0.897554 0.208988 0.388228
vn -0.905405 0.034148 0.423174
vn -0.905405 0.034148 0.423174
vn -0.897554 0.208988 0.388228
vn -0.640894 0.131244 0.756326
vn -0.897554 0.208988 0.388228
vn -0.629455 0.267339 0.7296
vn -0.640894 0.131244 0.756326
vn -0.640894 0.131244 0.756326
vn -0.629455 0.267339 0.7296
vn -0.245982 0.216399 0.944809
vn -0.629455 0.267339 0.7296
vn -0.229848 0.197192 0.95304
vn -0.245982 0.216399 0.944809
vn -0.245982 0.216399 0.944809
vn -0.229848 0.197192 0.95304
vn 0.238413 0.187895 0.952814
vn -0.229848 0.197192 0.95304
vn 0.237144 0.194485 0.951808
vn 0.238413 0.187895 0.952814
vn 0.238413 0.187895 0.952814
vn 0.237144 0.194485 0.951808
vn 0.649961 0.163448 0.742183
vn 0.237144 0.194485 0.951808
vn 0.642013 0.200314 0.740063
vn 0.649961 0.163448 0.742183
vn 0.649961 0.163448 0.742183
vn 0.642013 0.200314 0.740063
vn 0.905878 0.088909 0.414102
vn 0.642013 0.200314 0.740063
vn 0.908499 0.117839 0.400928
vn 0.905878 0.088909 0.414102
vn 0.905878 0.088909 0.414102
vn 0.908499 0.117839 0.400928
vn 0.996195 -0.086596 0.009836
vn 0.908499 0.117839 0.400928
vn 0.999858 0.012047 -0.011811
vn 0.996195 -0.086596 0.009836
vn 0.238413 0.187895 0.952814
vn 0.649961 0.163448 0.742183
vn 0.530542 0.55363 0.641887
vn 0.530542 0.55363 0.641887
vn 0.649961 0.163448 0.742183
vn 0.802121 0.482085 0.352413
vn 0.649961 0.163448 0.742183
vn 0.905878 0.088909 0.414102
vn 0.802121 0.482085 0.352413
vn 0.802121 0.482085 0.352413
vn 0.905878 0.088909 0.414102
vn 0.882391 0.470381 -0.011326
vn 0.905878 0.088909 0.414102
vn 0.996195 -0.086596 0.009836
vn 0.882391 0.470381 -0.011326
vn 0.882391 0.470381 -0.011326
vn 0.996195 -0.086596 0.009836
vn 0.861837 0.430926 -0.267467
vn 0.861837 0.430926 -0.267467
vn 0.996195 -0.086596 0.009836
vn 0.941352 -0.300629 -0.153227
vn 0.996195 -0.086596 0.009836
vn 0.985314 -0.168891 -0.025164
vn 0.941352 -0.300629 -0.153227
vn 0.941352 -0.300629 -0.153227
vn 0.999858 0.012047 -0.011811
vn 0.930954 0.269145 -0.246751
vn -0.889051 -0.444519 -0.109506
vn -0.98381 -0.179087 0.006759
vn -0.939085 0.236308 -0.249554
vn -0.939085 0.236308 -0.249554
vn -0.999919 0.011797 -0.00471
vn -0.999559 0.026077 0.014172
vn -0.999919 0.011797 -0.00471
vn -0.897554 0.208988 0.388228
vn -0.999559 0.026077 0.014172
vn -0.939085 0.236308 -0.249554
vn -0.999559 0.026077 0.014172
vn -0.967375 -0.142642 -0.209375
vn -0.440561 -0.897503 0.019857
vn -0.68993 -0.713216 0.123773
vn -0.719388 -0.693217 -0.043939
vn -0.68993 -0.713216 0.123773
vn -0.878042 -0.470995 0.084888
vn -0.719388 -0.693217 -0.043939
vn -0.719388 -0.693217 -0.043939
vn -0.878042 -0.470995 0.084888
vn -0.881688 -0.45713 -0.11687
vn -0.878042 -0.470995 0.084888
vn -0.970918 -0.235872 0.04102
vn -0.881688 -0.45713 -0.11687
vn -0.881688 -0.45713 -0.11687
vn -0.970918 -0.235872 0.04102
vn -0.957532 -0.229516 -0.174512
vn -0.970918 -0.235872 0.04102
vn -0.938121 -0.342193 0.053235
vn -0.957532 -0.229516 -0.174512
vn -0.957532 -0.229516 -0.174512
vn -0.938121 -0.342193 0.053235
vn -0.889051 -0.444519 -0.109506
vn -0.889051 -0.444519 -0.109506
vn -0.938121 -0.342193 0.053235
vn -0.98381 -0.179087 0.006759
vn -0.938121 -0.342193 0.053235
vn -0.904537 0.197784 0.377749
vn -0.999919 0.011797 -0.00471
vn -0.934002 0.355463 0.035858
vn -0.889827 0.355969 0.285471
vn -0.897554 0.208988 0.388228
vn -0.68993 -0.713216 0.123773
vn -0.786132 -0.415354 0.457687
vn -0.878042 -0.470995 0.084888
vn -0.786132 -0.415354 0.457687
vn -0.879399 -0.177043 0.441943
vn -0.878042 -0.470995 0.084888
vn -0.878042 -0.470995 0.084888
vn -0.879399 -0.177043 0.441943
vn -0.970918 -0.235872 0.04102
vn -0.879399 -0.177043 0.441943
vn -0.859502 -0.26595 0.436493
vn -0.970918 -0.235872 0.04102
vn -0.970918 -0.235872 0.04102
vn -0.859502 -0.26595 0.436493
vn -0.938121 -0.342193 0.053235
vn -0.938121 -0.342193 0.053235
vn -0.859502 -0.26595 0.436493
vn -0.904537 0.197784 0.377749
vn -0.893754 0.012841 0.448374
vn -0.859502 -0.26595 0.436493
vn -0.638281 0.152727 0.754501
vn -0.859502 -0.26595 0.436493
vn -0.609057 -0.211864 0.764305
vn -0.638281 0.152727 0.754501
vn -0.638281 0.152727 0.754501
vn -0.609057 -0.211864 0.764305
vn -0.226094 0.10678 0.968235
vn -0.879399 -0.177043 0.441943
vn -0.609057 -0.211864 0.764305
vn -0.859502 -0.26595 0.436493
vn -0.786132 -0.415354 0.457687
vn -0.608869 -0.135854 0.781551
vn -0.879399 -0.177043 0.441943
vn -0.897554 0.208988 0.388228
vn -0.904537 0.197784 0.377749
vn -0.629455 0.267339 0.7296
vn -0.904537 0.197784 0.377749
vn -0.638281 0.152727 0.754501
vn -0.629455 0.267339 0.7296
vn -0.629455 0.267339 0.7296
vn -0.638281 0.152727 0.754501
vn -0.229848 0.197192 0.95304
vn -0.638281 0.152727 0.754501
vn -0.226094 0.10678 0.968235
vn -0.229848 0.197192 0.95304
vn -0.229848 0.197192 0.95304
vn -0.226094 0.10678 0.968235
vn 0.237144 0.194485 0.951808
vn -0.879399 -0.177043 0.441943
vn -0.608869 -0.135854 0.781551
vn -0.609057 -0.211864 0.764305
vn -0.608869 -0.135854 0.781551
vn -0.218593 -0.194384 0.956259
vn -0.609057 -0.211864 0.764305
vn -0.609057 -0.211864 0.764305
vn -0.218593 -0.194384 0.956259
vn -0.226094 0.10678 0.968235
vn -0.218593 -0.194384 0.956259
vn 0.231581 0.108918 0.966699
vn -0.226094 0.10678 0.968235
vn -0.226094 0.10678 0.968235
vn 0.231581 0.108918 0.966699
vn 0.237144 0.194485 0.951808
vn 0.237144 0.194485 0.951808
vn 0.231581 0.108918 0.966699
vn 0.642013 0.200314 0.740063
vn 0.231581 0.108918 0.966699
vn 0.643941 0.148385 0.750548
vn 0.642013 0.200314 0.740063
vn 0.642013 0.200314 0.740063
vn 0.643941 0.148385 0.750548
vn 0.908499 0.117839 0.400928
vn 0.643941 0.148385 0.750548
vn 0.901487 0.183508 0.391977
vn 0.908499 0.117839 0.400928
vn 0.908499 0.117839 0.400928
vn 0.901487 0.183508 0.391977
vn 0.980753 0.195236 -0.002469
vn 0.798724 -0.411538 0.438949
vn 0.88347 -0.191874 0.427394
vn 0.573548 -0.382791 0.724233
vn 0.573548 -0.382791 0.724233
vn 0.88347 -0.191874 0.427394
vn 0.624711 -0.131216 0.769752
vn 0.88347 -0.191874 0.427394
vn 0.857805 -0.254588 0.446492
vn 0.624711 -0.131216 0.769752
vn 0.624711 -0.131216 0.769752
vn 0.857805 -0.254588 0.446492
vn 0.604969 -0.199102 0.770955
vn 0.857805 -0.254588 0.446492
vn 0.901487 0.183508 0.391977
vn 0.604969 -0.199102 0.770955
vn 0.901487 0.183508 0.391977
vn 0.643941 0.148385 0.750548
vn 0.604969 -0.199102 0.770955
vn 0.604969 -0.199102 0.770955
vn 0.643941 0.148385 0.750548
vn 0.209642 -0.176952 0.961633
vn 0.643941 0.148385 0.750548
vn 0.231581 0.108918 0.966699
vn 0.209642 -0.176952 0.961633
vn 0.231581 0.108918 0.966699
vn -0.218593 -0.194384 0.956259
vn 0.209642 -0.176952 0.961633
vn 0.209642 -0.176952 0.961633
vn -0.218593 -0.194384 0.956259
vn -0.228403 -0.086829 0.969687
vn 0.430669 -0.89393 0.124151
vn 0.704433 -0.700554 0.114009
vn 0.404117 -0.853643 0.328608
vn 0.404117 -0.853643 0.328608
vn 0.704433 -0.700554 0.114009
vn 0.63232 -0.650385 0.420916
vn 0.704433 -0.700554 0.114009
vn 0.882891 -0.462238 0.082708
vn 0.63232 -0.650385 0.420916
vn 0.63232 -0.650385 0.420916
vn 0.882891 -0.462238 0.082708
vn 0.798724 -0.411538 0.438949
vn 0.882891 -0.462238 0.082708
vn 0.967646 -0.247928 0.046827
vn 0.798724 -0.411538 0.438949
vn 0.798724 -0.411538 0.438949
vn 0.967646 -0.247928 0.046827
vn 0.88347 -0.191874 0.427394
vn 0.967646 -0.247928 0.046827
vn 0.938017 -0.341958 0.056466
vn 0.88347 -0.191874 0.427394
vn 0.88347 -0.191874 0.427394
vn 0.938017 -0.341958 0.056466
vn 0.857805 -0.254588 0.446492
vn 0.938017 -0.341958 0.056466
vn 0.998158 0.060248 -0.007068
vn 0.857805 -0.254588 0.446492
vn 0.857805 -0.254588 0.446492
vn 0.998158 0.060248 -0.007068
vn 0.901487 0.183508 0.391977
vn 0.901487 0.183508 0.391977
vn 0.998158 0.060248 -0.007068
vn 0.999858 0.012047 -0.011811
vn 0.999858 0.012047 -0.011811
vn 0.998158 0.060248 -0.007068
vn 0.930954 0.269145 -0.246751
vn 0.930954 0.269145 -0.246751
vn 0.998158 0.060248 -0.007068
vn 0.965989 -0.178831 -0.186772
vn 0.998158 0.060248 -0.007068
vn 0.938017 -0.341958 0.056466
vn 0.965989 -0.178831 -0.186772
vn 0.965989 -0.178831 -0.186772
vn 0.938017 -0.341958 0.056466
vn 0.947513 -0.28537 -0.144163
vn 0.938017 -0.341958 0.056466
vn 0.967646 -0.247928 0.046827
vn 0.947513 -0.28537 -0.144163
vn 0.947513 -0.28537 -0.144163
vn 0.967646 -0.247928 0.046827
vn 0.940273 -0.306578 -0.147977
vn 0.967646 -0.247928 0.046827
vn 0.882891 -0.462238 0.082708
vn 0.940273 -0.306578 -0.147977
vn 0.940273 -0.306578 -0.147977
vn 0.882891 -0.462238 0.082708
vn 0.836461 -0.534818 -0.119592
vn 0.882891 -0.462238 0.082708
vn 0.704433 -0.700554 0.114009
vn 0.836461 -0.534818 -0.119592
vn 0.836461 -0.534818 -0.119592
vn 0.704433 -0.700554 0.114009
vn 0.650083 -0.758913 -0.037996
vn 0.704433 -0.700554 0.114009
vn 0.430669 -0.89393 0.124151
vn 0.650083 -0.758913 -0.037996
vn 0.650083 -0.758913 -0.037996
vn 0.430669 -0.89393 0.124151
vn 0.376722 -0.926075 0.021581
vn 0.376722 -0.926075 0.021581
vn 0.430669 -0.89393 0.124151
vn -0.003448 -0.963646 0.267162
vn 0.430669 -0.89393 0.124151
vn 0.404117 -0.853643 0.328608
vn -0.003448 -0.963646 0.267162
vn -0.003448 -0.963646 0.267162
vn 0.404117 -0.853643 0.328608
vn 0.291567 -0.831298 0.473215
vn 0.404117 -0.853643 0.328608
vn 0.63232 -0.650385 0.420916
vn 0.291567 -0.831298 0.473215
vn 0.291567 -0.831298 0.473215
vn 0.63232 -0.650385 0.420916
vn 0.456273 -0.622727 0.635631
vn 0.63232 -0.650385 0.420916
vn 0.798724 -0.411538 0.438949
vn 0.456273 -0.622727 0.635631
vn 0.456273 -0.622727 0.635631
vn 0.798724 -0.411538 0.438949
vn 0.573548 -0.382791 0.724233
vn 0.211905 -0.3497 0.912582
vn -0.155206 -0.614225 0.773717
vn 0.17912 -0.618455 0.765134
vn 0.17912 -0.618455 0.765134
vn -0.155206 -0.614225 0.773717
vn -0.060537 -0.823864 0.563546
vn -0.155206 -0.614225 0.773717
vn -0.263783 -0.831772 0.488441
vn -0.060537 -0.823864 0.563546
vn -0.263783 -0.831772 0.488441
vn -0.003448 -0.963646 0.267162
vn -0.060537 -0.823864 0.563546
vn -0.060537 -0.823864 0.563546
vn -0.003448 -0.963646 0.267162
vn 0.129301 -0.821558 0.555269
vn -0.003448 -0.963646 0.267162
vn 0.291567 -0.831298 0.473215
vn 0.129301 -0.821558 0.555269
vn 0.291567 -0.831298 0.473215
vn 0.456273 -0.622727 0.635631
vn 0.129301 -0.821558 0.555269
vn 0.129301 -0.821558 0.555269
vn 0.456273 -0.622727 0.635631
vn 0.17912 -0.618455 0.765134
vn 0.456273 -0.622727 0.635631
vn 0.573548 -0.382791 0.724233
vn 0.17912 -0.618455 0.765134
vn 0.17912 -0.618455 0.765134
vn 0.573548 -0.382791 0.724233
vn 0.211905 -0.3497 0.912582
vn 0.573548 -0.382791 0.724233
vn 0.624711 -0.131216 0.769752
vn 0.211905 -0.3497 0.912582
vn -0.060537 -0.823864 0.563546
vn 0.129301 -0.821558 0.555269
vn 0.17912 -0.618455 0.765134
vn -0.381372 -0.849196 0.365269
vn -0.263783 -0.831772 0.488441
vn -0.44722 -0.62081 0.643886
vn -0.263783 -0.831772 0.488441
vn -0.155206 -0.614225 0.773717
vn -0.44722 -0.62081 0.643886
vn -0.44722 -0.62081 0.643886
vn -0.155206 -0.614225 0.773717
vn -0.212886 -0.34643 0.913601
vn -0.155206 -0.614225 0.773717
vn 0.211905 -0.3497 0.912582
vn -0.212886 -0.34643 0.913601
vn -0.212886 -0.34643 0.913601
vn 0.211905 -0.3497 0.912582
vn 0.224659 -0.088888 0.970375
vn 0.211905 -0.3497 0.912582
vn 0.624711 -0.131216 0.769752
vn 0.224659 -0.088888 0.970375
vn 0.624711 -0.131216 0.769752
vn 0.604969 -0.199102 0.770955
vn 0.224659 -0.088888 0.970375
vn 0.604969 -0.199102 0.770955
vn 0.209642 -0.176952 0.961633
vn 0.224659 -0.088888 0.970375
vn 0.209642 -0.176952 0.961633
vn -0.228403 -0.086829 0.969687
vn 0.224659 -0.088888 0.970375
vn 0.224659 -0.088888 0.970375
vn -0.228403 -0.086829 0.969687
vn -0.212886 -0.34643 0.913601
vn -0.228403 -0.086829 0.969687
vn -0.551269 -0.372603 0.746505
vn -0.212886 -0.34643 0.913601
vn -0.212886 -0.34643 0.913601
vn -0.551269 -0.372603 0.746505
vn -0.44722 -0.62081 0.643886
vn -0.551269 -0.372603 0.746505
vn -0.608156 -0.663155 0.436316
vn -0.44722 -0.62081 0.643886
vn -0.44722 -0.62081 0.643886
vn -0.608156 -0.663155 0.436316
vn -0.381372 -0.849196 0.365269
vn -0.608156 -0.663155 0.436316
vn -0.422978 -0.888919 0.175818
vn -0.381372 -0.849196 0.365269
vn -0.218593 -0.194384 0.956259
vn -0.608869 -0.135854 0.781551
vn -0.228403 -0.086829 0.969687
vn -0.228403 -0.086829 0.969687
vn -0.608869 -0.135854 0.781551
vn -0.551269 -0.372603 0.746505
vn -0.608869 -0.135854 0.781551
vn -0.786132 -0.415354 0.457687
vn -0.551269 -0.372603 0.746505
vn -0.551269 -0.372603 0.746505
vn -0.786132 -0.415354 0.457687
vn -0.608156 -0.663155 0.436316
vn -0.786132 -0.415354 0.457687
vn -0.68993 -0.713216 0.123773
vn -0.608156 -0.663155 0.436316
vn -0.608156 -0.663155 0.436316
vn -0.68993 -0.713216 0.123773
vn -0.422978 -0.888919 0.175818
vn -0.68993 -0.713216 0.123773
vn -0.440561 -0.897503 0.019857
vn -0.422978 -0.888919 0.175818
vn -0.440561 -0.897503 0.019857
vn -0.003448 -0.963646 0.267162
vn -0.422978 -0.888919 0.175818
vn -0.422978 -0.888919 0.175818
vn -0.003448 -0.963646 0.267162
vn -0.381372 -0.849196 0.365269
vn -0.003448 -0.963646 0.267162
vn -0.263783 -0.831772 0.488441
vn -0.381372 -0.849196 0.365269
vn 0.866447 -0.487381 -0.108306
vn 0.9537 -0.242931 -0.177317
vn 0.854291 -0.519323 0.022144
vn 0.9537 -0.242931 -0.177317
vn 0.99976 -0.02125 0.005242
vn 0.854291 -0.519323 0.022144
vn 0.854291 -0.519323 0.022144
vn 0.99976 -0.02125 0.005242
vn 0.814695 -0.424591 0.394963
vn 0.99976 -0.02125 0.005242
vn 0.904698 0.060495 0.421737
vn 0.814695 -0.424591 0.394963
vn 0.814695 -0.424591 0.394963
vn 0.904698 0.060495 0.421737
vn 0.622095 -0.311049 0.718502
vn 0.904698 0.060495 0.421737
vn 0.65101 0.11568 0.750203
vn 0.622095 -0.311049 0.718502
vn 0.622095 -0.311049 0.718502
vn 0.65101 0.11568 0.750203
vn 0.295852 -0.266075 0.917429
vn 0.65101 0.11568 0.750203
vn 0.238414 0.187895 0.952814
vn 0.295852 -0.266075 0.917429
vn 0.295852 -0.266075 0.917429
vn 0.238414 0.187895 0.952814
vn -0.137744 -0.272497 0.952246
vn 0.238414 0.187895 0.952814
vn -0.244432 0.235607 0.940607
vn -0.137744 -0.272497 0.952246
vn 0.9537 -0.242931 -0.177317
vn 0.91091 0.322942 -0.25681
vn 0.99976 -0.02125 0.005242
vn 0.91091 0.322942 -0.25681
vn 0.952801 0.298908 -0.053142
vn 0.99976 -0.02125 0.005242
vn 0.99976 -0.02125 0.005242
vn 0.952801 0.298908 -0.053142
vn 0.904698 0.060495 0.421737
vn 0.952801 0.298908 -0.053142
vn 0.876454 0.346444 0.334372
vn 0.904698 0.060495 0.421737
vn 0.904698 0.060495 0.421737
vn 0.876454 0.346444 0.334372
vn 0.65101 0.11568 0.750203
vn 0.876454 0.346444 0.334372
vn 0.615591 0.431732 0.659283
vn 0.65101 0.11568 0.750203
vn 0.65101 0.11568 0.750203
vn 0.615591 0.431732 0.659283
vn 0.238414 0.187895 0.952814
vn 0.615591 0.431732 0.659283
vn 0.216995 0.497945 0.839621
vn 0.238414 0.187895 0.952814
vn 0.238414 0.187895 0.952814
vn 0.216995 0.497945 0.839621
vn -0.244432 0.235607 0.940607
vn 0.216995 0.497945 0.839621
vn -0.215344 0.471367 0.855243
vn -0.244432 0.235607 0.940607
vn -0.244432 0.235607 0.940607
vn -0.215344 0.471367 0.855243
vn -0.645261 0.178188 0.742891
vn -0.215344 0.471367 0.855243
vn -0.610574 0.419697 0.671605
vn -0.645261 0.178188 0.742891
vn -0.645261 0.178188 0.742891
vn -0.610574 0.419697 0.671605
vn -0.904173 0.002358 0.427159
vn -0.610574 0.419697 0.671605
vn -0.864872 0.372548 0.336458
vn -0.904173 0.002358 0.427159
vn -0.904173 0.002358 0.427159
vn -0.864872 0.372548 0.336458
vn -0.995714 -0.089738 0.022373
vn -0.864872 0.372548 0.336458
vn -0.942703 0.327898 -0.061602
vn -0.995714 -0.089738 0.022373
vn -0.137744 -0.272497 0.952246
vn -0.244432 0.235607 0.940607
vn -0.559163 -0.21305 0.801216
vn -0.244432 0.235607 0.940607
vn -0.645261 0.178188 0.742891
vn -0.559163 -0.21305 0.801216
vn -0.559163 -0.21305 0.801216
vn -0.645261 0.178188 0.742891
vn -0.797607 -0.333196 0.502796
vn -0.645261 0.178188 0.742891
vn -0.904173 0.002358 0.427159
vn -0.797607 -0.333196 0.502796
vn -0.797607 -0.333196 0.502796
vn -0.904173 0.002358 0.427159
vn -0.779673 -0.601452 0.174257
vn -0.904173 0.002358 0.427159
vn -0.995714 -0.089738 0.022373
vn -0.779673 -0.601452 0.174257
vn -0.779673 -0.601452 0.174257
vn -0.995714 -0.089738 0.022373
vn -0.793465 -0.605613 -0.06038
vn -0.793465 -0.605613 -0.06038
vn -0.995714 -0.089738 0.022373
vn -0.960488 0.136558 -0.242518
vn -0.995714 -0.089738 0.022373
vn -0.942703 0.327898 -0.061602
vn -0.960488 0.136558 -0.242518
vn -0.960488 0.136558 -0.242518
vn -0.942703 0.327898 -0.061602
vn -0.947367 0.220764 -0.231858
vn 0.952801 0.298908 -0.053142
vn 0.91091 0.322942 -0.25681
vn 0.958326 0.161968 -0.235326
vn 0.876454 0.346444 0.334372
vn 0.952801 0.298908 -0.053142
vn 0.969909 0.240172 -0.039917
vn 0.952801 0.298908 -0.053142
vn 0.958326 0.161968 -0.235326
vn 0.969909 0.240172 -0.039917
vn 0.969909 0.240172 -0.039917
vn 0.958326 0.161968 -0.235326
vn 0.883374 0.390716 -0.258827
vn 0.721742 0.629731 -0.287276
vn 0.881215 0.465596 -0.081732
vn 0.883374 0.390716 -0.258827
vn 0.883374 0.390716 -0.258827
vn 0.881215 0.465596 -0.081732
vn 0.969909 0.240172 -0.039917
vn 0.881215 0.465596 -0.081732
vn 0.878851 0.322914 0.351209
vn 0.969909 0.240172 -0.039917
vn 0.969909 0.240172 -0.039917
vn 0.878851 0.322914 0.351209
vn 0.876454 0.346444 0.334372
vn 0.876454 0.346444 0.334372
vn 0.878851 0.322914 0.351209
vn 0.615591 0.431732 0.659283
vn 0.878851 0.322914 0.351209
vn 0.606208 0.405435 0.684204
vn 0.615591 0.431732 0.659283
vn 0.615591 0.431732 0.659283
vn 0.606208 0.405435 0.684204
vn 0.216995 0.497945 0.839621
vn 0.606208 0.405435 0.684204
vn 0.221578 0.432823 0.873824
vn 0.216995 0.497945 0.839621
vn 0.216995 0.497945 0.839621
vn 0.221578 0.432823 0.873824
vn -0.215344 0.471367 0.855243
vn 0.221578 0.432823 0.873824
vn -0.222226 0.438824 0.87066
vn -0.215344 0.471367 0.855243
vn 0.606208 0.405435 0.684204
vn 0.878851 0.322914 0.351209
vn 0.780423 0.551762 0.294108
vn 0.878851 0.322914 0.351209
vn 0.881215 0.465596 -0.081732
vn 0.780423 0.551762 0.294108
vn 0.780423 0.551762 0.294108
vn 0.881215 0.465596 -0.081732
vn 0.678681 0.727221 -0.102671
vn 0.881215 0.465596 -0.081732
vn 0.721742 0.629731 -0.287276
vn 0.678681 0.727221 -0.102671
vn 0.721742 0.629731 -0.287276
vn 0.436319 0.872626 -0.219429
vn 0.678681 0.727221 -0.102671
vn 0.678681 0.727221 -0.102671
vn 0.436319 0.872626 -0.219429
vn 0.419391 0.900657 -0.113703
vn 0.436319 0.872626 -0.219429
vn 0.002428 0.99624 -0.086604
vn 0.419391 0.900657 -0.113703
vn 0.419391 0.900657 -0.113703
vn 0.002428 0.99624 -0.086604
vn 0.382554 0.923679 0.021681
vn 0.002428 0.99624 -0.086604
vn 0.250254 0.953681 0.166927
vn 0.382554 0.923679 0.021681
vn 0.382554 0.923679 0.021681
vn 0.250254 0.953681 0.166927
vn 0.44277 0.806791 0.391208
vn 0.44277 0.806791 0.391208
vn 0.618374 0.766886 0.171756
vn 0.382554 0.923679 0.021681
vn 0.382554 0.923679 0.021681
vn 0.618374 0.766886 0.171756
vn 0.419391 0.900657 -0.113703
vn 0.419391 0.900657 -0.113703
vn 0.618374 0.766886 0.171756
vn 0.678681 0.727221 -0.102671
vn 0.678681 0.727221 -0.102671
vn 0.618374 0.766886 0.171756
vn 0.780423 0.551762 0.294108
vn 0.780423 0.551762 0.294108
vn 0.618374 0.766886 0.171756
vn 0.547783 0.606972 0.575777
vn 0.618374 0.766886 0.171756
vn 0.44277 0.806791 0.391208
vn 0.547783 0.606972 0.575777
vn 0.547783 0.606972 0.575777
vn 0.44277 0.806791 0.391208
vn 0.199812 0.640127 0.741831
vn 0.002428 0.99624 -0.086604
vn 0.081793 0.968477 0.235292
vn 0.250254 0.953681 0.166927
vn 0.250254 0.953681 0.166927
vn 0.081793 0.968477 0.235292
vn 0.153617 0.836195 0.526479
vn 0.153617 0.836195 0.526479
vn 0.081793 0.968477 0.235292
vn -0.16688 0.834267 0.525499
vn 0.081793 0.968477 0.235292
vn -0.139835 0.966519 0.215146
vn -0.16688 0.834267 0.525499
vn 0.250254 0.953681 0.166927
vn 0.153617 0.836195 0.526479
vn 0.44277 0.806791 0.391208
vn 0.44277 0.806791 0.391208
vn 0.153617 0.836195 0.526479
vn 0.199812 0.640127 0.741831
vn 0.199812 0.640127 0.741831
vn 0.153617 0.836195 0.526479
vn -0.202888 0.638812 0.74213
vn 0.153617 0.836195 0.526479
vn -0.16688 0.834267 0.525499
vn -0.202888 0.638812 0.74213
vn -0.202888 0.638812 0.74213
vn -0.16688 0.834267 0.525499
vn -0.564904 0.601508 0.564864
vn -0.564904 0.601508 0.564864
vn -0.16688 0.834267 0.525499
vn -0.462591 0.807719 0.365513
vn -0.16688 0.834267 0.525499
vn -0.139835 0.966519 0.215146
vn -0.462591 0.807719 0.365513
vn -0.462591 0.807719 0.365513
vn -0.139835 0.966519 0.215146
vn -0.302211 0.943419 0.136492
vn -0.302211 0.943419 0.136492
vn -0.139835 0.966519 0.215146
vn 0.002428 0.99624 -0.086604
vn -0.139835 0.966519 0.215146
vn 0.081793 0.968477 0.235292
vn 0.002428 0.99624 -0.086604
vn -0.462591 0.807719 0.365513
vn -0.801315 0.535727 0.266252
vn -0.564904 0.601508 0.564864
vn -0.801315 0.535727 0.266252
vn -0.882044 0.333507 0.332822
vn -0.564904 0.601508 0.564864
vn -0.882044 0.333507 0.332822
vn -0.618053 0.401602 0.675815
vn -0.564904 0.601508 0.564864
vn -0.564904 0.601508 0.564864
vn -0.618053 0.401602 0.675815
vn -0.202888 0.638812 0.74213
vn -0.618053 0.401602 0.675815
vn -0.222226 0.438824 0.87066
vn -0.202888 0.638812 0.74213
vn -0.202888 0.638812 0.74213
vn -0.222226 0.438824 0.87066
vn 0.199812 0.640127 0.741831
vn -0.222226 0.438824 0.87066
vn 0.221578 0.432823 0.873824
vn 0.199812 0.640127 0.741831
vn 0.199812 0.640127 0.741831
vn 0.221578 0.432823 0.873824
vn 0.547783 0.606972 0.575777
vn 0.221578 0.432823 0.873824
vn 0.606208 0.405435 0.684204
vn 0.547783 0.606972 0.575777
vn 0.547783 0.606972 0.575777
vn 0.606208 0.405435 0.684204
vn 0.780423 0.551762 0.294108
vn -0.215344 0.471367 0.855243
vn -0.222226 0.438824 0.87066
vn -0.610574 0.419697 0.671605
vn -0.222226 0.438824 0.87066
vn -0.618053 0.401602 0.675815
vn -0.610574 0.419697 0.671605
vn -0.610574 0.419697 0.671605
vn -0.618053 0.401602 0.675815
vn -0.864872 0.372548 0.336458
vn -0.618053 0.401602 0.675815
vn -0.882044 0.333507 0.332822
vn -0.864872 0.372548 0.336458
vn -0.864872 0.372548 0.336458
vn -0.882044 0.333507 0.332822
vn -0.942703 0.327898 -0.061602
vn -0.882044 0.333507 0.332822
vn -0.967351 0.250529 -0.038308
vn -0.942703 0.327898 -0.061602
vn -0.942703 0.327898 -0.061602
vn -0.967351 0.250529 -0.038308
vn -0.947367 0.220764 -0.231858
vn -0.947367 0.220764 -0.231858
vn -0.967351 0.250529 -0.038308
vn -0.942249 0.238206 -0.235425
vn -0.967351 0.250529 -0.038308
vn -0.883142 0.463732 -0.070802
vn -0.942249 0.238206 -0.235425
vn -0.942249 0.238206 -0.235425
vn -0.883142 0.463732 -0.070802
vn -0.834498 0.463605 -0.297799
vn -0.882044 0.333507 0.332822
vn -0.801315 0.535727 0.266252
vn -0.967351 0.250529 -0.038308
vn -0.967351 0.250529 -0.038308
vn -0.801315 0.535727 0.266252
vn -0.883142 0.463732 -0.070802
vn -0.801315 0.535727 0.266252
vn -0.634154 0.753123 0.175081
vn -0.883142 0.463732 -0.070802
vn -0.883142 0.463732 -0.070802
vn -0.634154 0.753123 0.175081
vn -0.696598 0.704417 -0.136188
vn -0.634154 0.753123 0.175081
vn -0.391901 0.919975 0.007667
vn -0.696598 0.704417 -0.136188
vn -0.696598 0.704417 -0.136188
vn -0.391901 0.919975 0.007667
vn -0.427699 0.885477 -0.181667
vn -0.883142 0.463732 -0.070802
vn -0.696598 0.704417 -0.136188
vn -0.834498 0.463605 -0.297799
vn -0.834498 0.463605 -0.297799
vn -0.696598 0.704417 -0.136188
vn -0.655555 0.705025 -0.270533
vn -0.696598 0.704417 -0.136188
vn -0.427699 0.885477 -0.181667
vn -0.655555 0.705025 -0.270533
vn -0.655555 0.705025 -0.270533
vn -0.427699 0.885477 -0.181667
vn -0.409141 0.892453 -0.190083
vn -0.409141 0.892453 -0.190083
vn -0.427699 0.885477 -0.181667
vn 0.002428 0.99624 -0.086604
vn -0.427699 0.885477 -0.181667
vn -0.391901 0.919975 0.007667
vn 0.002428 0.99624 -0.086604
vn 0.002428 0.99624 -0.086604
vn -0.391901 0.919975 0.007667
vn -0.302211 0.943419 0.136492
vn -0.391901 0.919975 0.007667
vn -0.634154 0.753123 0.175081
vn -0.302211 0.943419 0.136492
vn -0.302211 0.943419 0.136492
vn -0.634154 0.753123 0.175081
vn -0.462591 0.807719 0.365513
vn -0.634154 0.753123 0.175081
vn -0.801315 0.535727 0.266252
vn -0.462591 0.807719 0.365513
vn -0.85429 -0.519324 0.022145
vn -0.9537 -0.24293 -0.177316
vn -0.866447 -0.48738 -0.108306
vn -0.85429 -0.519324 0.022145
vn -0.99976 -0.02125 0.005242
vn -0.9537 -0.24293 -0.177316
vn -0.814694 -0.424591 0.394963
vn -0.99976 -0.02125 0.005242
vn -0.85429 -0.519324 0.022145
vn -0.814694 -0.424591 0.394963
vn -0.904699 0.060495 0.421735
vn -0.99976 -0.02125 0.005242
vn -0.622099 -0.311048 0.7185
vn -0.904699 0.060495 0.421735
vn -0.814694 -0.424591 0.394963
vn -0.622099 -0.311048 0.7185
vn -0.651012 0.11568 0.750201
vn -0.904699 0.060495 0.421735
vn -0.295853 -0.266074 0.917429
vn -0.651012 0.11568 0.750201
vn -0.622099 -0.311048 0.7185
vn -0.295853 -0.266074 0.917429
vn -0.238414 0.187895 0.952814
vn -0.651012 0.11568 0.750201
vn 0.137742 -0.272497 0.952246
vn -0.238414 0.187895 0.952814
vn -0.295853 -0.266074 0.917429
vn 0.137742 -0.272497 0.952246
vn 0.244433 0.235607 0.940607
vn -0.238414 0.187895 0.952814
vn -0.99976 -0.02125 0.005242
vn -0.91091 0.322942 -0.25681
vn -0.9537 -0.24293 -0.177316
vn -0.99976 -0.02125 0.005242
vn -0.952801 0.298908 -0.053142
vn -0.91091 0.322942 -0.25681
vn -0.904699 0.060495 0.421735
vn -0.952801 0.298908 -0.053142
vn -0.99976 -0.02125 0.005242
vn -0.904699 0.060495 0.421735
vn -0.876454 0.346444 0.334372
vn -0.952801 0.298908 -0.053142
vn -0.651012 0.11568 0.750201
vn -0.876454 0.346444 0.334372
vn -0.904699 0.060495 0.421735
vn -0.651012 0.11568 0.750201
vn -0.615592 0.431732 0.659283
vn -0.876454 0.346444 0.334372
vn -0.238414 0.187895 0.952814
vn -0.615592 0.431732 0.659283
vn -0.651012 0.11568 0.750201
vn -0.238414 0.187895 0.952814
vn -0.216995 0.497945 0.839621
vn -0.615592 0.431732 0.659283
vn 0.244433 0.235607 0.940607
vn -0.216995 0.497945 0.839621
vn -0.238414 0.187895 0.952814
vn 0.244433 0.235607 0.940607
vn 0.215345 0.471367 0.855242
vn -0.216995 0.497945 0.839621
vn 0.645261 0.178187 0.742891
vn 0.215345 0.471367 0.855242
vn 0.244433 0.235607 0.940607
vn 0.645261 0.178187 0.742891
vn 0.610574 0.419697 0.671605
vn 0.215345 0.471367 0.855242
vn 0.904172 0.002357 0.427161
vn 0.610574 0.419697 0.671605
vn 0.645261 0.178187 0.742891
vn 0.904172 0.002357 0.427161
vn 0.864872 0.372548 0.336458
vn 0.610574 0.419697 0.671605
vn 0.995714 -0.089738 0.022373
vn 0.864872 0.372548 0.336458
vn 0.904172 0.002357 0.427161
vn 0.995714 -0.089738 0.022373
vn 0.942703 0.327898 -0.061601
vn 0.864872 0.372548 0.336458
vn 0.559162 -0.21305 0.801217
vn 0.244433 0.235607 0.940607
vn 0.137742 -0.272497 0.952246
vn 0.559162 -0.21305 0.801217
vn 0.645261 0.178187 0.742891
vn 0.244433 0.235607 0.940607
vn 0.797604 -0.333198 0.502799
vn 0.645261 0.178187 0.742891
vn 0.559162 -0.21305 0.801217
vn 0.797604 -0.333198 0.502799
vn 0.904172 0.002357 0.427161
vn 0.645261 0.178187 0.742891
vn 0.779672 -0.601453 0.174258
vn 0.904172 0.002357 0.427161
vn 0.797604 -0.333198 0.502799
vn 0.779672 -0.601453 0.174258
vn 0.995714 -0.089738 0.022373
vn 0.904172 0.002357 0.427161
vn 0.793466 -0.605612 -0.06038
vn 0.995714 -0.089738 0.022373
vn 0.779672 -0.601453 0.174258
vn 0.960488 0.136557 -0.242517
vn 0.995714 -0.089738 0.022373
vn 0.793466 -0.605612 -0.06038
vn 0.960488 0.136557 -0.242517
vn 0.942703 0.327898 -0.061601
vn 0.995714 -0.089738 0.022373
vn 0.947368 0.220763 -0.231857
vn 0.942703 0.327898 -0.061601
vn 0.960488 0.136557 -0.242517
vn -0.958325 0.161968 -0.235326
vn -0.91091 0.322942 -0.25681
vn -0.952801 0.298908 -0.053142
vn -0.969909 0.240172 -0.039917
vn -0.952801 0.298908 -0.053142
vn -0.876454 0.346444 0.334372
vn -0.969909 0.240172 -0.039917
vn -0.958325 0.161968 -0.235326
vn -0.952801 0.298908 -0.053142
vn -0.883374 0.390716 -0.258828
vn -0.958325 0.161968 -0.235326
vn -0.969909 0.240172 -0.039917
vn -0.883374 0.390716 -0.258828
vn -0.881215 0.465596 -0.081732
vn -0.721741 0.629732 -0.287276
vn -0.969909 0.240172 -0.039917
vn -0.881215 0.465596 -0.081732
vn -0.883374 0.390716 -0.258828
vn -0.969909 0.240172 -0.039917
vn -0.878851 0.322914 0.351209
vn -0.881215 0.465596 -0.081732
vn -0.876454 0.346444 0.334372
vn -0.878851 0.322914 0.351209
vn -0.969909 0.240172 -0.039917
vn -0.615592 0.431732 0.659283
vn -0.878851 0.322914 0.351209
vn -0.876454 0.346444 0.334372
vn -0.615592 0.431732 0.659283
vn -0.606208 0.405435 0.684204
vn -0.878851 0.322914 0.351209
vn -0.216995 0.497945 0.839621
vn -0.606208 0.405435 0.684204
vn -0.615592 0.431732 0.659283
vn -0.216995 0.497945 0.839621
vn -0.221579 0.432823 0.873823
vn -0.606208 0.405435 0.684204
vn 0.215345 0.471367 0.855242
vn -0.221579 0.432823 0.873823
vn -0.216995 0.497945 0.839621
vn 0.215345 0.471367 0.855242
vn 0.222226 0.438824 0.87066
vn -0.221579 0.432823 0.873823
vn -0.780423 0.551761 0.294108
vn -0.878851 0.322914 0.351209
vn -0.606208 0.405435 0.684204
vn -0.780423 0.551761 0.294108
vn -0.881215 0.465596 -0.081732
vn -0.878851 0.322914 0.351209
vn -0.678681 0.727221 -0.102671
vn -0.881215 0.465596 -0.081732
vn -0.780423 0.551761 0.294108
vn -0.678681 0.727221 -0.102671
vn -0.721741 0.629732 -0.287276
vn -0.881215 0.465596 -0.081732
vn -0.678681 0.727221 -0.102671
vn -0.436319 0.872626 -0.219429
vn -0.721741 0.629732 -0.287276
vn -0.419391 0.900657 -0.113703
vn -0.436319 0.872626 -0.219429
vn -0.678681 0.727221 -0.102671
vn -0.419391 0.900657 -0.113703
vn -0.002428 0.99624 -0.086604
vn -0.436319 0.872626 -0.219429
vn -0.382553 0.923679 0.021681
vn -0.002428 0.99624 -0.086604
vn -0.419391 0.900657 -0.113703
vn -0.382553 0.923679 0.021681
vn -0.250254 0.953682 0.166927
vn -0.002428 0.99624 -0.086604
vn -0.442771 0.80679 0.391208
vn -0.250254 0.953682 0.166927
vn -0.382553 0.923679 0.021681
vn -0.382553 0.923679 0.021681
vn -0.618373 0.766886 0.171756
vn -0.442771 0.80679 0.391208
vn -0.419391 0.900657 -0.113703
vn -0.618373 0.766886 0.171756
vn -0.382553 0.923679 0.021681
vn -0.678681 0.727221 -0.102671
vn -0.618373 0.766886 0.171756
vn -0.419391 0.900657 -0.113703
vn -0.780423 0.551761 0.294108
vn -0.618373 0.766886 0.171756
vn -0.678681 0.727221 -0.102671
vn -0.547783 0.606972 0.575777
vn -0.618373 0.766886 0.171756
vn -0.780423 0.551761 0.294108
vn -0.547783 0.606972 0.575777
vn -0.442771 0.80679 0.391208
vn -0.618373 0.766886 0.171756
vn -0.199812 0.640127 0.741831
vn -0.442771 0.80679 0.391208
vn -0.547783 0.606972 0.575777
vn -0.250254 0.953682 0.166927
vn -0.081793 0.968477 0.235292
vn -0.002428 0.99624 -0.086604
vn -0.153616 0.836195 0.526479
vn -0.081793 0.968477 0.235292
vn -0.250254 0.953682 0.166927
vn 0.166881 0.834267 0.525499
vn -0.081793 0.968477 0.235292
vn -0.153616 0.836195 0.526479
vn 0.166881 0.834267 0.525499
vn 0.139834 0.966519 0.215146
vn -0.081793 0.968477 0.235292
vn -0.442771 0.80679 0.391208
vn -0.153616 0.836195 0.526479
vn -0.250254 0.953682 0.166927
vn -0.199812 0.640127 0.741831
vn -0.153616 0.836195 0.526479
vn -0.442771 0.80679 0.391208
vn 0.202888 0.638811 0.74213
vn -0.153616 0.836195 0.526479
vn -0.199812 0.640127 0.741831
vn 0.202888 0.638811 0.74213
vn 0.166881 0.834267 0.525499
vn -0.153616 0.836195 0.526479
vn 0.564904 0.601508 0.564864
vn 0.166881 0.834267 0.525499
vn 0.202888 0.638811 0.74213
vn 0.462591 0.807719 0.365513
vn 0.166881 0.834267 0.525499
vn 0.564904 0.601508 0.564864
vn 0.462591 0.807719 0.365513
vn 0.139834 0.966519 0.215146
vn 0.166881 0.834267 0.525499
vn 0.30221 0.943419 0.136492
vn 0.139834 0.966519 0.215146
vn 0.462591 0.807719 0.365513
vn -0.002428 0.99624 -0.086604
vn 0.139834 0.966519 0.215146
vn 0.30221 0.943419 0.136492
vn -0.002428 0.99624 -0.086604
vn -0.081793 0.968477 0.235292
vn 0.139834 0.966519 0.215146
vn 0.564904 0.601508 0.564864
vn 0.801315 0.535727 0.266253
vn 0.462591 0.807719 0.365513
vn 0.564904 0.601508 0.564864
vn 0.882044 0.333507 0.332822
vn 0.801315 0.535727 0.266253
vn 0.564904 0.601508 0.564864
vn 0.618053 0.401602 0.675815
vn 0.882044 0.333507 0.332822
vn 0.202888 0.638811 0.74213
vn 0.618053 0.401602 0.675815
vn 0.564904 0.601508 0.564864
vn 0.202888 0.638811 0.74213
vn 0.222226 0.438824 0.87066
vn 0.618053 0.401602 0.675815
vn -0.199812 0.640127 0.741831
vn 0.222226 0.438824 0.87066
vn 0.202888 0.638811 0.74213
vn -0.199812 0.640127 0.741831
vn -0.221579 0.432823 0.873823
vn 0.222226 0.438824 0.87066
vn -0.547783 0.606972 0.575777
vn -0.221579 0.432823 0.873823
vn -0.199812 0.640127 0.741831
vn -0.547783 0.606972 0.575777
vn -0.606208 0.405435 0.684204
vn -0.221579 0.432823 0.873823
vn -0.780423 0.551761 0.294108
vn -0.606208 0.405435 0.684204
vn -0.547783 0.606972 0.575777
vn 0.610574 0.419697 0.671605
vn 0.222226 0.438824 0.87066
vn 0.215345 0.471367 0.855242
vn 0.610574 0.419697 0.671605
vn 0.618053 0.401602 0.675815
vn 0.222226 0.438824 0.87066
vn 0.864872 0.372548 0.336458
vn 0.618053 0.401602 0.675815
vn 0.610574 0.419697 0.671605
vn 0.864872 0.372548 0.336458
vn 0.882044 0.333507 0.332822
vn 0.618053 0.401602 0.675815
vn 0.942703 0.327898 -0.061601
vn 0.882044 0.333507 0.332822
vn 0.864872 0.372548 0.336458
vn 0.942703 0.327898 -0.061601
vn 0.967351 0.250529 -0.038308
vn 0.882044 0.333507 0.332822
vn 0.947368 0.220763 -0.231857
vn 0.967351 0.250529 -0.038308
vn 0.942703 0.327898 -0.061601
vn 0.942249 0.238206 -0.235425
vn 0.967351 0.250529 -0.038308
vn 0.947368 0.220763 -0.231857
vn 0.942249 0.238206 -0.235425
vn 0.883142 0.463732 -0.070802
vn 0.967351 0.250529 -0.038308
vn 0.834498 0.463605 -0.297799
vn 0.883142 0.463732 -0.070802
vn 0.942249 0.238206 -0.235425
vn 0.967351 0.250529 -0.038308
vn 0.801315 0.535727 0.266253
vn 0.882044 0.333507 0.332822
vn 0.883142 0.463732 -0.070802
vn 0.801315 0.535727 0.266253
vn 0.967351 0.250529 -0.038308
vn 0.883142 0.463732 -0.070802
vn 0.634154 0.753124 0.175081
vn 0.801315 0.535727 0.266253
vn 0.696598 0.704417 -0.136188
vn 0.634154 0.753124 0.175081
vn 0.883142 0.463732 -0.070802
vn 0.696598 0.704417 -0.136188
vn 0.391901 0.919975 0.007667
vn 0.634154 0.753124 0.175081
vn 0.427699 0.885477 -0.181667
vn 0.391901 0.919975 0.007667
vn 0.696598 0.704417 -0.136188
vn 0.834498 0.463605 -0.297799
vn 0.696598 0.704417 -0.136188
vn 0.883142 0.463732 -0.070802
vn 0.655554 0.705025 -0.270533
vn 0.696598 0.704417 -0.136188
vn 0.834498 0.463605 -0.297799
vn 0.655554 0.705025 -0.270533
vn 0.427699 0.885477 -0.181667
vn 0.696598 0.704417 -0.136188
vn 0.409142 0.892453 -0.190083
vn 0.427699 0.885477 -0.181667
vn 0.655554 0.705025 -0.270533
vn -0.002428 0.99624 -0.086604
vn 0.427699 0.885477 -0.181667
vn 0.409142 0.892453 -0.190083
vn -0.002428 0.99624 -0.086604
vn 0.391901 0.919975 0.007667
vn 0.427699 0.885477 -0.181667
vn 0.30221 0.943419 0.136492
vn 0.391901 0.919975 0.007667
vn -0.002428 0.99624 -0.086604
vn 0.30221 0.943419 0.136492
vn 0.634154 0.753124 0.175081
vn 0.391901 0.919975 0.007667
vn 0.462591 0.807719 0.365513
vn 0.634154 0.753124 0.175081
vn 0.30221 0.943419 0.136492
vn 0.462591 0.807719 0.365513
vn 0.801315 0.535727 0.266253
vn 0.634154 0.753124 0.175081

# Mesh_0069, 2739 grouped triangles

usemtl Mesh_0069_rip
o Mesh_0069
g Mesh_0069

f 1/1/1 2/2/2 3/3/3
f 4/4/4 6/5/5 5/6/6
f 5/7/7 6/8/8 7/9/9
f 6/10/10 8/11/11 7/12/12
f 7/13/13 8/14/14 9/15/15
f 9/16/16 8/17/17 10/18/18
f 8/19/19 11/20/20 10/21/21
f 10/22/22 11/23/23 12/24/24
f 12/25/25 11/26/26 3/27/27
f 11/28/28 13/29/29 3/30/30
f 3/31/31 13/32/32 1/33/33
f 11/34/34 8/35/35 13/36/36
f 13/37/37 8/38/38 14/39/39
f 8/40/40 6/41/41 14/42/42
f 14/43/43 6/44/44 4/45/45
f 4/46/46 5/47/47 15/48/48
f 1/49/49 13/50/50 16/51/51
f 13/52/52 14/53/53 16/54/54
f 16/55/55 14/56/56 17/57/57
f 14/58/58 4/59/59 17/60/60
f 17/61/61 4/62/62 18/63/63
f 4/64/64 15/65/65 18/66/66
f 18/67/67 15/68/68 19/69/69
f 15/70/70 20/71/71 19/72/72
f 19/73/73 20/74/74 21/75/75
f 20/76/76 22/77/77 21/78/78
f 23/79/79 22/80/80 24/81/81
f 22/82/82 20/83/83 24/84/84
f 20/85/85 15/86/86 24/87/87
f 24/88/88 15/89/89 25/90/90
f 15/91/91 5/92/92 25/93/93
f 25/94/94 5/95/95 26/96/96
f 5/97/97 7/98/98 26/99/99
f 7/100/100 9/101/101 26/102/102
f 26/103/103 9/104/104 27/105/105
f 27/106/106 9/107/107 28/108/108
f 9/109/109 10/110/110 28/111/111
f 28/112/112 10/113/113 12/114/114
f 29/115/115 30/116/116 12/117/117
f 12/118/118 30/119/119 28/120/120
f 30/121/121 31/122/122 28/123/123
f 28/124/124 31/125/125 27/126/126
f 31/127/127 32/128/128 27/129/129
f 27/130/130 32/131/131 26/132/132
f 32/133/133 33/134/134 26/135/135
f 26/136/136 33/137/137 25/138/138
f 33/139/139 23/140/140 25/141/141
f 25/142/142 23/143/143 24/144/144
f 34/145/145 32/146/146 35/147/147
f 35/148/148 32/149/149 31/150/150
f 30/151/151 29/152/152 31/153/153
f 31/154/154 29/155/155 35/156/156
f 29/157/157 36/158/158 35/159/159
f 36/160/160 37/161/161 35/162/162
f 35/163/163 37/164/164 34/165/165
f 37/166/166 38/167/167 34/168/168
f 38/169/169 22/170/170 34/171/171
f 22/172/172 23/173/173 34/174/174
f 34/175/175 23/176/176 32/177/177
f 23/178/178 33/179/179 32/180/180
f 21/181/181 22/182/182 39/183/183
f 22/184/184 38/185/185 39/186/186
f 39/187/187 38/188/188 40/189/189
f 38/190/190 37/191/191 40/192/192
f 40/193/193 37/194/194 41/195/195
f 37/196/196 36/197/197 41/198/198
f 41/199/199 36/200/200 2/201/201
f 2/202/202 36/203/203 3/204/204
f 36/205/205 29/206/206 3/207/207
f 3/208/208 29/209/209 12/210/210
f 42/211/211 43/212/212 44/213/213
f 45/214/214 47/215/215 46/216/216
f 46/217/217 47/218/218 48/219/219
f 47/220/220 49/221/221 48/222/222
f 49/223/223 43/224/224 48/225/225
f 48/226/226 43/227/227 50/228/228
f 43/229/229 42/230/230 50/231/231
f 42/232/232 51/233/233 50/234/234
f 50/235/235 51/236/236 46/237/237
f 51/238/238 52/239/239 46/240/240
f 46/241/241 52/242/242 45/243/243
f 50/244/244 46/245/245 48/246/246
f 45/247/247 53/248/248 47/249/249
f 53/250/250 54/251/251 47/252/252
f 47/253/253 54/254/254 49/255/255
f 53/256/256 55/257/257 54/258/258
f 52/259/259 56/260/260 45/261/261
f 45/262/262 56/263/263 53/264/264
f 56/265/265 57/266/266 53/267/267
f 53/268/268 57/269/269 55/270/270
f 57/271/271 58/272/272 55/273/273
f 58/274/274 59/275/275 55/276/276
f 55/277/277 59/278/278 60/279/279
f 59/280/280 61/281/281 60/282/282
f 61/283/283 49/284/284 60/285/285
f 49/286/286 54/287/287 60/288/288
f 60/289/289 54/290/290 55/291/291
f 62/292/292 63/293/293 64/294/294
f 65/295/295 67/296/296 66/297/297
f 66/298/298 67/299/299 68/300/300
f 67/301/301 69/302/302 68/303/303
f 68/304/304 69/305/305 70/306/306
f 69/307/307 62/308/308 70/309/309
f 62/310/310 64/311/311 70/312/312
f 70/313/313 64/314/314 71/315/315
f 72/316/316 74/317/317 73/318/318
f 73/319/319 74/320/320 75/321/321
f 74/322/322 65/323/323 75/324/324
f 75/325/325 65/326/326 76/327/327
f 65/328/328 66/329/329 76/330/330
f 76/331/331 66/332/332 77/333/333
f 66/334/334 68/335/335 77/336/336
f 77/337/337 68/338/338 78/339/339
f 68/340/340 70/341/341 78/342/342
f 78/343/343 70/344/344 79/345/345
f 80/346/346 77/347/347 81/348/348
f 77/349/349 78/350/350 81/351/351
f 70/352/352 71/353/353 79/354/354
f 71/355/355 82/356/356 79/357/357
f 82/358/358 83/359/359 79/360/360
f 83/361/361 84/362/362 79/363/363
f 79/364/364 84/365/365 78/366/366
f 84/367/367 85/368/368 78/369/369
f 78/370/370 85/371/371 81/372/372
f 85/373/373 86/374/374 81/375/375
f 81/376/376 86/377/377 80/378/378
f 86/379/379 87/380/380 80/381/381
f 86/382/382 85/383/383 88/384/384
f 85/385/385 84/386/386 88/387/387
f 88/388/388 84/389/389 89/390/390
f 80/391/391 87/392/392 90/393/393
f 87/394/394 91/395/395 90/396/396
f 91/397/397 92/398/398 90/399/399
f 90/400/400 92/401/401 93/402/402
f 92/403/403 94/404/404 93/405/405
f 93/406/406 94/407/407 95/408/408
f 94/409/409 96/410/410 95/411/411
f 95/412/412 96/413/413 97/414/414
f 96/415/415 98/416/416 97/417/417
f 97/418/418 98/419/419 99/420/420
f 100/421/421 98/422/422 101/423/423
f 101/424/424 98/425/425 102/426/426
f 98/427/427 96/428/428 102/429/429
f 102/430/430 96/431/431 103/432/432
f 96/433/433 94/434/434 103/435/435
f 103/436/436 94/437/437 92/438/438
f 95/439/439 97/440/440 104/441/441
f 104/442/442 97/443/443 105/444/444
f 97/445/445 99/446/446 105/447/447
f 105/448/448 99/449/449 106/450/450
f 106/451/451 99/452/452 107/453/453
f 99/454/454 108/455/455 107/456/456
f 98/457/457 100/458/458 99/459/459
f 99/460/460 100/461/461 108/462/462
f 100/463/463 71/464/464 108/465/465
f 108/466/466 71/467/467 107/468/468
f 71/469/469 64/470/470 107/471/471
f 64/472/472 63/473/473 107/474/474
f 63/475/475 109/476/476 107/477/477
f 107/478/478 109/479/479 106/480/480
f 109/481/481 110/482/482 106/483/483
f 106/484/484 110/485/485 105/486/486
f 110/487/487 111/488/488 105/489/489
f 111/490/490 112/491/491 105/492/492
f 105/493/493 112/494/494 104/495/495
f 112/496/496 73/497/497 104/498/498
f 104/499/499 73/500/500 95/501/501
f 73/502/502 113/503/503 95/504/504
f 95/505/505 113/506/506 93/507/507
f 93/508/508 113/509/509 90/510/510
f 113/511/511 114/512/512 90/513/513
f 90/514/514 114/515/515 80/516/516
f 112/517/517 72/518/518 73/519/519
f 114/520/520 115/521/521 80/522/522
f 80/523/523 115/524/524 77/525/525
f 77/526/526 115/527/527 76/528/528
f 76/529/529 115/530/530 75/531/531
f 115/532/532 114/533/533 75/534/534
f 114/535/535 113/536/536 75/537/537
f 75/538/538 113/539/539 73/540/540
f 44/541/541 43/542/542 116/543/543
f 43/544/544 49/545/545 116/546/546
f 116/547/547 49/548/548 61/549/549
f 63/550/550 2/551/551 109/552/552
f 2/553/553 1/554/554 109/555/555
f 1/556/556 16/557/557 109/558/558
f 109/559/559 16/560/560 110/561/561
f 16/562/562 17/563/563 110/564/564
f 110/565/565 17/566/566 111/567/567
f 111/568/568 17/569/569 112/570/570
f 17/571/571 18/572/572 112/573/573
f 112/574/574 18/575/575 72/576/576
f 72/577/577 18/578/578 74/579/579
f 18/580/580 19/581/581 74/582/582
f 19/583/583 21/584/584 74/585/585
f 74/586/586 21/587/587 65/588/588
f 65/589/589 21/590/590 67/591/591
f 21/592/592 39/593/593 67/594/594
f 67/595/595 39/596/596 69/597/597
f 39/598/598 40/599/599 69/600/600
f 69/601/601 40/602/602 62/603/603
f 40/604/604 41/605/605 62/606/606
f 41/607/607 2/608/608 62/609/609
f 62/610/610 2/611/611 63/612/612
f 117/613/613 118/614/614 119/615/615
f 120/616/616 122/617/617 121/618/618
f 121/619/619 122/620/620 123/621/621
f 124/622/622 126/623/623 125/624/624
f 125/625/625 126/626/626 127/627/627
f 128/628/628 130/629/629 129/630/630
f 129/631/631 130/632/632 131/633/633
f 130/634/634 132/635/635 131/636/636
f 133/637/637 134/638/638 135/639/639
f 134/640/640 136/641/641 135/642/642
f 137/643/643 139/644/644 138/645/645
f 138/646/646 139/647/647 140/648/648
f 140/649/649 139/650/650 141/651/651
f 139/652/652 142/653/653 141/654/654
f 141/655/655 142/656/656 133/657/657
f 142/658/658 143/659/659 133/660/660
f 133/661/661 143/662/662 134/663/663
f 143/664/664 144/665/665 134/666/666
f 134/667/667 144/668/668 145/669/669
f 146/670/670 147/671/671 148/672/672
f 147/673/673 149/674/674 148/675/675
f 150/676/676 151/677/677 152/678/678
f 151/679/679 153/680/680 152/681/681
f 154/682/682 155/683/683 156/684/684
f 132/685/685 158/686/686 157/687/687
f 157/688/688 158/689/689 159/690/690
f 158/691/691 160/692/692 159/693/693
f 161/694/694 162/695/695 163/696/696
f 164/697/697 166/698/698 165/699/699
f 165/700/700 166/701/701 167/702/702
f 166/703/703 168/704/704 167/705/705
f 167/706/706 168/707/707 169/708/708
f 170/709/709 165/710/710 167/711/711
f 171/712/712 89/713/713 164/714/714
f 164/715/715 89/716/716 166/717/717
f 89/718/718 172/719/719 166/720/720
f 166/721/721 172/722/722 168/723/723
f 172/724/724 173/725/725 168/726/726
f 173/727/727 174/728/728 168/729/729
f 168/730/730 174/731/731 169/732/732
f 174/733/733 175/734/734 169/735/735
f 169/736/736 175/737/737 167/738/738
f 175/739/739 176/740/740 167/741/741
f 167/742/742 176/743/743 170/744/744
f 176/745/745 177/746/746 170/747/747
f 172/748/748 83/749/749 173/750/750
f 89/751/751 171/752/752 178/753/753
f 179/754/754 180/755/755 181/756/756
f 180/757/757 182/758/758 181/759/759
f 181/760/760 182/761/761 183/762/762
f 183/763/763 182/764/764 184/765/765
f 182/766/766 177/767/767 184/768/768
f 177/769/769 176/770/770 184/771/771
f 184/772/772 176/773/773 185/774/774
f 176/775/775 175/776/776 185/777/777
f 185/778/778 175/779/779 186/780/780
f 175/781/781 174/782/782 186/783/783
f 186/784/784 174/785/785 187/786/786
f 174/787/787 173/788/788 187/789/789
f 187/790/790 173/791/791 188/792/792
f 183/793/793 184/794/794 189/795/795
f 189/796/796 184/797/797 190/798/798
f 184/799/799 185/800/800 190/801/801
f 190/802/802 185/803/803 191/804/804
f 185/805/805 186/806/806 191/807/807
f 191/808/808 186/809/809 192/810/810
f 186/811/811 187/812/812 192/813/813
f 192/814/814 187/815/815 193/816/816
f 193/817/817 187/818/818 194/819/819
f 187/820/820 188/821/821 194/822/822
f 194/823/823 188/824/824 195/825/825
f 195/826/826 188/827/827 196/828/828
f 188/829/829 173/830/830 196/831/831
f 196/832/832 173/833/833 197/834/834
f 173/835/835 83/836/836 197/837/837
f 197/838/838 83/839/839 82/840/840
f 198/841/841 200/842/842 199/843/843
f 199/844/844 200/845/845 201/846/846
f 200/847/847 202/848/848 201/849/849
f 201/850/850 202/851/851 203/852/852
f 202/853/853 204/854/854 203/855/855
f 203/856/856 204/857/857 205/858/858
f 204/859/859 206/860/860 205/861/861
f 205/862/862 206/863/863 207/864/864
f 206/865/865 191/866/866 207/867/867
f 191/868/868 192/869/869 207/870/870
f 207/871/871 192/872/872 208/873/873
f 192/874/874 193/875/875 208/876/876
f 191/877/877 206/878/878 190/879/879
f 190/880/880 206/881/881 189/882/882
f 206/883/883 204/884/884 189/885/885
f 189/886/886 204/887/887 209/888/888
f 204/889/889 202/890/890 209/891/891
f 209/892/892 202/893/893 210/894/894
f 202/895/895 200/896/896 210/897/897
f 210/898/898 200/899/899 211/900/900
f 200/901/901 198/902/902 211/903/903
f 189/904/904 209/905/905 212/906/906
f 212/907/907 209/908/908 213/909/909
f 209/910/910 210/911/911 213/912/912
f 213/913/913 210/914/914 214/915/915
f 210/916/916 211/917/917 214/918/918
f 214/919/919 211/920/920 215/921/921
f 211/922/922 198/923/923 215/924/924
f 215/925/925 198/926/926 216/927/927
f 216/928/928 198/929/929 217/930/930
f 217/931/931 198/932/932 199/933/933
f 215/934/934 218/935/935 214/936/936
f 218/937/937 219/938/938 214/939/939
f 219/940/940 220/941/941 214/942/942
f 220/943/943 221/944/944 214/945/945
f 214/946/946 221/947/947 213/948/948
f 221/949/949 212/950/950 213/951/951
f 222/952/952 223/953/953 217/954/954
f 223/955/955 224/956/956 217/957/957
f 217/958/958 224/959/959 216/960/960
f 224/961/961 197/962/962 216/963/963
f 216/964/964 197/965/965 215/966/966
f 197/967/967 225/968/968 215/969/969
f 215/970/970 225/971/971 218/972/972
f 225/973/973 226/974/974 218/975/975
f 226/976/976 227/977/977 218/978/978
f 218/979/979 227/980/980 219/981/981
f 225/982/982 197/983/983 82/984/984
f 227/985/985 228/986/986 219/987/987
f 228/988/988 229/989/989 219/990/990
f 219/991/991 229/992/992 220/993/993
f 229/994/994 230/995/995 220/996/996
f 220/997/997 230/998/998 221/999/999
f 230/1000/1000 179/1001/1001 221/1002/1002
f 179/1003/1003 181/1004/1004 221/1005/1005
f 221/1006/1006 181/1007/1007 212/1008/1008
f 181/1009/1009 183/1010/1010 212/1011/1011
f 212/1012/1012 183/1013/1013 189/1014/1014
f 231/1015/1015 232/1016/1016 233/1017/1017
f 232/1018/1018 234/1019/1019 233/1020/1020
f 235/1021/1021 236/1022/1022 237/1023/1023
f 238/1024/1024 240/1025/1025 239/1026/1026
f 240/1027/1027 241/1028/1028 239/1029/1029
f 239/1030/1030 241/1031/1031 242/1032/1032
f 241/1033/1033 243/1034/1034 242/1035/1035
f 243/1036/1036 244/1037/1037 242/1038/1038
f 242/1039/1039 244/1040/1040 245/1041/1041
f 245/1042/1042 244/1043/1043 228/1044/1044
f 244/1045/1045 246/1046/1046 228/1047/1047
f 247/1048/1048 248/1049/1049 249/1050/1050
f 250/1051/1051 251/1052/1052 252/1053/1053
f 251/1054/1054 253/1055/1055 252/1056/1056
f 252/1057/1057 253/1058/1058 248/1059/1059
f 182/1060/1060 180/1061/1061 254/1062/1062
f 228/1063/1063 246/1064/1064 229/1065/1065
f 246/1066/1066 255/1067/1067 229/1068/1068
f 229/1069/1069 255/1070/1070 230/1071/1071
f 255/1072/1072 256/1073/1073 230/1074/1074
f 230/1075/1075 256/1076/1076 179/1077/1077
f 256/1078/1078 257/1079/1079 179/1080/1080
f 179/1081/1081 257/1082/1082 180/1083/1083
f 257/1084/1084 258/1085/1085 180/1086/1086
f 180/1087/1087 258/1088/1088 254/1089/1089
f 259/1090/1090 260/1091/1091 120/1092/1092
f 120/1093/1093 260/1094/1094 261/1095/1095
f 260/1096/1096 262/1097/1097 261/1098/1098
f 262/1099/1099 263/1100/1100 261/1101/1101
f 261/1102/1102 263/1103/1103 264/1104/1104
f 264/1105/1105 263/1106/1106 265/1107/1107
f 263/1108/1108 266/1109/1109 265/1110/1110
f 266/1111/1111 267/1112/1112 265/1113/1113
f 265/1114/1114 267/1115/1115 268/1116/1116
f 268/1117/1117 267/1118/1118 269/1119/1119
f 267/1120/1120 270/1121/1121 269/1122/1122
f 270/1123/1123 271/1124/1124 269/1125/1125
f 269/1126/1126 271/1127/1127 125/1128/1128
f 271/1129/1129 272/1130/1130 125/1131/1131
f 273/1132/1132 195/1133/1133 196/1134/1134
f 223/1135/1135 273/1136/1136 224/1137/1137
f 273/1138/1138 196/1139/1139 224/1140/1140
f 224/1141/1141 196/1142/1142 197/1143/1143
f 242/1144/1144 245/1145/1145 274/1146/1146
f 275/1147/1147 276/1148/1148 277/1149/1149
f 276/1150/1150 238/1151/1151 277/1152/1152
f 277/1153/1153 238/1154/1154 278/1155/1155
f 238/1156/1156 239/1157/1157 278/1158/1158
f 239/1159/1159 242/1160/1160 278/1161/1161
f 278/1162/1162 242/1163/1163 279/1164/1164
f 242/1165/1165 274/1166/1166 279/1167/1167
f 279/1168/1168 274/1169/1169 280/1170/1170
f 280/1171/1171 274/1172/1172 226/1173/1173
f 226/1174/1174 274/1175/1175 227/1176/1176
f 274/1177/1177 245/1178/1178 227/1179/1179
f 227/1180/1180 245/1181/1181 228/1182/1182
f 127/1183/1183 126/1184/1184 281/1185/1185
f 126/1186/1186 282/1187/1187 281/1188/1188
f 281/1189/1189 282/1190/1190 283/1191/1191
f 282/1192/1192 284/1193/1193 283/1194/1194
f 283/1195/1195 284/1196/1196 285/1197/1197
f 284/1198/1198 286/1199/1199 285/1200/1200
f 285/1201/1201 286/1202/1202 287/1203/1203
f 286/1204/1204 288/1205/1205 287/1206/1206
f 287/1207/1207 288/1208/1208 289/1209/1209
f 288/1210/1210 290/1211/1211 289/1212/1212
f 289/1213/1213 290/1214/1214 122/1215/1215
f 290/1216/1216 123/1217/1217 122/1218/1218
f 259/1219/1219 120/1220/1220 121/1221/1221
f 291/1222/1222 293/1223/1223 292/1224/1224
f 292/1225/1225 293/1226/1226 294/1227/1227
f 293/1228/1228 295/1229/1229 294/1230/1230
f 294/1231/1231 295/1232/1232 121/1233/1233
f 295/1234/1234 296/1235/1235 121/1236/1236
f 121/1237/1237 296/1238/1238 259/1239/1239
f 296/1240/1240 297/1241/1241 259/1242/1242
f 295/1243/1243 293/1244/1244 298/1245/1245
f 293/1246/1246 291/1247/1247 298/1248/1248
f 125/1249/1249 272/1250/1250 124/1251/1251
f 272/1252/1252 299/1253/1253 124/1254/1254
f 299/1255/1255 300/1256/1256 124/1257/1257
f 124/1258/1258 300/1259/1259 301/1260/1260
f 300/1261/1261 302/1262/1262 301/1263/1263
f 301/1264/1264 302/1265/1265 303/1266/1266
f 302/1267/1267 304/1268/1268 303/1269/1269
f 303/1270/1270 304/1271/1271 305/1272/1272
f 304/1273/1273 291/1274/1274 305/1275/1275
f 305/1276/1276 291/1277/1277 292/1278/1278
f 306/1279/1279 307/1280/1280 195/1281/1281
f 195/1282/1282 307/1283/1283 194/1284/1284
f 307/1285/1285 308/1286/1286 194/1287/1287
f 194/1288/1288 308/1289/1289 193/1290/1290
f 193/1291/1291 308/1292/1292 208/1293/1293
f 308/1294/1294 309/1295/1295 208/1296/1296
f 309/1297/1297 310/1298/1298 208/1299/1299
f 208/1300/1300 310/1301/1301 311/1302/1302
f 311/1303/1303 310/1304/1304 312/1305/1305
f 310/1306/1306 313/1307/1307 312/1308/1308
f 312/1309/1309 313/1310/1310 314/1311/1311
f 313/1312/1312 315/1313/1313 314/1314/1314
f 314/1315/1315 315/1316/1316 316/1317/1317
f 315/1318/1318 317/1319/1319 316/1320/1320
f 316/1321/1321 317/1322/1322 222/1323/1323
f 222/1324/1324 317/1325/1325 223/1326/1326
f 317/1327/1327 318/1328/1328 223/1329/1329
f 223/1330/1330 318/1331/1331 273/1332/1332
f 318/1333/1333 319/1334/1334 273/1335/1335
f 319/1336/1336 306/1337/1337 273/1338/1338
f 273/1339/1339 306/1340/1340 195/1341/1341
f 208/1342/1342 311/1343/1343 207/1344/1344
f 207/1345/1345 311/1346/1346 205/1347/1347
f 311/1348/1348 312/1349/1349 205/1350/1350
f 205/1351/1351 312/1352/1352 203/1353/1353
f 312/1354/1354 314/1355/1355 203/1356/1356
f 203/1357/1357 314/1358/1358 201/1359/1359
f 314/1360/1360 316/1361/1361 201/1362/1362
f 201/1363/1363 316/1364/1364 199/1365/1365
f 316/1366/1366 222/1367/1367 199/1368/1368
f 199/1369/1369 222/1370/1370 217/1371/1371
f 121/1372/1372 123/1373/1373 294/1374/1374
f 123/1375/1375 290/1376/1376 294/1377/1377
f 294/1378/1378 290/1379/1379 292/1380/1380
f 290/1381/1381 288/1382/1382 292/1383/1383
f 292/1384/1384 288/1385/1385 305/1386/1386
f 288/1387/1387 286/1388/1388 305/1389/1389
f 305/1390/1390 286/1391/1391 303/1392/1392
f 286/1393/1393 284/1394/1394 303/1395/1395
f 303/1396/1396 284/1397/1397 301/1398/1398
f 284/1399/1399 282/1400/1400 301/1401/1401
f 301/1402/1402 282/1403/1403 124/1404/1404
f 282/1405/1405 126/1406/1406 124/1407/1407
f 125/1408/1408 127/1409/1409 269/1410/1410
f 127/1411/1411 281/1412/1412 269/1413/1413
f 269/1414/1414 281/1415/1415 268/1416/1416
f 281/1417/1417 283/1418/1418 268/1419/1419
f 268/1420/1420 283/1421/1421 265/1422/1422
f 283/1423/1423 285/1424/1424 265/1425/1425
f 265/1426/1426 285/1427/1427 264/1428/1428
f 285/1429/1429 287/1430/1430 264/1431/1431
f 264/1432/1432 287/1433/1433 261/1434/1434
f 287/1435/1435 289/1436/1436 261/1437/1437
f 261/1438/1438 289/1439/1439 120/1440/1440
f 289/1441/1441 122/1442/1442 120/1443/1443
f 320/1444/1444 321/1445/1445 322/1446/1446
f 323/1447/1447 321/1448/1448 324/1449/1449
f 324/1450/1450 321/1451/1451 320/1452/1452
f 325/1453/1453 327/1454/1454 326/1455/1455
f 326/1456/1456 327/1457/1457 328/1458/1458
f 329/1459/1459 322/1460/1460 323/1461/1461
f 323/1462/1462 322/1463/1463 321/1464/1464
f 330/1465/1465 332/1466/1466 331/1467/1467
f 331/1468/1468 332/1469/1469 333/1470/1470
f 332/1471/1471 334/1472/1472 333/1473/1473
f 57/1474/1474 334/1475/1475 58/1476/1476
f 334/1477/1477 332/1478/1478 58/1479/1479
f 58/1480/1480 332/1481/1481 59/1482/1482
f 332/1483/1483 330/1484/1484 59/1485/1485
f 59/1486/1486 330/1487/1487 335/1488/1488
f 330/1489/1489 336/1490/1490 335/1491/1491
f 335/1492/1492 336/1493/1493 337/1494/1494
f 337/1495/1495 336/1496/1496 338/1497/1497
f 336/1498/1498 339/1499/1499 338/1500/1500
f 338/1501/1501 339/1502/1502 340/1503/1503
f 61/1504/1504 59/1505/1505 341/1506/1506
f 59/1507/1507 335/1508/1508 341/1509/1509
f 341/1510/1510 335/1511/1511 337/1512/1512
f 342/1513/1513 344/1514/1514 343/1515/1515
f 343/1516/1516 344/1517/1517 336/1518/1518
f 336/1519/1519 344/1520/1520 339/1521/1521
f 336/1522/1522 330/1523/1523 343/1524/1524
f 330/1525/1525 331/1526/1526 343/1527/1527
f 343/1528/1528 331/1529/1529 342/1530/1530
f 331/1531/1531 333/1532/1532 342/1533/1533
f 333/1534/1534 345/1535/1535 342/1536/1536
f 345/1537/1537 346/1538/1538 342/1539/1539
f 342/1540/1540 346/1541/1541 344/1542/1542
f 346/1543/1543 347/1544/1544 344/1545/1545
f 344/1546/1546 347/1547/1547 339/1548/1548
f 347/1549/1549 348/1550/1550 339/1551/1551
f 339/1552/1552 348/1553/1553 340/1554/1554
f 340/1555/1555 348/1556/1556 349/1557/1557
f 349/1558/1558 348/1559/1559 132/1560/1560
f 132/1561/1561 348/1562/1562 158/1563/1563
f 158/1564/1564 348/1565/1565 160/1566/1566
f 348/1567/1567 347/1568/1568 160/1569/1569
f 160/1570/1570 347/1571/1571 350/1572/1572
f 347/1573/1573 346/1574/1574 350/1575/1575
f 350/1576/1576 346/1577/1577 351/1578/1578
f 346/1579/1579 345/1580/1580 351/1581/1581
f 352/1582/1582 353/1583/1583 351/1584/1584
f 353/1585/1585 118/1586/1586 351/1587/1587
f 351/1588/1588 345/1589/1589 352/1590/1590
f 345/1591/1591 333/1592/1592 352/1593/1593
f 352/1594/1594 333/1595/1595 354/1596/1596
f 333/1597/1597 334/1598/1598 354/1599/1599
f 334/1600/1600 355/1601/1601 354/1602/1602
f 355/1603/1603 356/1604/1604 354/1605/1605
f 354/1606/1606 356/1607/1607 357/1608/1608
f 356/1609/1609 358/1610/1610 357/1611/1611
f 357/1612/1612 358/1613/1613 359/1614/1614
f 358/1615/1615 360/1616/1616 359/1617/1617
f 359/1618/1618 360/1619/1619 361/1620/1620
f 360/1621/1621 362/1622/1622 361/1623/1623
f 357/1624/1624 359/1625/1625 363/1626/1626
f 354/1627/1627 357/1628/1628 352/1629/1629
f 357/1630/1630 363/1631/1631 352/1632/1632
f 352/1633/1633 363/1634/1634 364/1635/1635
f 364/1636/1636 363/1637/1637 138/1638/1638
f 363/1639/1639 359/1640/1640 138/1641/1641
f 359/1642/1642 361/1643/1643 138/1644/1644
f 138/1645/1645 361/1646/1646 137/1647/1647
f 358/1648/1648 365/1649/1649 360/1650/1650
f 360/1651/1651 365/1652/1652 366/1653/1653
f 366/1654/1654 365/1655/1655 367/1656/1656
f 367/1657/1657 365/1658/1658 368/1659/1659
f 368/1660/1660 365/1661/1661 369/1662/1662
f 365/1663/1663 358/1664/1664 369/1665/1665
f 369/1666/1666 358/1667/1667 356/1668/1668
f 370/1669/1669 367/1670/1670 371/1671/1671
f 371/1672/1672 367/1673/1673 372/1674/1674
f 367/1675/1675 368/1676/1676 372/1677/1677
f 372/1678/1678 368/1679/1679 52/1680/1680
f 368/1681/1681 369/1682/1682 52/1683/1683
f 52/1684/1684 369/1685/1685 56/1686/1686
f 369/1687/1687 356/1688/1688 56/1689/1689
f 356/1690/1690 355/1691/1691 56/1692/1692
f 56/1693/1693 355/1694/1694 57/1695/1695
f 355/1696/1696 334/1697/1697 57/1698/1698
f 52/1699/1699 51/1700/1700 372/1701/1701
f 51/1702/1702 42/1703/1703 372/1704/1704
f 372/1705/1705 42/1706/1706 371/1707/1707
f 42/1708/1708 373/1709/1709 371/1710/1710
f 371/1711/1711 373/1712/1712 370/1713/1713
f 373/1714/1714 374/1715/1715 370/1716/1716
f 370/1717/1717 374/1718/1718 375/1719/1719
f 374/1720/1720 376/1721/1721 375/1722/1722
f 375/1723/1723 376/1724/1724 377/1725/1725
f 376/1726/1726 378/1727/1727 377/1728/1728
f 378/1729/1729 376/1730/1730 379/1731/1731
f 376/1732/1732 374/1733/1733 379/1734/1734
f 374/1735/1735 373/1736/1736 379/1737/1737
f 373/1738/1738 380/1739/1739 379/1740/1740
f 379/1741/1741 380/1742/1742 381/1743/1743
f 42/1744/1744 44/1745/1745 373/1746/1746
f 44/1747/1747 116/1748/1748 373/1749/1749
f 373/1750/1750 116/1751/1751 380/1752/1752
f 116/1753/1753 61/1754/1754 380/1755/1755
f 61/1756/1756 341/1757/1757 380/1758/1758
f 341/1759/1759 337/1760/1760 380/1761/1761
f 380/1762/1762 337/1763/1763 381/1764/1764
f 337/1765/1765 382/1766/1766 381/1767/1767
f 381/1768/1768 382/1769/1769 379/1770/1770
f 382/1771/1771 378/1772/1772 379/1773/1773
f 337/1774/1774 338/1775/1775 382/1776/1776
f 377/1777/1777 378/1778/1778 383/1779/1779
f 378/1780/1780 382/1781/1781 383/1782/1782
f 383/1783/1783 382/1784/1784 384/1785/1785
f 382/1786/1786 338/1787/1787 384/1788/1788
f 338/1789/1789 340/1790/1790 384/1791/1791
f 384/1792/1792 340/1793/1793 385/1794/1794
f 340/1795/1795 349/1796/1796 385/1797/1797
f 349/1798/1798 132/1799/1799 385/1800/1800
f 132/1801/1801 130/1802/1802 385/1803/1803
f 130/1804/1804 128/1805/1805 385/1806/1806
f 377/1807/1807 383/1808/1808 386/1809/1809
f 386/1810/1810 383/1811/1811 387/1812/1812
f 383/1813/1813 384/1814/1814 387/1815/1815
f 387/1816/1816 384/1817/1817 385/1818/1818
f 385/1819/1819 128/1820/1820 387/1821/1821
f 128/1822/1822 388/1823/1823 387/1824/1824
f 387/1825/1825 388/1826/1826 386/1827/1827
f 388/1828/1828 251/1829/1829 386/1830/1830
f 251/1831/1831 389/1832/1832 386/1833/1833
f 386/1834/1834 389/1835/1835 377/1836/1836
f 377/1837/1837 389/1838/1838 375/1839/1839
f 389/1840/1840 366/1841/1841 375/1842/1842
f 375/1843/1843 366/1844/1844 370/1845/1845
f 366/1846/1846 367/1847/1847 370/1848/1848
f 327/1849/1849 390/1850/1850 328/1851/1851
f 326/1852/1852 328/1853/1853 391/1854/1854
f 328/1855/1855 390/1856/1856 391/1857/1857
f 391/1858/1858 390/1859/1859 329/1860/1860
f 390/1861/1861 322/1862/1862 329/1863/1863
f 306/1864/1864 392/1865/1865 307/1866/1866
f 392/1867/1867 393/1868/1868 307/1869/1869
f 393/1870/1870 394/1871/1871 307/1872/1872
f 307/1873/1873 394/1874/1874 308/1875/1875
f 394/1876/1876 309/1877/1877 308/1878/1878
f 395/1879/1879 396/1880/1880 397/1881/1881
f 397/1882/1882 396/1883/1883 392/1884/1884
f 396/1885/1885 398/1886/1886 392/1887/1887
f 392/1888/1888 398/1889/1889 393/1890/1890
f 398/1891/1891 399/1892/1892 393/1893/1893
f 393/1894/1894 399/1895/1895 394/1896/1896
f 399/1897/1897 400/1898/1898 394/1899/1899
f 394/1900/1900 400/1901/1901 309/1902/1902
f 309/1903/1903 400/1904/1904 310/1905/1905
f 400/1906/1906 401/1907/1907 310/1908/1908
f 310/1909/1909 401/1910/1910 313/1911/1911
f 399/1912/1912 398/1913/1913 396/1914/1914
f 402/1915/1915 403/1916/1916 396/1917/1917
f 396/1918/1918 403/1919/1919 399/1920/1920
f 403/1921/1921 404/1922/1922 399/1923/1923
f 399/1924/1924 404/1925/1925 400/1926/1926
f 404/1927/1927 405/1928/1928 400/1929/1929
f 400/1930/1930 405/1931/1931 401/1932/1932
f 405/1933/1933 406/1934/1934 401/1935/1935
f 401/1936/1936 406/1937/1937 313/1938/1938
f 406/1939/1939 407/1940/1940 313/1941/1941
f 313/1942/1942 407/1943/1943 315/1944/1944
f 405/1945/1945 404/1946/1946 408/1947/1947
f 404/1948/1948 403/1949/1949 408/1950/1950
f 408/1951/1951 403/1952/1952 409/1953/1953
f 403/1954/1954 402/1955/1955 409/1956/1956
f 406/1957/1957 405/1958/1958 410/1959/1959
f 410/1960/1960 405/1961/1961 411/1962/1962
f 405/1963/1963 408/1964/1964 411/1965/1965
f 411/1966/1966 408/1967/1967 412/1968/1968
f 408/1969/1969 409/1970/1970 412/1971/1971
f 412/1972/1972 409/1973/1973 413/1974/1974
f 413/1975/1975 409/1976/1976 414/1977/1977
f 414/1978/1978 409/1979/1979 395/1980/1980
f 409/1981/1981 402/1982/1982 395/1983/1983
f 402/1984/1984 396/1985/1985 395/1986/1986
f 411/1987/1987 415/1988/1988 410/1989/1989
f 410/1990/1990 415/1991/1991 416/1992/1992
f 416/1993/1993 415/1994/1994 413/1995/1995
f 413/1996/1996 415/1997/1997 412/1998/1998
f 415/1999/1999 411/2000/2000 412/2001/2001
f 397/2002/2002 417/2003/2003 395/2004/2004
f 417/2005/2005 418/2006/2006 395/2007/2007
f 395/2008/2008 418/2009/2009 414/2010/2010
f 414/2011/2011 418/2012/2012 413/2013/2013
f 418/2014/2014 419/2015/2015 413/2016/2016
f 413/2017/2017 419/2018/2018 416/2019/2019
f 419/2020/2020 420/2021/2021 416/2022/2022
f 420/2023/2023 407/2024/2024 416/2025/2025
f 416/2026/2026 407/2027/2027 410/2028/2028
f 407/2029/2029 406/2030/2030 410/2031/2031
f 420/2032/2032 419/2033/2033 421/2034/2034
f 419/2035/2035 418/2036/2036 421/2037/2037
f 418/2038/2038 417/2039/2039 421/2040/2040
f 421/2041/2041 417/2042/2042 422/2043/2043
f 315/2044/2044 407/2045/2045 317/2046/2046
f 407/2047/2047 420/2048/2048 317/2049/2049
f 317/2050/2050 420/2051/2051 318/2052/2052
f 420/2053/2053 421/2054/2054 318/2055/2055
f 318/2056/2056 421/2057/2057 319/2058/2058
f 421/2059/2059 422/2060/2060 319/2061/2061
f 319/2062/2062 422/2063/2063 306/2064/2064
f 306/2065/2065 422/2066/2066 392/2067/2067
f 422/2068/2068 417/2069/2069 392/2070/2070
f 392/2071/2071 417/2072/2072 397/2073/2073
f 423/2074/2074 425/2075/2075 424/2076/2076
f 424/2077/2077 425/2078/2078 426/2079/2079
f 427/2080/2080 428/2081/2081 429/2082/2082
f 134/2083/2083 430/2084/2084 136/2085/2085
f 136/2086/2086 430/2087/2087 427/2088/2088
f 430/2089/2089 431/2090/2090 427/2091/2091
f 427/2092/2092 431/2093/2093 428/2094/2094
f 428/2095/2095 431/2096/2096 432/2097/2097
f 431/2098/2098 433/2099/2099 432/2100/2100
f 432/2101/2101 433/2102/2102 434/2103/2103
f 433/2104/2104 431/2105/2105 435/2106/2106
f 431/2107/2107 430/2108/2108 435/2109/2109
f 435/2110/2110 430/2111/2111 436/2112/2112
f 430/2113/2113 437/2114/2114 436/2115/2115
f 434/2116/2116 433/2117/2117 438/2118/2118
f 433/2119/2119 435/2120/2120 438/2121/2121
f 438/2122/2122 435/2123/2123 439/2124/2124
f 439/2125/2125 435/2126/2126 440/2127/2127
f 435/2128/2128 436/2129/2129 440/2130/2130
f 440/2131/2131 436/2132/2132 441/2133/2133
f 441/2134/2134 436/2135/2135 442/2136/2136
f 436/2137/2137 437/2138/2138 442/2139/2139
f 442/2140/2140 437/2141/2141 134/2142/2142
f 437/2143/2143 430/2144/2144 134/2145/2145
f 440/2146/2146 441/2147/2147 443/2148/2148
f 134/2149/2149 145/2150/2150 442/2151/2151
f 145/2152/2152 247/2153/2153 442/2154/2154
f 438/2155/2155 444/2156/2156 434/2157/2157
f 445/2158/2158 424/2159/2159 446/2160/2160
f 446/2161/2161 424/2162/2162 426/2163/2163
f 270/2164/2164 267/2165/2165 443/2166/2166
f 443/2167/2167 267/2168/2168 440/2169/2169
f 267/2170/2170 266/2171/2171 440/2172/2172
f 440/2173/2173 266/2174/2174 439/2175/2175
f 266/2176/2176 263/2177/2177 439/2178/2178
f 263/2179/2179 262/2180/2180 439/2181/2181
f 439/2182/2182 262/2183/2183 438/2184/2184
f 438/2185/2185 262/2186/2186 444/2187/2187
f 262/2188/2188 260/2189/2189 444/2190/2190
f 444/2191/2191 260/2192/2192 259/2193/2193
f 272/2194/2194 447/2195/2195 299/2196/2196
f 448/2197/2197 450/2198/2198 449/2199/2199
f 449/2200/2200 450/2201/2201 451/2202/2202
f 450/2203/2203 452/2204/2204 451/2205/2205
f 451/2206/2206 452/2207/2207 453/2208/2208
f 452/2209/2209 300/2210/2210 453/2211/2211
f 300/2212/2212 299/2213/2213 453/2214/2214
f 453/2215/2215 299/2216/2216 451/2217/2217
f 298/2218/2218 455/2219/2219 454/2220/2220
f 454/2221/2221 455/2222/2222 456/2223/2223
f 456/2224/2224 455/2225/2225 448/2226/2226
f 455/2227/2227 457/2228/2228 448/2229/2229
f 457/2230/2230 452/2231/2231 448/2232/2232
f 448/2233/2233 452/2234/2234 450/2235/2235
f 458/2236/2236 452/2237/2237 457/2238/2238
f 297/2239/2239 296/2240/2240 459/2241/2241
f 296/2242/2242 460/2243/2243 459/2244/2244
f 459/2245/2245 460/2246/2246 461/2247/2247
f 460/2248/2248 454/2249/2249 461/2250/2250
f 461/2251/2251 454/2252/2252 462/2253/2253
f 454/2254/2254 456/2255/2255 462/2256/2256
f 462/2257/2257 456/2258/2258 463/2259/2259
f 463/2260/2260 456/2261/2261 464/2262/2262
f 456/2263/2263 448/2264/2264 464/2265/2265
f 464/2266/2266 448/2267/2267 449/2268/2268
f 463/2269/2269 465/2270/2270 462/2271/2271
f 462/2272/2272 465/2273/2273 461/2274/2274
f 465/2275/2275 466/2276/2276 461/2277/2277
f 466/2278/2278 467/2279/2279 461/2280/2280
f 461/2281/2281 467/2282/2282 459/2283/2283
f 468/2284/2284 469/2285/2285 470/2286/2286
f 469/2287/2287 468/2288/2288 471/2289/2289
f 471/2290/2290 468/2291/2291 159/2292/2292
f 468/2293/2293 472/2294/2294 159/2295/2295
f 159/2296/2296 472/2297/2297 157/2298/2298
f 472/2299/2299 473/2300/2300 157/2301/2301
f 473/2302/2302 474/2303/2303 157/2304/2304
f 474/2305/2305 475/2306/2306 157/2307/2307
f 157/2308/2308 475/2309/2309 132/2310/2310
f 159/2311/2311 160/2312/2312 471/2313/2313
f 471/2314/2314 160/2315/2315 350/2316/2316
f 388/2317/2317 128/2318/2318 476/2319/2319
f 476/2320/2320 128/2321/2321 129/2322/2322
f 424/2323/2323 445/2324/2324 474/2325/2325
f 474/2326/2326 445/2327/2327 477/2328/2328
f 478/2329/2329 480/2330/2330 479/2331/2331
f 479/2332/2332 480/2333/2333 481/2334/2334
f 482/2335/2335 483/2336/2336 484/2337/2337
f 483/2338/2338 485/2339/2339 484/2340/2340
f 484/2341/2341 485/2342/2342 486/2343/2343
f 486/2344/2344 485/2345/2345 487/2346/2346
f 485/2347/2347 488/2348/2348 487/2349/2349
f 487/2350/2350 488/2351/2351 489/2352/2352
f 488/2353/2353 490/2354/2354 489/2355/2355
f 489/2356/2356 490/2357/2357 491/2358/2358
f 490/2359/2359 480/2360/2360 491/2361/2361
f 491/2362/2362 480/2363/2363 492/2364/2364
f 480/2365/2365 478/2366/2366 492/2367/2367
f 492/2368/2368 478/2369/2369 493/2370/2370
f 478/2371/2371 494/2372/2372 493/2373/2373
f 488/2374/2374 485/2375/2375 495/2376/2376
f 485/2377/2377 483/2378/2378 495/2379/2379
f 474/2380/2380 477/2381/2381 475/2382/2382
f 477/2383/2383 131/2384/2384 475/2385/2385
f 475/2386/2386 131/2387/2387 132/2388/2388
f 496/2389/2389 498/2390/2390 497/2391/2391
f 497/2392/2392 498/2393/2393 499/2394/2394
f 498/2395/2395 425/2396/2396 499/2397/2397
f 425/2398/2398 423/2399/2399 499/2400/2400
f 499/2401/2401 423/2402/2402 472/2403/2403
f 472/2404/2404 423/2405/2405 473/2406/2406
f 473/2407/2407 423/2408/2408 474/2409/2409
f 423/2410/2410 424/2411/2411 474/2412/2412
f 297/2413/2413 500/2414/2414 259/2415/2415
f 451/2416/2416 501/2417/2417 449/2418/2418
f 501/2419/2419 502/2420/2420 449/2421/2421
f 449/2422/2422 502/2423/2423 464/2424/2424
f 502/2425/2425 503/2426/2426 464/2427/2427
f 464/2428/2428 503/2429/2429 463/2430/2430
f 503/2431/2431 504/2432/2432 463/2433/2433
f 463/2434/2434 504/2435/2435 465/2436/2436
f 504/2437/2437 505/2438/2438 465/2439/2439
f 465/2440/2440 505/2441/2441 466/2442/2442
f 505/2443/2443 506/2444/2444 466/2445/2445
f 466/2446/2446 506/2447/2447 467/2448/2448
f 506/2449/2449 507/2450/2450 467/2451/2451
f 508/2452/2452 509/2453/2453 510/2454/2454
f 509/2455/2455 507/2456/2456 510/2457/2457
f 507/2458/2458 506/2459/2459 510/2460/2460
f 510/2461/2461 506/2462/2462 511/2463/2463
f 506/2464/2464 505/2465/2465 511/2466/2466
f 511/2467/2467 505/2468/2468 512/2469/2469
f 505/2470/2470 504/2471/2471 512/2472/2472
f 512/2473/2473 504/2474/2474 513/2475/2475
f 504/2476/2476 503/2477/2477 513/2478/2478
f 513/2479/2479 503/2480/2480 514/2481/2481
f 503/2482/2482 502/2483/2483 514/2484/2484
f 514/2485/2485 502/2486/2486 515/2487/2487
f 502/2488/2488 501/2489/2489 515/2490/2490
f 451/2491/2491 515/2492/2492 501/2493/2493
f 516/2494/2494 511/2495/2495 512/2496/2496
f 517/2497/2497 513/2498/2498 514/2499/2499
f 488/2500/2500 518/2501/2501 490/2502/2502
f 490/2503/2503 518/2504/2504 480/2505/2505
f 518/2506/2506 481/2507/2507 480/2508/2508
f 519/2509/2509 520/2510/2510 521/2511/2511
f 472/2512/2512 468/2513/2513 519/2514/2514
f 487/2515/2515 522/2516/2516 486/2517/2517
f 522/2518/2518 523/2519/2519 486/2520/2520
f 523/2521/2521 524/2522/2522 486/2523/2523
f 524/2524/2524 525/2525/2525 486/2526/2526
f 486/2527/2527 525/2528/2528 484/2529/2529
f 525/2530/2530 526/2531/2531 484/2532/2532
f 484/2533/2533 526/2534/2534 482/2535/2535
f 526/2536/2536 520/2537/2537 482/2538/2538
f 497/2539/2539 527/2540/2540 496/2541/2541
f 519/2542/2542 521/2543/2543 497/2544/2544
f 521/2545/2545 528/2546/2546 497/2547/2547
f 497/2548/2548 528/2549/2549 527/2550/2550
f 527/2551/2551 528/2552/2552 529/2553/2553
f 528/2554/2554 530/2555/2555 529/2556/2556
f 472/2557/2557 519/2558/2558 499/2559/2559
f 499/2560/2560 519/2561/2561 497/2562/2562
f 523/2563/2563 531/2564/2564 524/2565/2565
f 524/2566/2566 531/2567/2567 532/2568/2568
f 532/2569/2569 531/2570/2570 533/2571/2571
f 533/2572/2572 531/2573/2573 534/2574/2574
f 531/2575/2575 523/2576/2576 534/2577/2577
f 534/2578/2578 523/2579/2579 535/2580/2580
f 536/2581/2581 140/2582/2582 537/2583/2583
f 140/2584/2584 141/2585/2585 537/2586/2586
f 141/2587/2587 133/2588/2588 537/2589/2589
f 133/2590/2590 135/2591/2591 537/2592/2592
f 135/2593/2593 136/2594/2594 537/2595/2595
f 136/2596/2596 427/2597/2597 537/2598/2598
f 427/2599/2599 429/2600/2600 537/2601/2601
f 429/2602/2602 119/2603/2603 537/2604/2604
f 119/2605/2605 118/2606/2606 537/2607/2607
f 118/2608/2608 353/2609/2609 537/2610/2610
f 537/2611/2611 353/2612/2612 538/2613/2613
f 353/2614/2614 352/2615/2615 538/2616/2616
f 352/2617/2617 364/2618/2618 538/2619/2619
f 538/2620/2620 364/2621/2621 537/2622/2622
f 537/2623/2623 364/2624/2624 536/2625/2625
f 364/2626/2626 138/2627/2627 536/2628/2628
f 536/2629/2629 138/2630/2630 140/2631/2631
f 539/2632/2632 540/2633/2633 541/2634/2634
f 542/2635/2635 543/2636/2636 544/2637/2637
f 543/2638/2638 545/2639/2639 544/2640/2640
f 544/2641/2641 545/2642/2642 546/2643/2643
f 545/2644/2644 547/2645/2645 546/2646/2646
f 547/2647/2647 548/2648/2648 546/2649/2649
f 546/2650/2650 548/2651/2651 541/2652/2652
f 548/2653/2653 549/2654/2654 541/2655/2655
f 541/2656/2656 549/2657/2657 539/2658/2658
f 549/2659/2659 550/2660/2660 539/2661/2661
f 539/2662/2662 550/2663/2663 551/2664/2664
f 547/2665/2665 545/2666/2666 552/2667/2667
f 552/2668/2668 545/2669/2669 553/2670/2670
f 545/2671/2671 543/2672/2672 553/2673/2673
f 553/2674/2674 543/2675/2675 554/2676/2676
f 543/2677/2677 555/2678/2678 554/2679/2679
f 539/2680/2680 551/2681/2681 556/2682/2682
f 551/2683/2683 557/2684/2684 556/2685/2685
f 556/2686/2686 557/2687/2687 558/2688/2688
f 557/2689/2689 559/2690/2690 558/2691/2691
f 558/2692/2692 559/2693/2693 560/2694/2694
f 559/2695/2695 561/2696/2696 560/2697/2697
f 560/2698/2698 561/2699/2699 562/2700/2700
f 561/2701/2701 563/2702/2702 562/2703/2703
f 562/2704/2704 563/2705/2705 564/2706/2706
f 563/2707/2707 565/2708/2708 564/2709/2709
f 558/2710/2710 560/2711/2711 566/2712/2712
f 562/2713/2713 567/2714/2714 560/2715/2715
f 560/2716/2716 567/2717/2717 566/2718/2718
f 567/2719/2719 568/2720/2720 566/2721/2721
f 564/2722/2722 569/2723/2723 562/2724/2724
f 562/2725/2725 569/2726/2726 567/2727/2727
f 569/2728/2728 570/2729/2729 567/2730/2730
f 567/2731/2731 570/2732/2732 568/2733/2733
f 570/2734/2734 571/2735/2735 568/2736/2736
f 571/2737/2737 572/2738/2738 568/2739/2739
f 572/2740/2740 573/2741/2741 568/2742/2742
f 568/2743/2743 573/2744/2744 566/2745/2745
f 573/2746/2746 574/2747/2747 566/2748/2748
f 566/2749/2749 574/2750/2750 558/2751/2751
f 574/2752/2752 556/2753/2753 558/2754/2754
f 575/2755/2755 162/2756/2756 571/2757/2757
f 571/2758/2758 162/2759/2759 572/2760/2760
f 162/2761/2761 161/2762/2762 572/2763/2763
f 161/2764/2764 576/2765/2765 572/2766/2766
f 572/2767/2767 576/2768/2768 573/2769/2769
f 576/2770/2770 577/2771/2771 573/2772/2772
f 573/2773/2773 577/2774/2774 574/2775/2775
f 577/2776/2776 540/2777/2777 574/2778/2778
f 574/2779/2779 540/2780/2780 556/2781/2781
f 540/2782/2782 539/2783/2783 556/2784/2784
f 541/2785/2785 540/2786/2786 578/2787/2787
f 540/2788/2788 577/2789/2789 578/2790/2790
f 578/2791/2791 577/2792/2792 579/2793/2793
f 577/2794/2794 576/2795/2795 579/2796/2796
f 579/2797/2797 576/2798/2798 580/2799/2799
f 576/2800/2800 161/2801/2801 580/2802/2802
f 161/2803/2803 163/2804/2804 580/2805/2805
f 163/2806/2806 555/2807/2807 580/2808/2808
f 580/2809/2809 555/2810/2810 542/2811/2811
f 555/2812/2812 543/2813/2813 542/2814/2814
f 541/2815/2815 578/2816/2816 546/2817/2817
f 546/2818/2818 578/2819/2819 544/2820/2820
f 578/2821/2821 579/2822/2822 544/2823/2823
f 544/2824/2824 579/2825/2825 542/2826/2826
f 579/2827/2827 580/2828/2828 542/2829/2829
f 233/2830/2830 581/2831/2831 231/2832/2832
f 581/2833/2833 582/2834/2834 231/2835/2835
f 231/2836/2836 582/2837/2837 236/2838/2838
f 582/2839/2839 237/2840/2840 236/2841/2841
f 550/2842/2842 235/2843/2843 551/2844/2844
f 551/2845/2845 235/2846/2846 557/2847/2847
f 235/2848/2848 237/2849/2849 557/2850/2850
f 557/2851/2851 237/2852/2852 559/2853/2853
f 237/2854/2854 582/2855/2855 559/2856/2856
f 559/2857/2857 582/2858/2858 561/2859/2859
f 582/2860/2860 581/2861/2861 561/2862/2862
f 561/2863/2863 581/2864/2864 563/2865/2865
f 581/2866/2866 233/2867/2867 563/2868/2868
f 563/2869/2869 233/2870/2870 565/2871/2871
f 233/2872/2872 234/2873/2873 565/2874/2874
f 234/2875/2875 583/2876/2876 565/2877/2877
f 583/2878/2878 584/2879/2879 565/2880/2880
f 565/2881/2881 584/2882/2882 564/2883/2883
f 584/2884/2884 585/2885/2885 564/2886/2886
f 564/2887/2887 585/2888/2888 569/2889/2889
f 585/2890/2890 586/2891/2891 569/2892/2892
f 569/2893/2893 586/2894/2894 570/2895/2895
f 586/2896/2896 575/2897/2897 570/2898/2898
f 570/2899/2899 575/2900/2900 571/2901/2901
f 587/2902/2902 588/2903/2903 589/2904/2904
f 590/2905/2905 591/2906/2906 592/2907/2907
f 591/2908/2908 593/2909/2909 592/2910/2910
f 593/2911/2911 589/2912/2912 592/2913/2913
f 592/2914/2914 589/2915/2915 594/2916/2916
f 589/2917/2917 588/2918/2918 594/2919/2919
f 594/2920/2920 588/2921/2921 595/2922/2922
f 588/2923/2923 596/2924/2924 595/2925/2925
f 596/2926/2926 597/2927/2927 595/2928/2928
f 595/2929/2929 597/2930/2930 598/2931/2931
f 598/2932/2932 597/2933/2933 599/2934/2934
f 599/2935/2935 597/2936/2936 600/2937/2937
f 597/2938/2938 446/2939/2939 600/2940/2940
f 446/2941/2941 426/2942/2942 600/2943/2943
f 600/2944/2944 426/2945/2945 601/2946/2946
f 602/2947/2947 604/2948/2948 603/2949/2949
f 603/2950/2950 604/2951/2951 605/2952/2952
f 604/2953/2953 606/2954/2954 605/2955/2955
f 605/2956/2956 606/2957/2957 607/2958/2958
f 608/2959/2959 609/2960/2960 605/2961/2961
f 609/2962/2962 610/2963/2963 605/2964/2964
f 605/2965/2965 610/2966/2966 603/2967/2967
f 610/2968/2968 611/2969/2969 603/2970/2970
f 603/2971/2971 611/2972/2972 602/2973/2973
f 602/2974/2974 611/2975/2975 612/2976/2976
f 611/2977/2977 613/2978/2978 612/2979/2979
f 612/2980/2980 613/2981/2981 614/2982/2982
f 613/2983/2983 615/2984/2984 614/2985/2985
f 614/2986/2986 615/2987/2987 616/2988/2988
f 617/2989/2989 618/2990/2990 619/2991/2991
f 618/2992/2992 615/2993/2993 619/2994/2994
f 619/2995/2995 615/2996/2996 620/2997/2997
f 615/2998/2998 613/2999/2999 620/3000/3000
f 620/3001/3001 613/3002/3002 621/3003/3003
f 613/3004/3004 611/3005/3005 621/3006/3006
f 611/3007/3007 610/3008/3008 621/3009/3009
f 610/3010/3010 622/3011/3011 621/3012/3012
f 622/3013/3013 623/3014/3014 621/3015/3015
f 621/3016/3016 623/3017/3017 620/3018/3018
f 620/3019/3019 623/3020/3020 619/3021/3021
f 623/3022/3022 624/3023/3023 619/3024/3024
f 619/3025/3025 624/3026/3026 617/3027/3027
f 624/3028/3028 625/3029/3029 617/3030/3030
f 617/3031/3031 625/3032/3032 626/3033/3033
f 625/3034/3034 627/3035/3035 626/3036/3036
f 627/3037/3037 628/3038/3038 626/3039/3039
f 626/3040/3040 628/3041/3041 629/3042/3042
f 628/3043/3043 630/3044/3044 629/3045/3045
f 628/3046/3046 631/3047/3047 630/3048/3048
f 631/3049/3049 593/3050/3050 630/3051/3051
f 593/3052/3052 591/3053/3053 630/3054/3054
f 591/3055/3055 632/3056/3056 630/3057/3057
f 630/3058/3058 632/3059/3059 629/3060/3060
f 632/3061/3061 633/3062/3062 629/3063/3063
f 629/3064/3064 633/3065/3065 626/3066/3066
f 633/3067/3067 634/3068/3068 626/3069/3069
f 626/3070/3070 634/3071/3071 617/3072/3072
f 634/3073/3073 618/3074/3074 617/3075/3075
f 615/3076/3076 618/3077/3077 616/3078/3078
f 616/3079/3079 618/3080/3080 635/3081/3081
f 618/3082/3082 634/3083/3083 635/3084/3084
f 635/3085/3085 634/3086/3086 636/3087/3087
f 634/3088/3088 633/3089/3089 636/3090/3090
f 636/3091/3091 633/3092/3092 637/3093/3093
f 633/3094/3094 632/3095/3095 637/3096/3096
f 637/3097/3097 632/3098/3098 638/3099/3099
f 632/3100/3100 591/3101/3101 638/3102/3102
f 638/3103/3103 591/3104/3104 590/3105/3105
f 496/3106/3106 639/3107/3107 498/3108/3108
f 639/3109/3109 640/3110/3110 498/3111/3111
f 498/3112/3112 640/3113/3113 425/3114/3114
f 640/3115/3115 641/3116/3116 425/3117/3117
f 426/3118/3118 425/3119/3119 601/3120/3120
f 425/3121/3121 641/3122/3122 601/3123/3123
f 601/3124/3124 641/3125/3125 642/3126/3126
f 642/3127/3127 641/3128/3128 643/3129/3129
f 641/3130/3130 640/3131/3131 643/3132/3132
f 643/3133/3133 640/3134/3134 644/3135/3135
f 640/3136/3136 639/3137/3137 644/3138/3138
f 644/3139/3139 639/3140/3140 607/3141/3141
f 639/3142/3142 608/3143/3143 607/3144/3144
f 607/3145/3145 608/3146/3146 605/3147/3147
f 635/3148/3148 636/3149/3149 645/3150/3150
f 645/3151/3151 636/3152/3152 646/3153/3153
f 636/3154/3154 637/3155/3155 646/3156/3156
f 646/3157/3157 637/3158/3158 647/3159/3159
f 637/3160/3160 638/3161/3161 647/3162/3162
f 604/3163/3163 602/3164/3164 648/3165/3165
f 648/3166/3166 602/3167/3167 649/3168/3168
f 602/3169/3169 612/3170/3170 649/3171/3171
f 649/3172/3172 612/3173/3173 650/3174/3174
f 612/3175/3175 614/3176/3176 650/3177/3177
f 650/3178/3178 614/3179/3179 651/3180/3180
f 614/3181/3181 616/3182/3182 651/3183/3183
f 651/3184/3184 616/3185/3185 652/3186/3186
f 616/3187/3187 635/3188/3188 652/3189/3189
f 652/3190/3190 635/3191/3191 645/3192/3192
f 653/3193/3193 496/3194/3194 527/3195/3195
f 535/3196/3196 523/3197/3197 609/3198/3198
f 609/3199/3199 523/3200/3200 522/3201/3201
f 608/3202/3202 639/3203/3203 653/3204/3204
f 653/3205/3205 639/3206/3206 496/3207/3207
f 654/3208/3208 656/3209/3209 655/3210/3210
f 655/3211/3211 656/3212/3212 657/3213/3213
f 658/3214/3214 655/3215/3215 659/3216/3216
f 659/3217/3217 655/3218/3218 660/3219/3219
f 655/3220/3220 657/3221/3221 660/3222/3222
f 660/3223/3223 657/3224/3224 661/3225/3225
f 528/3226/3226 662/3227/3227 530/3228/3228
f 662/3229/3229 663/3230/3230 530/3231/3231
f 663/3232/3232 664/3233/3233 530/3234/3234
f 530/3235/3235 664/3236/3236 665/3237/3237
f 664/3238/3238 666/3239/3239 665/3240/3240
f 666/3241/3241 667/3242/3242 665/3243/3243
f 665/3244/3244 667/3245/3245 668/3246/3246
f 667/3247/3247 654/3248/3248 668/3249/3249
f 668/3250/3250 654/3251/3251 658/3252/3252
f 654/3253/3253 655/3254/3254 658/3255/3255
f 530/3256/3256 665/3257/3257 529/3258/3258
f 662/3259/3259 669/3260/3260 663/3261/3261
f 663/3262/3262 669/3263/3263 670/3264/3264
f 669/3265/3265 671/3266/3266 670/3267/3267
f 670/3268/3268 671/3269/3269 672/3270/3270
f 671/3271/3271 673/3272/3272 672/3273/3273
f 672/3274/3274 673/3275/3275 674/3276/3276
f 673/3277/3277 659/3278/3278 674/3279/3279
f 674/3280/3280 659/3281/3281 660/3282/3282
f 672/3283/3283 674/3284/3284 675/3285/3285
f 533/3286/3286 673/3287/3287 532/3288/3288
f 673/3289/3289 671/3290/3290 532/3291/3291
f 532/3292/3292 671/3293/3293 524/3294/3294
f 524/3295/3295 671/3296/3296 525/3297/3297
f 525/3298/3298 671/3299/3299 526/3300/3300
f 671/3301/3301 669/3302/3302 526/3303/3303
f 526/3304/3304 669/3305/3305 520/3306/3306
f 520/3307/3307 669/3308/3308 521/3309/3309
f 669/3310/3310 662/3311/3311 521/3312/3312
f 521/3313/3313 662/3314/3314 528/3315/3315
f 533/3316/3316 534/3317/3317 676/3318/3318
f 535/3319/3319 677/3320/3320 534/3321/3321
f 534/3322/3322 677/3323/3323 678/3324/3324
f 677/3325/3325 679/3326/3326 678/3327/3327
f 534/3328/3328 678/3329/3329 676/3330/3330
f 519/3331/3331 470/3332/3332 520/3333/3333
f 470/3334/3334 482/3335/3335 520/3336/3336
f 533/3337/3337 676/3338/3338 673/3339/3339
f 673/3340/3340 676/3341/3341 659/3342/3342
f 680/3343/3343 681/3344/3344 682/3345/3345
f 683/3346/3346 685/3347/3347 684/3348/3348
f 684/3349/3349 685/3350/3350 686/3351/3351
f 685/3352/3352 680/3353/3353 686/3354/3354
f 686/3355/3355 680/3356/3356 687/3357/3357
f 680/3358/3358 682/3359/3359 687/3360/3360
f 687/3361/3361 682/3362/3362 675/3363/3363
f 675/3364/3364 682/3365/3365 672/3366/3366
f 672/3367/3367 682/3368/3368 670/3369/3369
f 682/3370/3370 681/3371/3371 670/3372/3372
f 670/3373/3373 681/3374/3374 663/3375/3375
f 687/3376/3376 688/3377/3377 686/3378/3378
f 688/3379/3379 689/3380/3380 686/3381/3381
f 689/3382/3382 690/3383/3383 686/3384/3384
f 690/3385/3385 691/3386/3386 686/3387/3387
f 686/3388/3388 691/3389/3389 684/3390/3390
f 691/3391/3391 692/3392/3392 684/3393/3393
f 684/3394/3394 692/3395/3395 693/3396/3396
f 692/3397/3397 694/3398/3398 693/3399/3399
f 693/3400/3400 694/3401/3401 695/3402/3402
f 694/3403/3403 696/3404/3404 695/3405/3405
f 695/3406/3406 696/3407/3407 697/3408/3408
f 696/3409/3409 698/3410/3410 697/3411/3411
f 698/3412/3412 699/3413/3413 697/3414/3414
f 699/3415/3415 661/3416/3416 697/3417/3417
f 661/3418/3418 657/3419/3419 697/3420/3420
f 697/3421/3421 657/3422/3422 695/3423/3423
f 657/3424/3424 656/3425/3425 695/3426/3426
f 695/3427/3427 656/3428/3428 693/3429/3429
f 656/3430/3430 683/3431/3431 693/3432/3432
f 693/3433/3433 683/3434/3434 684/3435/3435
f 663/3436/3436 681/3437/3437 664/3438/3438
f 664/3439/3439 681/3440/3440 666/3441/3441
f 681/3442/3442 680/3443/3443 666/3444/3444
f 680/3445/3445 685/3446/3446 666/3447/3447
f 666/3448/3448 685/3449/3449 667/3450/3450
f 685/3451/3451 683/3452/3452 667/3453/3453
f 667/3454/3454 683/3455/3455 654/3456/3456
f 683/3457/3457 656/3458/3458 654/3459/3459
f 700/3460/3460 701/3461/3461 702/3462/3462
f 700/3463/3463 703/3464/3464 704/3465/3465
f 698/3466/3466 701/3467/3467 699/3468/3468
f 701/3469/3469 700/3470/3470 699/3471/3471
f 699/3472/3472 700/3473/3473 661/3474/3474
f 700/3475/3475 704/3476/3476 661/3477/3477
f 661/3478/3478 704/3479/3479 660/3480/3480
f 660/3481/3481 704/3482/3482 674/3483/3483
f 674/3484/3484 704/3485/3485 675/3486/3486
f 704/3487/3487 703/3488/3488 675/3489/3489
f 675/3490/3490 703/3491/3491 687/3492/3492
f 703/3493/3493 688/3494/3494 687/3495/3495
f 705/3496/3496 706/3497/3497 702/3498/3498
f 702/3499/3499 706/3500/3500 700/3501/3501
f 706/3502/3502 707/3503/3503 700/3504/3504
f 700/3505/3505 707/3506/3506 703/3507/3507
f 703/3508/3508 707/3509/3509 688/3510/3510
f 707/3511/3511 706/3512/3512 688/3513/3513
f 688/3514/3514 706/3515/3515 689/3516/3516
f 689/3517/3517 706/3518/3518 708/3519/3519
f 708/3520/3520 706/3521/3521 709/3522/3522
f 706/3523/3523 705/3524/3524 709/3525/3525
f 709/3526/3526 705/3527/3527 710/3528/3528
f 529/3529/3529 665/3530/3530 679/3531/3531
f 665/3532/3532 668/3533/3533 679/3534/3534
f 679/3535/3535 668/3536/3536 678/3537/3537
f 668/3538/3538 658/3539/3539 678/3540/3540
f 678/3541/3541 658/3542/3542 676/3543/3543
f 658/3544/3544 659/3545/3545 676/3546/3546
f 711/3547/3547 712/3548/3548 713/3549/3549
f 712/3550/3550 714/3551/3551 713/3552/3552
f 715/3553/3553 711/3554/3554 716/3555/3555
f 711/3556/3556 713/3557/3557 716/3558/3558
f 716/3559/3559 713/3560/3560 717/3561/3561
f 717/3562/3562 713/3563/3563 718/3564/3564
f 713/3565/3565 714/3566/3566 718/3567/3567
f 718/3568/3568 714/3569/3569 719/3570/3570
f 720/3571/3571 716/3572/3572 721/3573/3573
f 716/3574/3574 717/3575/3575 721/3576/3576
f 721/3577/3577 717/3578/3578 722/3579/3579
f 717/3580/3580 718/3581/3581 722/3582/3582
f 722/3583/3583 718/3584/3584 723/3585/3585
f 718/3586/3586 719/3587/3587 723/3588/3588
f 723/3589/3589 719/3590/3590 724/3591/3591
f 719/3592/3592 725/3593/3593 724/3594/3594
f 724/3595/3595 725/3596/3596 696/3597/3597
f 725/3598/3598 726/3599/3599 696/3600/3600
f 696/3601/3601 726/3602/3602 698/3603/3603
f 724/3604/3604 727/3605/3605 723/3606/3606
f 728/3607/3607 727/3608/3608 692/3609/3609
f 692/3610/3610 727/3611/3611 694/3612/3612
f 727/3613/3613 724/3614/3614 694/3615/3615
f 694/3616/3616 724/3617/3617 696/3618/3618
f 727/3619/3619 728/3620/3620 729/3621/3621
f 728/3622/3622 730/3623/3623 729/3624/3624
f 730/3625/3625 731/3626/3626 729/3627/3627
f 729/3628/3628 731/3629/3629 732/3630/3630
f 733/3631/3631 732/3632/3632 734/3633/3633
f 732/3634/3634 731/3635/3635 734/3636/3636
f 734/3637/3637 731/3638/3638 735/3639/3639
f 735/3640/3640 731/3641/3641 708/3642/3642
f 731/3643/3643 730/3644/3644 708/3645/3645
f 708/3646/3646 730/3647/3647 689/3648/3648
f 689/3649/3649 730/3650/3650 690/3651/3651
f 690/3652/3652 730/3653/3653 691/3654/3654
f 730/3655/3655 728/3656/3656 691/3657/3657
f 691/3658/3658 728/3659/3659 692/3660/3660
f 708/3661/3661 709/3662/3662 735/3663/3663
f 727/3664/3664 729/3665/3665 723/3666/3666
f 723/3667/3667 729/3668/3668 722/3669/3669
f 729/3670/3670 732/3671/3671 722/3672/3672
f 722/3673/3673 732/3674/3674 721/3675/3675
f 732/3676/3676 733/3677/3677 721/3678/3678
f 721/3679/3679 733/3680/3680 720/3681/3681
f 733/3682/3682 734/3683/3683 720/3684/3684
f 720/3685/3685 734/3686/3686 736/3687/3687
f 734/3688/3688 735/3689/3689 736/3690/3690
f 736/3691/3691 735/3692/3692 737/3693/3693
f 726/3694/3694 739/3695/3695 738/3696/3696
f 738/3697/3697 739/3698/3698 740/3699/3699
f 740/3700/3700 739/3701/3701 741/3702/3702
f 739/3703/3703 742/3704/3704 741/3705/3705
f 741/3706/3706 742/3707/3707 737/3708/3708
f 742/3709/3709 743/3710/3710 737/3711/3711
f 737/3712/3712 743/3713/3713 736/3714/3714
f 743/3715/3715 715/3716/3716 736/3717/3717
f 736/3718/3718 715/3719/3719 720/3720/3720
f 715/3721/3721 716/3722/3722 720/3723/3723
f 735/3724/3724 709/3725/3725 737/3726/3726
f 709/3727/3727 710/3728/3728 737/3729/3729
f 737/3730/3730 710/3731/3731 741/3732/3732
f 710/3733/3733 744/3734/3734 741/3735/3735
f 741/3736/3736 744/3737/3737 740/3738/3738
f 744/3739/3739 745/3740/3740 740/3741/3741
f 740/3742/3742 745/3743/3743 746/3744/3744
f 745/3745/3745 747/3746/3746 746/3747/3747
f 746/3748/3748 747/3749/3749 748/3750/3750
f 747/3751/3751 749/3752/3752 748/3753/3753
f 750/3754/3754 751/3755/3755 752/3756/3756
f 751/3757/3757 753/3758/3758 752/3759/3759
f 752/3760/3760 753/3761/3761 754/3762/3762
f 753/3763/3763 749/3764/3764 754/3765/3765
f 749/3766/3766 747/3767/3767 754/3768/3768
f 747/3769/3769 745/3770/3770 754/3771/3771
f 754/3772/3772 745/3773/3773 755/3774/3774
f 745/3775/3775 744/3776/3776 755/3777/3777
f 755/3778/3778 744/3779/3779 756/3780/3780
f 744/3781/3781 710/3782/3782 756/3783/3783
f 751/3784/3784 749/3785/3785 753/3786/3786
f 757/3787/3787 750/3788/3788 758/3789/3789
f 750/3790/3790 752/3791/3791 758/3792/3792
f 758/3793/3793 752/3794/3794 755/3795/3795
f 752/3796/3796 754/3797/3797 755/3798/3798
f 738/3799/3799 759/3800/3800 760/3801/3801
f 759/3802/3802 761/3803/3803 760/3804/3804
f 760/3805/3805 761/3806/3806 762/3807/3807
f 761/3808/3808 763/3809/3809 762/3810/3810
f 762/3811/3811 763/3812/3812 764/3813/3813
f 763/3814/3814 757/3815/3815 764/3816/3816
f 764/3817/3817 757/3818/3818 765/3819/3819
f 757/3820/3820 758/3821/3821 765/3822/3822
f 765/3823/3823 758/3824/3824 756/3825/3825
f 758/3826/3826 755/3827/3827 756/3828/3828
f 740/3829/3829 746/3830/3830 738/3831/3831
f 738/3832/3832 746/3833/3833 759/3834/3834
f 746/3835/3835 748/3836/3836 759/3837/3837
f 748/3838/3838 766/3839/3839 759/3840/3840
f 759/3841/3841 766/3842/3842 761/3843/3843
f 766/3844/3844 767/3845/3845 761/3846/3846
f 761/3847/3847 767/3848/3848 763/3849/3849
f 767/3850/3850 768/3851/3851 763/3852/3852
f 763/3853/3853 768/3854/3854 757/3855/3855
f 768/3856/3856 750/3857/3857 757/3858/3858
f 766/3859/3859 748/3860/3860 769/3861/3861
f 748/3862/3862 749/3863/3863 769/3864/3864
f 749/3865/3865 770/3866/3866 769/3867/3867
f 769/3868/3868 770/3869/3869 766/3870/3870
f 770/3871/3871 771/3872/3872 766/3873/3873
f 766/3874/3874 771/3875/3875 767/3876/3876
f 771/3877/3877 772/3878/3878 767/3879/3879
f 767/3880/3880 772/3881/3881 768/3882/3882
f 772/3883/3883 773/3884/3884 768/3885/3885
f 768/3886/3886 773/3887/3887 750/3888/3888
f 773/3889/3889 751/3890/3890 750/3891/3891
f 770/3892/3892 772/3893/3893 771/3894/3894
f 774/3895/3895 776/3896/3896 775/3897/3897
f 775/3898/3898 776/3899/3899 751/3900/3900
f 776/3901/3901 777/3902/3902 751/3903/3903
f 751/3904/3904 777/3905/3905 749/3906/3906
f 749/3907/3907 777/3908/3908 770/3909/3909
f 777/3910/3910 774/3911/3911 770/3912/3912
f 774/3913/3913 775/3914/3914 770/3915/3915
f 770/3916/3916 775/3917/3917 772/3918/3918
f 775/3919/3919 751/3920/3920 772/3921/3921
f 772/3922/3922 751/3923/3923 773/3924/3924
f 776/3925/3925 774/3926/3926 777/3927/3927
f 710/3928/3928 705/3929/3929 756/3930/3930
f 756/3931/3931 705/3932/3932 765/3933/3933
f 705/3934/3934 702/3935/3935 765/3936/3936
f 765/3937/3937 702/3938/3938 764/3939/3939
f 702/3940/3940 701/3941/3941 764/3942/3942
f 764/3943/3943 701/3944/3944 762/3945/3945
f 701/3946/3946 698/3947/3947 762/3948/3948
f 762/3949/3949 698/3950/3950 760/3951/3951
f 698/3952/3952 726/3953/3953 760/3954/3954
f 760/3955/3955 726/3956/3956 738/3957/3957
f 715/3958/3958 743/3959/3959 711/3960/3960
f 743/3961/3961 778/3962/3962 711/3963/3963
f 711/3964/3964 778/3965/3965 712/3966/3966
f 712/3967/3967 778/3968/3968 714/3969/3969
f 778/3970/3970 779/3971/3971 714/3972/3972
f 714/3973/3973 779/3974/3974 719/3975/3975
f 719/3976/3976 779/3977/3977 725/3978/3978
f 779/3979/3979 739/3980/3980 725/3981/3981
f 725/3982/3982 739/3983/3983 726/3984/3984
f 739/3985/3985 779/3986/3986 742/3987/3987
f 779/3988/3988 778/3989/3989 742/3990/3990
f 742/3991/3991 778/3992/3992 743/3993/3993
f 780/3994/3994 781/3995/3995 467/3996/3996
f 467/3997/3997 507/3998/3998 780/3999/3999
f 780/4000/4000 507/4001/4001 509/4002/4002
f 782/4003/4003 784/4004/4004 783/4005/4005
f 784/4006/4006 785/4007/4007 783/4008/4008
f 783/4009/4009 785/4010/4010 518/4011/4011
f 786/4012/4012 787/4013/4013 788/4014/4014
f 787/4015/4015 789/4016/4016 788/4017/4017
f 788/4018/4018 789/4019/4019 790/4020/4020
f 789/4021/4021 791/4022/4022 790/4023/4023
f 790/4024/4024 791/4025/4025 782/4026/4026
f 791/4027/4027 792/4028/4028 782/4029/4029
f 782/4030/4030 792/4031/4031 784/4032/4032
f 792/4033/4033 793/4034/4034 784/4035/4035
f 784/4036/4036 793/4037/4037 785/4038/4038
f 793/4039/4039 794/4040/4040 785/4041/4041
f 789/4042/4042 787/4043/4043 795/4044/4044
f 795/4045/4045 796/4046/4046 789/4047/4047
f 796/4048/4048 797/4049/4049 789/4050/4050
f 789/4051/4051 797/4052/4052 791/4053/4053
f 797/4054/4054 798/4055/4055 791/4056/4056
f 791/4057/4057 798/4058/4058 792/4059/4059
f 798/4060/4060 799/4061/4061 792/4062/4062
f 792/4063/4063 799/4064/4064 793/4065/4065
f 799/4066/4066 800/4067/4067 793/4068/4068
f 793/4069/4069 800/4070/4070 794/4071/4071
f 800/4072/4072 801/4073/4073 794/4074/4074
f 785/4075/4075 794/4076/4076 802/4077/4077
f 802/4078/4078 794/4079/4079 803/4080/4080
f 794/4081/4081 801/4082/4082 803/4083/4083
f 803/4084/4084 801/4085/4085 804/4086/4086
f 781/4087/4087 780/4088/4088 805/4089/4089
f 805/4090/4090 780/4091/4091 806/4092/4092
f 780/4093/4093 508/4094/4094 806/4095/4095
f 508/4096/4096 807/4097/4097 806/4098/4098
f 806/4099/4099 807/4100/4100 808/4101/4101
f 807/4102/4102 809/4103/4103 808/4104/4104
f 809/4105/4105 804/4106/4106 808/4107/4107
f 804/4108/4108 801/4109/4109 808/4110/4110
f 808/4111/4111 801/4112/4112 806/4113/4113
f 801/4114/4114 800/4115/4115 806/4116/4116
f 809/4117/4117 807/4118/4118 516/4119/4119
f 806/4120/4120 800/4121/4121 805/4122/4122
f 800/4123/4123 799/4124/4124 805/4125/4125
f 805/4126/4126 799/4127/4127 781/4128/4128
f 799/4129/4129 798/4130/4130 781/4131/4131
f 781/4132/4132 798/4133/4133 797/4134/4134
f 508/4135/4135 780/4136/4136 509/4137/4137
f 516/4138/4138 807/4139/4139 511/4140/4140
f 511/4141/4141 807/4142/4142 510/4143/4143
f 807/4144/4144 508/4145/4145 510/4146/4146
f 471/4147/4147 810/4148/4148 811/4149/4149
f 118/4150/4150 117/4151/4151 812/4152/4152
f 812/4153/4153 117/4154/4154 810/4155/4155
f 813/4156/4156 810/4157/4157 814/4158/4158
f 810/4159/4159 117/4160/4160 814/4161/4161
f 117/4162/4162 119/4163/4163 814/4164/4164
f 119/4165/4165 429/4166/4166 814/4167/4167
f 814/4168/4168 429/4169/4169 813/4170/4170
f 429/4171/4171 428/4172/4172 813/4173/4173
f 813/4174/4174 428/4175/4175 815/4176/4176
f 428/4177/4177 432/4178/4178 815/4179/4179
f 815/4180/4180 432/4181/4181 434/4182/4182
f 795/4183/4183 816/4184/4184 796/4185/4185
f 796/4186/4186 816/4187/4187 817/4188/4188
f 817/4189/4189 816/4190/4190 444/4191/4191
f 444/4192/4192 816/4193/4193 434/4194/4194
f 434/4195/4195 816/4196/4196 815/4197/4197
f 816/4198/4198 795/4199/4199 815/4200/4200
f 795/4201/4201 787/4202/4202 815/4203/4203
f 787/4204/4204 786/4205/4205 815/4206/4206
f 815/4207/4207 786/4208/4208 813/4209/4209
f 786/4210/4210 810/4211/4211 813/4212/4212
f 796/4213/4213 817/4214/4214 500/4215/4215
f 500/4216/4216 817/4217/4217 259/4218/4218
f 817/4219/4219 444/4220/4220 259/4221/4221
f 796/4222/4222 500/4223/4223 797/4224/4224
f 518/4225/4225 488/4226/4226 783/4227/4227
f 518/4228/4228 785/4229/4229 481/4230/4230
f 481/4231/4231 785/4232/4232 802/4233/4233
f 810/4234/4234 350/4235/4235 812/4236/4236
f 350/4237/4237 351/4238/4238 812/4239/4239
f 351/4240/4240 118/4241/4241 812/4242/4242
f 783/4243/4243 818/4244/4244 782/4245/4245
f 782/4246/4246 818/4247/4247 790/4248/4248
f 790/4249/4249 818/4250/4250 819/4251/4251
f 818/4252/4252 483/4253/4253 819/4254/4254
f 819/4255/4255 483/4256/4256 820/4257/4257
f 483/4258/4258 482/4259/4259 820/4260/4260
f 482/4261/4261 470/4262/4262 820/4263/4263
f 470/4264/4264 469/4265/4265 820/4266/4266
f 469/4267/4267 811/4268/4268 820/4269/4269
f 811/4270/4270 821/4271/4271 820/4272/4272
f 820/4273/4273 821/4274/4274 819/4275/4275
f 819/4276/4276 821/4277/4277 790/4278/4278
f 790/4279/4279 821/4280/4280 788/4281/4281
f 821/4282/4282 786/4283/4283 788/4284/4284
f 350/4285/4285 810/4286/4286 471/4287/4287
f 822/4288/4288 824/4289/4289 823/4290/4290
f 823/4291/4291 824/4292/4292 825/4293/4293
f 826/4294/4294 828/4295/4295 827/4296/4296
f 827/4297/4297 828/4298/4298 824/4299/4299
f 824/4300/4300 828/4301/4301 825/4302/4302
f 828/4303/4303 829/4304/4304 825/4305/4305
f 829/4306/4306 830/4307/4307 825/4308/4308
f 825/4309/4309 830/4310/4310 823/4311/4311
f 830/4312/4312 247/4313/4313 823/4314/4314
f 823/4315/4315 247/4316/4316 249/4317/4317
f 272/4318/4318 271/4319/4319 826/4320/4320
f 831/4321/4321 832/4322/4322 833/4323/4323
f 826/4324/4324 827/4325/4325 834/4326/4326
f 834/4327/4327 827/4328/4328 831/4329/4329
f 827/4330/4330 835/4331/4331 831/4332/4332
f 831/4333/4333 835/4334/4334 832/4335/4335
f 832/4336/4336 835/4337/4337 836/4338/4338
f 835/4339/4339 837/4340/4340 836/4341/4341
f 838/4342/4342 129/4343/4343 839/4344/4344
f 839/4345/4345 129/4346/4346 131/4347/4347
f 840/4348/4348 841/4349/4349 842/4350/4350
f 100/4351/4351 225/4352/4352 71/4353/4353
f 71/4354/4354 225/4355/4355 82/4356/4356
f 83/4357/4357 172/4358/4358 84/4359/4359
f 84/4360/4360 172/4361/4361 89/4362/4362
f 843/4363/4363 844/4364/4364 845/4365/4365
f 846/4366/4366 847/4367/4367 848/4368/4368
f 840/4369/4369 849/4370/4370 850/4371/4371
f 849/4372/4372 847/4373/4373 850/4374/4374
f 847/4375/4375 846/4376/4376 850/4377/4377
f 850/4378/4378 846/4379/4379 851/4380/4380
f 846/4381/4381 852/4382/4382 851/4383/4383
f 851/4384/4384 852/4385/4385 853/4386/4386
f 854/4387/4387 855/4388/4388 856/4389/4389
f 857/4390/4390 855/4391/4391 858/4392/4392
f 855/4393/4393 854/4394/4394 858/4395/4395
f 854/4396/4396 859/4397/4397 858/4398/4398
f 858/4399/4399 859/4400/4400 860/4401/4401
f 843/4402/4402 861/4403/4403 844/4404/4404
f 478/4405/4405 862/4406/4406 494/4407/4407
f 494/4408/4408 862/4409/4409 843/4410/4410
f 843/4411/4411 862/4412/4412 861/4413/4413
f 862/4414/4414 863/4415/4415 861/4416/4416
f 863/4417/4417 864/4418/4418 861/4419/4419
f 861/4420/4420 864/4421/4421 844/4422/4422
f 864/4423/4423 865/4424/4424 844/4425/4425
f 844/4426/4426 865/4427/4427 866/4428/4428
f 865/4429/4429 853/4430/4430 866/4431/4431
f 866/4432/4432 853/4433/4433 852/4434/4434
f 866/4435/4435 867/4436/4436 844/4437/4437
f 844/4438/4438 867/4439/4439 845/4440/4440
f 867/4441/4441 855/4442/4442 845/4443/4443
f 855/4444/4444 857/4445/4445 845/4446/4446
f 857/4447/4447 868/4448/4448 845/4449/4449
f 845/4450/4450 868/4451/4451 843/4452/4452
f 839/4453/4453 851/4454/4454 838/4455/4455
f 838/4456/4456 851/4457/4457 869/4458/4458
f 851/4459/4459 853/4460/4460 869/4461/4461
f 841/4462/4462 445/4463/4463 842/4464/4464
f 842/4465/4465 445/4466/4466 446/4467/4467
f 851/4468/4468 839/4469/4469 850/4470/4470
f 839/4471/4471 841/4472/4472 850/4473/4473
f 850/4474/4474 841/4475/4475 840/4476/4476
f 451/4477/4477 870/4478/4478 515/4479/4479
f 517/4480/4480 514/4481/4481 870/4482/4482
f 870/4483/4483 514/4484/4484 515/4485/4485
f 517/4486/4486 871/4487/4487 513/4488/4488
f 513/4489/4489 871/4490/4490 512/4491/4491
f 871/4492/4492 516/4493/4493 512/4494/4494
f 479/4495/4495 872/4496/4496 478/4497/4497
f 478/4498/4498 872/4499/4499 862/4500/4500
f 872/4501/4501 873/4502/4502 862/4503/4503
f 862/4504/4504 873/4505/4505 863/4506/4506
f 873/4507/4507 864/4508/4508 863/4509/4509
f 871/4510/4510 517/4511/4511 874/4512/4512
f 517/4513/4513 870/4514/4514 874/4515/4515
f 870/4516/4516 875/4517/4517 874/4518/4518
f 874/4519/4519 875/4520/4520 876/4521/4521
f 868/4522/4522 857/4523/4523 589/4524/4524
f 589/4525/4525 857/4526/4526 587/4527/4527
f 877/4528/4528 255/4529/4529 246/4530/4530
f 607/4531/4531 258/4532/4532 644/4533/4533
f 258/4534/4534 257/4535/4535 644/4536/4536
f 644/4537/4537 257/4538/4538 643/4539/4539
f 257/4540/4540 256/4541/4541 643/4542/4542
f 256/4543/4543 255/4544/4544 643/4545/4545
f 643/4546/4546 255/4547/4547 642/4548/4548
f 255/4549/4549 877/4550/4550 642/4551/4551
f 642/4552/4552 877/4553/4553 601/4554/4554
f 857/4555/4555 858/4556/4556 587/4557/4557
f 587/4558/4558 858/4559/4559 860/4560/4560
f 275/4561/4561 277/4562/4562 103/4563/4563
f 277/4564/4564 278/4565/4565 103/4566/4566
f 103/4567/4567 278/4568/4568 102/4569/4569
f 102/4570/4570 278/4571/4571 101/4572/4572
f 278/4573/4573 279/4574/4574 101/4575/4575
f 279/4576/4576 280/4577/4577 101/4578/4578
f 101/4579/4579 280/4580/4580 100/4581/4581
f 280/4582/4582 226/4583/4583 100/4584/4584
f 89/4585/4585 178/4586/4586 88/4587/4587
f 178/4588/4588 878/4589/4589 88/4590/4590
f 88/4591/4591 878/4592/4592 86/4593/4593
f 878/4594/4594 879/4595/4595 86/4596/4596
f 86/4597/4597 879/4598/4598 87/4599/4599
f 879/4600/4600 880/4601/4601 87/4602/4602
f 87/4603/4603 880/4604/4604 91/4605/4605
f 880/4606/4606 275/4607/4607 91/4608/4608
f 91/4609/4609 275/4610/4610 92/4611/4611
f 92/4612/4612 275/4613/4613 103/4614/4614
f 240/4615/4615 594/4616/4616 241/4617/4617
f 594/4618/4618 595/4619/4619 241/4620/4620
f 241/4621/4621 595/4622/4622 243/4623/4623
f 595/4624/4624 598/4625/4625 243/4626/4626
f 243/4627/4627 598/4628/4628 244/4629/4629
f 598/4630/4630 599/4631/4631 244/4632/4632
f 244/4633/4633 599/4634/4634 246/4635/4635
f 246/4636/4636 599/4637/4637 877/4638/4638
f 599/4639/4639 600/4640/4640 877/4641/4641
f 600/4642/4642 601/4643/4643 877/4644/4644
f 881/4645/4645 882/4646/4646 883/4647/4647
f 855/4648/4648 884/4649/4649 856/4650/4650
f 884/4651/4651 881/4652/4652 856/4653/4653
f 856/4654/4654 881/4655/4655 885/4656/4656
f 881/4657/4657 883/4658/4658 885/4659/4659
f 885/4660/4660 883/4661/4661 886/4662/4662
f 883/4663/4663 887/4664/4664 886/4665/4665
f 859/4666/4666 854/4667/4667 886/4668/4668
f 886/4669/4669 854/4670/4670 885/4671/4671
f 885/4672/4672 854/4673/4673 856/4674/4674
f 881/4675/4675 884/4676/4676 888/4677/4677
f 884/4678/4678 889/4679/4679 888/4680/4680
f 888/4681/4681 889/4682/4682 890/4683/4683
f 891/4684/4684 892/4685/4685 848/4686/4686
f 892/4687/4687 890/4688/4688 848/4689/4689
f 848/4690/4690 890/4691/4691 893/4692/4692
f 890/4693/4693 889/4694/4694 893/4695/4695
f 893/4696/4696 889/4697/4697 846/4698/4698
f 846/4699/4699 889/4700/4700 852/4701/4701
f 852/4702/4702 889/4703/4703 866/4704/4704
f 889/4705/4705 884/4706/4706 866/4707/4707
f 866/4708/4708 884/4709/4709 867/4710/4710
f 867/4711/4711 884/4712/4712 855/4713/4713
f 846/4714/4714 848/4715/4715 893/4716/4716
f 894/4717/4717 895/4718/4718 887/4719/4719
f 895/4720/4720 896/4721/4721 887/4722/4722
f 887/4723/4723 896/4724/4724 886/4725/4725
f 886/4726/4726 896/4727/4727 897/4728/4728
f 896/4729/4729 898/4730/4730 897/4731/4731
f 897/4732/4732 898/4733/4733 899/4734/4734
f 898/4735/4735 900/4736/4736 899/4737/4737
f 899/4738/4738 900/4739/4739 891/4740/4740
f 900/4741/4741 901/4742/4742 891/4743/4743
f 901/4744/4744 892/4745/4745 891/4746/4746
f 895/4747/4747 902/4748/4748 896/4749/4749
f 896/4750/4750 902/4751/4751 898/4752/4752
f 897/4753/4753 859/4754/4754 886/4755/4755
f 903/4756/4756 860/4757/4757 904/4758/4758
f 860/4759/4759 859/4760/4760 904/4761/4761
f 859/4762/4762 897/4763/4763 904/4764/4764
f 897/4765/4765 899/4766/4766 904/4767/4767
f 904/4768/4768 899/4769/4769 905/4770/4770
f 899/4771/4771 906/4772/4772 905/4773/4773
f 905/4774/4774 906/4775/4775 849/4776/4776
f 849/4777/4777 906/4778/4778 847/4779/4779
f 847/4780/4780 906/4781/4781 848/4782/4782
f 848/4783/4783 906/4784/4784 891/4785/4785
f 906/4786/4786 899/4787/4787 891/4788/4788
f 587/4789/4789 907/4790/4790 588/4791/4791
f 588/4792/4792 907/4793/4793 596/4794/4794
f 907/4795/4795 908/4796/4796 596/4797/4797
f 860/4798/4798 903/4799/4799 587/4800/4800
f 587/4801/4801 903/4802/4802 907/4803/4803
f 903/4804/4804 909/4805/4805 907/4806/4806
f 907/4807/4807 909/4808/4808 908/4809/4809
f 908/4810/4810 909/4811/4811 849/4812/4812
f 849/4813/4813 909/4814/4814 905/4815/4815
f 905/4816/4816 909/4817/4817 904/4818/4818
f 909/4819/4819 903/4820/4820 904/4821/4821
f 910/4822/4822 911/4823/4823 912/4824/4824
f 913/4825/4825 911/4826/4826 914/4827/4827
f 911/4828/4828 910/4829/4829 914/4830/4830
f 914/4831/4831 910/4832/4832 915/4833/4833
f 916/4834/4834 917/4835/4835 910/4836/4836
f 910/4837/4837 917/4838/4838 915/4839/4839
f 917/4840/4840 918/4841/4841 915/4842/4842
f 915/4843/4843 918/4844/4844 914/4845/4845
f 918/4846/4846 919/4847/4847 914/4848/4848
f 914/4849/4849 919/4850/4850 913/4851/4851
f 919/4852/4852 920/4853/4853 913/4854/4854
f 921/4855/4855 923/4856/4856 922/4857/4857
f 922/4858/4858 923/4859/4859 924/4860/4860
f 923/4861/4861 925/4862/4862 924/4863/4863
f 924/4864/4864 925/4865/4865 916/4866/4866
f 925/4867/4867 926/4868/4868 916/4869/4869
f 916/4870/4870 926/4871/4871 917/4872/4872
f 926/4873/4873 927/4874/4874 917/4875/4875
f 917/4876/4876 927/4877/4877 918/4878/4878
f 927/4879/4879 928/4880/4880 918/4881/4881
f 918/4882/4882 928/4883/4883 919/4884/4884
f 929/4885/4885 931/4886/4886 930/4887/4887
f 930/4888/4888 931/4889/4889 932/4890/4890
f 931/4891/4891 933/4892/4892 932/4893/4893
f 932/4894/4894 933/4895/4895 934/4896/4896
f 933/4897/4897 935/4898/4898 934/4899/4899
f 935/4900/4900 928/4901/4901 934/4902/4902
f 928/4903/4903 927/4904/4904 934/4905/4905
f 934/4906/4906 927/4907/4907 936/4908/4908
f 927/4909/4909 926/4910/4910 936/4911/4911
f 936/4912/4912 926/4913/4913 937/4914/4914
f 926/4915/4915 925/4916/4916 937/4917/4917
f 930/4918/4918 932/4919/4919 938/4920/4920
f 938/4921/4921 932/4922/4922 936/4923/4923
f 932/4924/4924 934/4925/4925 936/4926/4926
f 937/4927/4927 939/4928/4928 936/4929/4929
f 936/4930/4930 939/4931/4931 938/4932/4932
f 939/4933/4933 940/4934/4934 938/4935/4935
f 938/4936/4936 940/4937/4937 941/4938/4938
f 940/4939/4939 942/4940/4940 941/4941/4941
f 942/4942/4942 943/4943/4943 944/4944/4944
f 945/4945/4945 944/4946/4946 902/4947/4947
f 902/4948/4948 944/4949/4949 898/4950/4950
f 898/4951/4951 944/4952/4952 900/4953/4953
f 944/4954/4954 943/4955/4955 900/4956/4956
f 900/4957/4957 943/4958/4958 901/4959/4959
f 901/4960/4960 943/4961/4961 946/4962/4962
f 943/4963/4963 942/4964/4964 946/4965/4965
f 946/4966/4966 942/4967/4967 947/4968/4968
f 942/4969/4969 940/4970/4970 947/4971/4971
f 947/4972/4972 940/4973/4973 948/4974/4974
f 949/4975/4975 945/4976/4976 950/4977/4977
f 945/4978/4978 902/4979/4979 950/4980/4980
f 950/4981/4981 902/4982/4982 895/4983/4983
f 951/4984/4984 949/4985/4985 952/4986/4986
f 949/4987/4987 950/4988/4988 952/4989/4989
f 952/4990/4990 950/4991/4991 953/4992/4992
f 950/4993/4993 895/4994/4994 953/4995/4995
f 953/4996/4996 895/4997/4997 894/4998/4998
f 952/4999/4999 954/5000/5000 951/5001/5001
f 954/5002/5002 955/5003/5003 951/5004/5004
f 951/5005/5005 955/5006/5006 956/5007/5007
f 955/5008/5008 957/5009/5009 956/5010/5010
f 956/5011/5011 957/5012/5012 958/5013/5013
f 959/5014/5014 958/5015/5015 920/5016/5016
f 958/5017/5017 957/5018/5018 920/5019/5019
f 920/5020/5020 957/5021/5021 913/5022/5022
f 913/5023/5023 957/5024/5024 911/5025/5025
f 957/5026/5026 955/5027/5027 911/5028/5028
f 911/5029/5029 955/5030/5030 912/5031/5031
f 955/5032/5032 954/5033/5033 912/5034/5034
f 912/5035/5035 954/5036/5036 960/5037/5037
f 960/5038/5038 954/5039/5039 961/5040/5040
f 954/5041/5041 952/5042/5042 961/5043/5043
f 961/5044/5044 952/5045/5045 962/5046/5046
f 952/5047/5047 953/5048/5048 962/5049/5049
f 963/5050/5050 965/5051/5051 964/5052/5052
f 964/5053/5053 965/5054/5054 966/5055/5055
f 967/5056/5056 964/5057/5057 968/5058/5058
f 968/5059/5059 964/5060/5060 969/5061/5061
f 964/5062/5062 966/5063/5063 969/5064/5064
f 969/5065/5065 966/5066/5066 970/5067/5067
f 966/5068/5068 965/5069/5069 970/5070/5070
f 970/5071/5071 965/5072/5072 971/5073/5073
f 965/5074/5074 963/5075/5075 971/5076/5076
f 971/5077/5077 963/5078/5078 972/5079/5079
f 963/5080/5080 973/5081/5081 972/5082/5082
f 972/5083/5083 973/5084/5084 974/5085/5085
f 974/5086/5086 971/5087/5087 972/5088/5088
f 975/5089/5089 976/5090/5090 974/5091/5091
f 974/5092/5092 976/5093/5093 971/5094/5094
f 976/5095/5095 977/5096/5096 971/5097/5097
f 970/5098/5098 971/5099/5099 969/5100/5100
f 969/5101/5101 971/5102/5102 968/5103/5103
f 971/5104/5104 977/5105/5105 968/5106/5106
f 968/5107/5107 977/5108/5108 978/5109/5109
f 977/5110/5110 976/5111/5111 978/5112/5112
f 978/5113/5113 976/5114/5114 979/5115/5115
f 976/5116/5116 975/5117/5117 979/5118/5118
f 979/5119/5119 975/5120/5120 980/5121/5121
f 973/5122/5122 981/5123/5123 974/5124/5124
f 974/5125/5125 981/5126/5126 975/5127/5127
f 981/5128/5128 982/5129/5129 975/5130/5130
f 975/5131/5131 982/5132/5132 980/5133/5133
f 982/5134/5134 983/5135/5135 980/5136/5136
f 940/5137/5137 939/5138/5138 948/5139/5139
f 948/5140/5140 939/5141/5141 984/5142/5142
f 939/5143/5143 937/5144/5144 984/5145/5145
f 984/5146/5146 937/5147/5147 983/5148/5148
f 937/5149/5149 925/5150/5150 983/5151/5151
f 983/5152/5152 925/5153/5153 980/5154/5154
f 925/5155/5155 923/5156/5156 980/5157/5157
f 980/5158/5158 923/5159/5159 979/5160/5160
f 923/5161/5161 921/5162/5162 979/5163/5163
f 979/5164/5164 921/5165/5165 978/5166/5166
f 985/5167/5167 986/5168/5168 973/5169/5169
f 973/5170/5170 986/5171/5171 981/5172/5172
f 986/5173/5173 987/5174/5174 981/5175/5175
f 981/5176/5176 987/5177/5177 982/5178/5178
f 987/5179/5179 988/5180/5180 982/5181/5181
f 982/5182/5182 988/5183/5183 983/5184/5184
f 983/5185/5185 988/5186/5186 984/5187/5187
f 988/5188/5188 989/5189/5189 984/5190/5190
f 984/5191/5191 989/5192/5192 948/5193/5193
f 989/5194/5194 990/5195/5195 948/5196/5196
f 989/5197/5197 991/5198/5198 990/5199/5199
f 992/5200/5200 991/5201/5201 993/5202/5202
f 948/5203/5203 990/5204/5204 947/5205/5205
f 990/5206/5206 991/5207/5207 947/5208/5208
f 947/5209/5209 991/5210/5210 946/5211/5211
f 991/5212/5212 992/5213/5213 946/5214/5214
f 946/5215/5215 992/5216/5216 901/5217/5217
f 901/5218/5218 992/5219/5219 892/5220/5220
f 892/5221/5221 992/5222/5222 890/5223/5223
f 992/5224/5224 993/5225/5225 890/5226/5226
f 890/5227/5227 993/5228/5228 888/5229/5229
f 888/5230/5230 993/5231/5231 881/5232/5232
f 881/5233/5233 993/5234/5234 882/5235/5235
f 993/5236/5236 991/5237/5237 882/5238/5238
f 882/5239/5239 991/5240/5240 994/5241/5241
f 991/5242/5242 989/5243/5243 994/5244/5244
f 994/5245/5245 989/5246/5246 995/5247/5247
f 989/5248/5248 996/5249/5249 995/5250/5250
f 995/5251/5251 996/5252/5252 894/5253/5253
f 894/5254/5254 996/5255/5255 953/5256/5256
f 996/5257/5257 997/5258/5258 953/5259/5259
f 953/5260/5260 997/5261/5261 962/5262/5262
f 894/5263/5263 887/5264/5264 995/5265/5265
f 887/5266/5266 883/5267/5267 995/5268/5268
f 883/5269/5269 882/5270/5270 995/5271/5271
f 995/5272/5272 882/5273/5273 994/5274/5274
f 989/5275/5275 988/5276/5276 996/5277/5277
f 996/5278/5278 988/5279/5279 997/5280/5280
f 988/5281/5281 987/5282/5282 997/5283/5283
f 997/5284/5284 987/5285/5285 998/5286/5286
f 987/5287/5287 986/5288/5288 998/5289/5289
f 998/5290/5290 986/5291/5291 999/5292/5292
f 986/5293/5293 985/5294/5294 999/5295/5295
f 999/5296/5296 985/5297/5297 1000/5298/5298
f 985/5299/5299 1001/5300/5300 1000/5301/5301
f 921/5302/5302 1002/5303/5303 978/5304/5304
f 978/5305/5305 1002/5306/5306 968/5307/5307
f 1002/5308/5308 1003/5309/5309 968/5310/5310
f 968/5311/5311 1003/5312/5312 967/5313/5313
f 1003/5314/5314 1000/5315/5315 967/5316/5316
f 967/5317/5317 1000/5318/5318 964/5319/5319
f 1000/5320/5320 1001/5321/5321 964/5322/5322
f 964/5323/5323 1001/5324/5324 963/5325/5325
f 1001/5326/5326 985/5327/5327 963/5328/5328
f 963/5329/5329 985/5330/5330 973/5331/5331
f 997/5332/5332 998/5333/5333 962/5334/5334
f 962/5335/5335 998/5336/5336 1004/5337/5337
f 998/5338/5338 999/5339/5339 1004/5340/5340
f 1004/5341/5341 999/5342/5342 1005/5343/5343
f 999/5344/5344 1000/5345/5345 1005/5346/5346
f 1000/5347/5347 1003/5348/5348 1005/5349/5349
f 1005/5350/5350 1003/5351/5351 1006/5352/5352
f 1003/5353/5353 1002/5354/5354 1006/5355/5355
f 1002/5356/5356 921/5357/5357 1006/5358/5358
f 1006/5359/5359 921/5360/5360 922/5361/5361
f 962/5362/5362 1004/5363/5363 961/5364/5364
f 961/5365/5365 1004/5366/5366 1007/5367/5367
f 1004/5368/5368 1005/5369/5369 1007/5370/5370
f 1005/5371/5371 1006/5372/5372 1007/5373/5373
f 1006/5374/5374 922/5375/5375 1007/5376/5376
f 1007/5377/5377 922/5378/5378 960/5379/5379
f 922/5380/5380 924/5381/5381 960/5382/5382
f 960/5383/5383 924/5384/5384 912/5385/5385
f 924/5386/5386 916/5387/5387 912/5388/5388
f 912/5389/5389 916/5390/5390 910/5391/5391
f 961/5392/5392 1007/5393/5393 960/5394/5394
f 928/5395/5395 935/5396/5396 919/5397/5397
f 919/5398/5398 935/5399/5399 920/5400/5400
f 920/5401/5401 935/5402/5402 959/5403/5403
f 935/5404/5404 933/5405/5405 959/5406/5406
f 959/5407/5407 933/5408/5408 958/5409/5409
f 933/5410/5410 931/5411/5411 958/5412/5412
f 958/5413/5413 931/5414/5414 956/5415/5415
f 931/5416/5416 929/5417/5417 956/5418/5418
f 956/5419/5419 929/5420/5420 951/5421/5421
f 929/5422/5422 949/5423/5423 951/5424/5424
f 938/5425/5425 941/5426/5426 930/5427/5427
f 930/5428/5428 941/5429/5429 1008/5430/5430
f 941/5431/5431 942/5432/5432 1008/5433/5433
f 1008/5434/5434 942/5435/5435 1009/5436/5436
f 942/5437/5437 944/5438/5438 1009/5439/5439
f 944/5440/5440 945/5441/5441 1009/5442/5442
f 1009/5443/5443 945/5444/5444 1008/5445/5445
f 945/5446/5446 949/5447/5447 1008/5448/5448
f 949/5449/5449 929/5450/5450 1008/5451/5451
f 1008/5452/5452 929/5453/5453 930/5454/5454
f 831/5455/5455 447/5456/5456 272/5457/5457
f 831/5458/5458 833/5459/5459 447/5460/5460
f 833/5461/5461 1010/5462/5462 447/5463/5463
f 447/5464/5464 1010/5465/5465 1011/5466/5466
f 1010/5467/5467 1012/5468/5468 1011/5469/5469
f 1011/5470/5470 1012/5471/5471 875/5472/5472
f 1012/5473/5473 876/5474/5474 875/5475/5475
f 875/5476/5476 870/5477/5477 1011/5478/5478
f 516/5479/5479 871/5480/5480 809/5481/5481
f 871/5482/5482 1013/5483/5483 809/5484/5484
f 809/5485/5485 1013/5486/5486 804/5487/5487
f 804/5488/5488 1013/5489/5489 1014/5490/5490
f 1014/5491/5491 1013/5492/5492 876/5493/5493
f 876/5494/5494 1013/5495/5495 874/5496/5496
f 1013/5497/5497 871/5498/5498 874/5499/5499
f 870/5500/5500 451/5501/5501 1011/5502/5502
f 451/5503/5503 299/5504/5504 1011/5505/5505
f 1011/5506/5506 299/5507/5507 447/5508/5508
f 802/5509/5509 803/5510/5510 1015/5511/5511
f 1015/5512/5512 803/5513/5513 1016/5514/5514
f 803/5515/5515 804/5516/5516 1016/5517/5517
f 804/5518/5518 1014/5519/5519 1016/5520/5520
f 1016/5521/5521 1014/5522/5522 1017/5523/5523
f 1014/5524/5524 876/5525/5525 1017/5526/5526
f 876/5527/5527 1018/5528/5528 1017/5529/5529
f 1017/5530/5530 1018/5531/5531 1019/5532/5532
f 1019/5533/5533 1018/5534/5534 1020/5535/5535
f 1020/5536/5536 1018/5537/5537 1021/5538/5538
f 1018/5539/5539 1012/5540/5540 1021/5541/5541
f 1012/5542/5542 1010/5543/5543 1021/5544/5544
f 1021/5545/5545 1010/5546/5546 833/5547/5547
f 1018/5548/5548 876/5549/5549 1012/5550/5550
f 1019/5551/5551 1022/5552/5552 1017/5553/5553
f 1017/5554/5554 1022/5555/5555 1016/5556/5556
f 1022/5557/5557 1015/5558/5558 1016/5559/5559
f 826/5560/5560 834/5561/5561 272/5562/5562
f 272/5563/5563 834/5564/5564 831/5565/5565
f 443/5566/5566 1023/5567/5567 270/5568/5568
f 270/5569/5569 1023/5570/5570 271/5571/5571
f 1023/5572/5572 826/5573/5573 271/5574/5574
f 1023/5575/5575 443/5576/5576 441/5577/5577
f 247/5578/5578 830/5579/5579 442/5580/5580
f 442/5581/5581 830/5582/5582 441/5583/5583
f 830/5584/5584 829/5585/5585 441/5586/5586
f 441/5587/5587 829/5588/5588 1023/5589/5589
f 829/5590/5590 828/5591/5591 1023/5592/5592
f 1023/5593/5593 828/5594/5594 826/5595/5595
f 253/5596/5596 251/5597/5597 1024/5598/5598
f 251/5599/5599 388/5600/5600 1024/5601/5601
f 388/5602/5602 1025/5603/5603 1024/5604/5604
f 1024/5605/5605 1025/5606/5606 253/5607/5607
f 1025/5608/5608 1026/5609/5609 253/5610/5610
f 253/5611/5611 1026/5612/5612 248/5613/5613
f 248/5614/5614 1026/5615/5615 249/5616/5616
f 249/5617/5617 1026/5618/5618 823/5619/5619
f 823/5620/5620 1026/5621/5621 822/5622/5622
f 1026/5623/5623 1025/5624/5624 822/5625/5625
f 1025/5626/5626 1027/5627/5627 822/5628/5628
f 822/5629/5629 1027/5630/5630 837/5631/5631
f 1027/5632/5632 836/5633/5633 837/5634/5634
f 822/5635/5635 837/5636/5636 824/5637/5637
f 837/5638/5638 835/5639/5639 824/5640/5640
f 824/5641/5641 835/5642/5642 827/5643/5643
f 833/5644/5644 832/5645/5645 1021/5646/5646
f 388/5647/5647 476/5648/5648 1025/5649/5649
f 1025/5650/5650 476/5651/5651 869/5652/5652
f 836/5653/5653 1027/5654/5654 1028/5655/5655
f 1027/5656/5656 1025/5657/5657 1028/5658/5658
f 1028/5659/5659 1025/5660/5660 1029/5661/5661
f 1025/5662/5662 869/5663/5663 1029/5664/5664
f 869/5665/5665 1030/5666/5666 1029/5667/5667
f 1029/5668/5668 1030/5669/5669 1028/5670/5670
f 1028/5671/5671 1030/5672/5672 1031/5673/5673
f 1031/5674/5674 1030/5675/5675 864/5676/5676
f 1030/5677/5677 865/5678/5678 864/5679/5679
f 1031/5680/5680 864/5681/5681 873/5682/5682
f 1022/5683/5683 1019/5684/5684 872/5685/5685
f 872/5686/5686 1019/5687/5687 873/5688/5688
f 1019/5689/5689 1020/5690/5690 873/5691/5691
f 873/5692/5692 1020/5693/5693 1031/5694/5694
f 1020/5695/5695 1028/5696/5696 1031/5697/5697
f 1022/5698/5698 872/5699/5699 1015/5700/5700
f 872/5701/5701 479/5702/5702 1015/5703/5703
f 479/5704/5704 481/5705/5705 1015/5706/5706
f 1015/5707/5707 481/5708/5708 802/5709/5709
f 1032/5710/5710 1033/5711/5711 1034/5712/5712
f 1035/5713/5713 1037/5714/5714 1036/5715/5715
f 1036/5716/5716 1037/5717/5717 1038/5718/5718
f 1039/5719/5719 1035/5720/5720 1040/5721/5721
f 1040/5722/5722 1035/5723/5723 1036/5724/5724
f 1032/5725/5725 1039/5726/5726 1041/5727/5727
f 1041/5728/5728 1039/5729/5729 1040/5730/5730
f 1033/5731/5731 1032/5732/5732 1042/5733/5733
f 1042/5734/5734 1032/5735/5735 1041/5736/5736
f 1034/5737/5737 1033/5738/5738 1043/5739/5739
f 1043/5740/5740 1033/5741/5741 1042/5742/5742
f 389/5743/5743 251/5744/5744 1044/5745/5745
f 251/5746/5746 250/5747/5747 1044/5748/5748
f 250/5749/5749 362/5750/5750 1044/5751/5751
f 1044/5752/5752 362/5753/5753 360/5754/5754
f 1039/5755/5755 1037/5756/5756 1035/5757/5757
f 298/5758/5758 1045/5759/5759 295/5760/5760
f 295/5761/5761 1045/5762/5762 296/5763/5763
f 298/5764/5764 291/5765/5765 1046/5766/5766
f 291/5767/5767 304/5768/5768 1046/5769/5769
f 1046/5770/5770 304/5771/5771 458/5772/5772
f 458/5773/5773 304/5774/5774 1047/5775/5775
f 304/5776/5776 302/5777/5777 1047/5778/5778
f 1047/5779/5779 302/5780/5780 300/5781/5781
f 1048/5782/5782 1050/5783/5783 1049/5784/5784
f 1049/5785/5785 1050/5786/5786 1051/5787/5787
f 1052/5788/5788 1054/5789/5789 1053/5790/5790
f 1053/5791/5791 1054/5792/5792 1055/5793/5793
f 1054/5794/5794 1056/5795/5795 1055/5796/5796
f 492/5797/5797 493/5798/5798 625/5799/5799
f 625/5800/5800 493/5801/5801 627/5802/5802
f 627/5803/5803 493/5804/5804 628/5805/5805
f 493/5806/5806 494/5807/5807 628/5808/5808
f 1057/5809/5809 1058/5810/5810 1059/5811/5811
f 1056/5812/5812 1061/5813/5813 1060/5814/5814
f 1060/5815/5815 1061/5816/5816 1062/5817/5817
f 1061/5818/5818 1063/5819/5819 1062/5820/5820
f 1062/5821/5821 1063/5822/5822 1064/5823/5823
f 1063/5824/5824 1065/5825/5825 1064/5826/5826
f 1064/5827/5827 1065/5828/5828 1066/5829/5829
f 1065/5830/5830 1067/5831/5831 1066/5832/5832
f 1066/5833/5833 1067/5834/5834 1068/5835/5835
f 1067/5836/5836 1069/5837/5837 1068/5838/5838
f 458/5839/5839 1047/5840/5840 452/5841/5841
f 1047/5842/5842 300/5843/5843 452/5844/5844
f 298/5845/5845 1046/5846/5846 455/5847/5847
f 455/5848/5848 1046/5849/5849 457/5850/5850
f 1046/5851/5851 458/5852/5852 457/5853/5853
f 296/5854/5854 1045/5855/5855 460/5856/5856
f 460/5857/5857 1045/5858/5858 454/5859/5859
f 1045/5860/5860 298/5861/5861 454/5862/5862
f 389/5863/5863 1044/5864/5864 366/5865/5865
f 1044/5866/5866 360/5867/5867 366/5868/5868
f 500/5869/5869 297/5870/5870 781/5871/5871
f 297/5872/5872 459/5873/5873 781/5874/5874
f 781/5875/5875 459/5876/5876 467/5877/5877
f 653/5878/5878 1070/5879/5879 608/5880/5880
f 608/5881/5881 1070/5882/5882 609/5883/5883
f 1070/5884/5884 535/5885/5885 609/5886/5886
f 677/5887/5887 1071/5888/5888 679/5889/5889
f 679/5890/5890 1071/5891/5891 529/5892/5892
f 529/5893/5893 1071/5894/5894 527/5895/5895
f 527/5896/5896 1071/5897/5897 653/5898/5898
f 653/5899/5899 1071/5900/5900 1070/5901/5901
f 1071/5902/5902 677/5903/5903 1070/5904/5904
f 1070/5905/5905 677/5906/5906 535/5907/5907
f 589/5908/5908 593/5909/5909 868/5910/5910
f 593/5911/5911 631/5912/5912 868/5913/5913
f 607/5914/5914 606/5915/5915 258/5916/5916
f 594/5917/5917 240/5918/5918 592/5919/5919
f 592/5920/5920 240/5921/5921 590/5922/5922
f 170/5923/5923 177/5924/5924 648/5925/5925
f 648/5926/5926 177/5927/5927 1072/5928/5928
f 177/5929/5929 182/5930/5930 1072/5931/5931
f 1072/5932/5932 182/5933/5933 254/5934/5934
f 258/5935/5935 606/5936/5936 254/5937/5937
f 254/5938/5938 606/5939/5939 1072/5940/5940
f 606/5941/5941 604/5942/5942 1072/5943/5943
f 1072/5944/5944 604/5945/5945 648/5946/5946
f 645/5947/5947 646/5948/5948 879/5949/5949
f 879/5950/5950 646/5951/5951 880/5952/5952
f 646/5953/5953 647/5954/5954 880/5955/5955
f 880/5956/5956 647/5957/5957 275/5958/5958
f 647/5959/5959 276/5960/5960 275/5961/5961
f 647/5962/5962 638/5963/5963 276/5964/5964
f 638/5965/5965 590/5966/5966 276/5967/5967
f 276/5968/5968 590/5969/5969 238/5970/5970
f 590/5971/5971 240/5972/5972 238/5973/5973
f 649/5974/5974 650/5975/5975 164/5976/5976
f 164/5977/5977 650/5978/5978 171/5979/5979
f 650/5980/5980 651/5981/5981 171/5982/5982
f 171/5983/5983 651/5984/5984 178/5985/5985
f 651/5986/5986 652/5987/5987 178/5988/5988
f 839/5989/5989 131/5990/5990 477/5991/5991
f 445/5992/5992 841/5993/5993 477/5994/5994
f 477/5995/5995 841/5996/5996 839/5997/5997
f 622/5998/5998 489/5999/5999 623/6000/6000
f 489/6001/6001 491/6002/6002 623/6003/6003
f 623/6004/6004 491/6005/6005 624/6006/6006
f 624/6007/6007 491/6008/6008 492/6009/6009
f 624/6010/6010 492/6011/6011 625/6012/6012
f 622/6013/6013 487/6014/6014 489/6015/6015
f 522/6016/6016 487/6017/6017 622/6018/6018
f 494/6019/6019 843/6020/6020 628/6021/6021
f 628/6022/6022 843/6023/6023 631/6024/6024
f 843/6025/6025 868/6026/6026 631/6027/6027
f 908/6028/6028 849/6029/6029 840/6030/6030
f 446/6031/6031 597/6032/6032 842/6033/6033
f 842/6034/6034 597/6035/6035 840/6036/6036
f 597/6037/6037 596/6038/6038 840/6039/6039
f 840/6040/6040 596/6041/6041 908/6042/6042
f 483/6043/6043 818/6044/6044 495/6045/6045
f 495/6046/6046 818/6047/6047 488/6048/6048
f 818/6049/6049 783/6050/6050 488/6051/6051
f 471/6052/6052 811/6053/6053 469/6054/6054
f 786/6055/6055 821/6056/6056 810/6057/6057
f 810/6058/6058 821/6059/6059 811/6060/6060
f 609/6061/6061 522/6062/6062 610/6063/6063
f 522/6064/6064 622/6065/6065 610/6066/6066
f 226/6067/6067 225/6068/6068 100/6069/6069
f 836/6070/6070 1020/6071/6071 832/6072/6072
f 832/6073/6073 1020/6074/6074 1021/6075/6075
f 170/6076/6076 648/6077/6077 165/6078/6078
f 648/6079/6079 649/6080/6080 165/6081/6081
f 165/6082/6082 649/6083/6083 164/6084/6084
f 178/6085/6085 652/6086/6086 878/6087/6087
f 652/6088/6088 645/6089/6089 878/6090/6090
f 878/6091/6091 645/6092/6092 879/6093/6093
f 797/6094/6094 500/6095/6095 781/6096/6096
f 252/6097/6097 248/6098/6098 1073/6099/6099
f 248/6100/6100 247/6101/6101 1073/6102/6102
f 247/6103/6103 145/6104/6104 1073/6105/6105
f 145/6106/6106 144/6107/6107 1073/6108/6108
f 144/6109/6109 143/6110/6110 1073/6111/6111
f 143/6112/6112 142/6113/6113 1073/6114/6114
f 142/6115/6115 139/6116/6116 1073/6117/6117
f 139/6118/6118 137/6119/6119 1073/6120/6120
f 137/6121/6121 361/6122/6122 1073/6123/6123
f 361/6124/6124 362/6125/6125 1073/6126/6126
f 362/6127/6127 250/6128/6128 1073/6129/6129
f 1073/6130/6130 250/6131/6131 252/6132/6132
f 1074/6133/6133 1075/6134/6134 1076/6135/6135
f 1077/6136/6136 1074/6137/6137 1078/6138/6138
f 1078/6139/6139 1074/6140/6140 1079/6141/6141
f 1074/6142/6142 1076/6143/6143 1079/6144/6144
f 1079/6145/6145 1076/6146/6146 1080/6147/6147
f 1076/6148/6148 1081/6149/6149 1080/6150/6150
f 1080/6151/6151 1081/6152/6152 1082/6153/6153
f 1082/6154/6154 1081/6155/6155 1083/6156/6156
f 1081/6157/6157 1084/6158/6158 1083/6159/6159
f 1083/6160/6160 1084/6161/6161 1085/6162/6162
f 1085/6163/6163 1084/6164/6164 1086/6165/6165
f 1084/6166/6166 1087/6167/6167 1086/6168/6168
f 1086/6169/6169 1087/6170/6170 1088/6171/6171
f 1076/6172/6172 1089/6173/6173 1081/6174/6174
f 1081/6175/6175 1089/6176/6176 1084/6177/6177
f 1089/6178/6178 1087/6179/6179 1084/6180/6180
f 1076/6181/6181 1075/6182/6182 1089/6183/6183
f 1075/6184/6184 1090/6185/6185 1089/6186/6186
f 1089/6187/6187 1090/6188/6188 1087/6189/6189
f 1090/6190/6190 1091/6191/6191 1087/6192/6192
f 1087/6193/6193 1091/6194/6194 1088/6195/6195
f 1091/6196/6196 1092/6197/6197 1088/6198/6198
f 1092/6199/6199 1093/6200/6200 1088/6201/6201
f 1088/6202/6202 1093/6203/6203 1086/6204/6204
f 1093/6205/6205 149/6206/6206 1086/6207/6207
f 1086/6208/6208 149/6209/6209 1085/6210/6210
f 1094/6211/6211 1095/6212/6212 1096/6213/6213
f 1095/6214/6214 1092/6215/6215 1096/6216/6216
f 1092/6217/6217 1091/6218/6218 1096/6219/6219
f 1096/6220/6220 1091/6221/6221 1097/6222/6222
f 1091/6223/6223 1090/6224/6224 1097/6225/6225
f 1097/6226/6226 1090/6227/6227 1098/6228/6228
f 1090/6229/6229 1075/6230/6230 1098/6231/6231
f 1098/6232/6232 1075/6233/6233 1099/6234/6234
f 1075/6235/6235 1074/6236/6236 1099/6237/6237
f 1099/6238/6238 1074/6239/6239 1077/6240/6240
f 1098/6241/6241 1100/6242/6242 1097/6243/6243
f 1100/6244/6244 1094/6245/6245 1097/6246/6246
f 1097/6247/6247 1094/6248/6248 1096/6249/6249
f 1100/6250/6250 1101/6251/6251 1094/6252/6252
f 1102/6253/6253 1101/6254/6254 1103/6255/6255
f 1101/6256/6256 1100/6257/6257 1103/6258/6258
f 1103/6259/6259 1100/6260/6260 1104/6261/6261
f 1100/6262/6262 1098/6263/6263 1104/6264/6264
f 1104/6265/6265 1098/6266/6266 1099/6267/6267
f 1105/6268/6268 1102/6269/6269 1106/6270/6270
f 1102/6271/6271 1103/6272/6272 1106/6273/6273
f 1106/6274/6274 1103/6275/6275 1107/6276/6276
f 1103/6277/6277 1104/6278/6278 1107/6279/6279
f 1107/6280/6280 1104/6281/6281 1108/6282/6282
f 1104/6283/6283 1099/6284/6284 1108/6285/6285
f 1108/6286/6286 1099/6287/6287 1077/6288/6288
f 1079/6289/6289 1109/6290/6290 1078/6291/6291
f 1109/6292/6292 154/6293/6293 1078/6294/6294
f 1078/6295/6295 154/6296/6296 1077/6297/6297
f 154/6298/6298 156/6299/6299 1077/6300/6300
f 1077/6301/6301 156/6302/6302 1108/6303/6303
f 156/6304/6304 1110/6305/6305 1108/6306/6306
f 1108/6307/6307 1110/6308/6308 1107/6309/6309
f 1110/6310/6310 1111/6311/6311 1107/6312/6312
f 1107/6313/6313 1111/6314/6314 1106/6315/6315
f 1111/6316/6316 152/6317/6317 1106/6318/6318
f 152/6319/6319 1111/6320/6320 150/6321/6321
f 1111/6322/6322 1110/6323/6323 150/6324/6324
f 150/6325/6325 1110/6326/6326 155/6327/6327
f 1110/6328/6328 156/6329/6329 155/6330/6330
f 1106/6331/6331 152/6332/6332 1105/6333/6333
f 152/6334/6334 153/6335/6335 1105/6336/6336
f 153/6337/6337 1112/6338/6338 1105/6339/6339
f 1112/6340/6340 1113/6341/6341 1105/6342/6342
f 1105/6343/6343 1113/6344/6344 1102/6345/6345
f 1113/6346/6346 1114/6347/6347 1102/6348/6348
f 1102/6349/6349 1114/6350/6350 1101/6351/6351
f 1114/6352/6352 1115/6353/6353 1101/6354/6354
f 1101/6355/6355 1115/6356/6356 1094/6357/6357
f 1115/6358/6358 1095/6359/6359 1094/6360/6360
f 149/6361/6361 147/6362/6362 1085/6363/6363
f 1085/6364/6364 147/6365/6365 1083/6366/6366
f 147/6367/6367 1116/6368/6368 1083/6369/6369
f 1083/6370/6370 1116/6371/6371 1082/6372/6372
f 1116/6373/6373 1117/6374/6374 1082/6375/6375
f 1117/6376/6376 1118/6377/6377 1082/6378/6378
f 1082/6379/6379 1118/6380/6380 1080/6381/6381
f 1118/6382/6382 1119/6383/6383 1080/6384/6384
f 1080/6385/6385 1119/6386/6386 1079/6387/6387
f 1119/6388/6388 1109/6389/6389 1079/6390/6390
f 147/6391/6391 146/6392/6392 1116/6393/6393
f 146/6394/6394 1120/6395/6395 1116/6396/6396
f 1116/6397/6397 1120/6398/6398 1117/6399/6399
f 468/6400/6400 470/6401/6401 519/6402/6402
f 869/6403/6403 853/6404/6404 1030/6405/6405
f 1030/6406/6406 853/6407/6407 865/6408/6408
f 129/6409/6409 838/6410/6410 476/6411/6411
f 476/6412/6412 838/6413/6413 869/6414/6414
f 1028/6415/6415 1020/6416/6416 836/6417/6417
f 1121/6418/6418 1123/6419/6419 1122/6420/6420
f 1122/6421/6421 1123/6422/6422 1124/6423/6423
f 1039/6424/6424 1125/6425/6425 1037/6426/6426
f 1034/6427/6427 1126/6428/6428 1032/6429/6429
f 1126/6430/6430 1127/6431/6431 1032/6432/6432
f 1032/6433/6433 1127/6434/6434 1039/6435/6435
f 1127/6436/6436 1128/6437/6437 1039/6438/6438
f 1039/6439/6439 1128/6440/6440 1125/6441/6441
f 1125/6442/6442 1128/6443/6443 1129/6444/6444
f 1128/6445/6445 1121/6446/6446 1129/6447/6447
f 1129/6448/6448 1121/6449/6449 1130/6450/6450
f 1121/6451/6451 1131/6452/6452 1130/6453/6453
f 1121/6454/6454 1128/6455/6455 1123/6456/6456
f 1128/6457/6457 1127/6458/6458 1123/6459/6459
f 1123/6460/6460 1127/6461/6461 1132/6462/6462
f 1127/6463/6463 1126/6464/6464 1132/6465/6465
f 1133/6466/6466 1123/6467/6467 1134/6468/6468
f 1134/6469/6469 1123/6470/6470 1132/6471/6471
f 1133/6472/6472 1134/6473/6473 1135/6474/6474
f 1135/6475/6475 1134/6476/6476 1136/6477/6477
f 1123/6478/6478 1133/6479/6479 1124/6480/6480
f 1124/6481/6481 1133/6482/6482 1135/6483/6483
f 1131/6484/6484 1121/6485/6485 1137/6486/6486
f 1137/6487/6487 1121/6488/6488 1122/6489/6489
f 1130/6490/6490 1131/6491/6491 1138/6492/6492
f 1138/6493/6493 1131/6494/6494 1137/6495/6495
f 1134/6496/6496 1132/6497/6497 1136/6498/6498
f 1136/6499/6499 1132/6500/6500 1139/6501/6501
f 1132/6502/6502 1126/6503/6503 1139/6504/6504
f 1139/6505/6505 1126/6506/6506 1140/6507/6507
f 1126/6508/6508 1034/6509/6509 1140/6510/6510
f 1140/6511/6511 1034/6512/6512 1043/6513/6513
f 1037/6514/6514 1125/6515/6515 1038/6516/6516
f 1038/6517/6517 1125/6518/6518 1141/6519/6519
f 1125/6520/6520 1129/6521/6521 1141/6522/6522
f 1141/6523/6523 1129/6524/6524 1142/6525/6525
f 1129/6526/6526 1130/6527/6527 1142/6528/6528
f 1142/6529/6529 1130/6530/6530 1138/6531/6531
f 1143/6532/6532 1145/6533/6533 1144/6534/6534
f 1145/6535/6535 1146/6536/6536 1144/6537/6537
f 1146/6538/6538 1147/6539/6539 1144/6540/6540
f 1147/6541/6541 1148/6542/6542 1144/6543/6543
f 1148/6544/6544 1149/6545/6545 1144/6546/6546
f 1149/6547/6547 1150/6548/6548 1144/6549/6549
f 1150/6550/6550 1151/6551/6551 1144/6552/6552
f 1151/6553/6553 1152/6554/6554 1144/6555/6555
f 1152/6556/6556 1153/6557/6557 1144/6558/6558
f 1144/6559/6559 1153/6560/6560 1143/6561/6561
f 1154/6562/6562 1156/6563/6563 1155/6564/6564
f 1156/6565/6565 1157/6566/6566 1155/6567/6567
f 1157/6568/6568 1158/6569/6569 1155/6570/6570
f 1158/6571/6571 1159/6572/6572 1155/6573/6573
f 1159/6574/6574 1160/6575/6575 1155/6576/6576
f 1160/6577/6577 1161/6578/6578 1155/6579/6579
f 1161/6580/6580 1162/6581/6581 1155/6582/6582
f 1162/6583/6583 1163/6584/6584 1155/6585/6585
f 1163/6586/6586 1164/6587/6587 1155/6588/6588
f 1155/6589/6589 1164/6590/6590 1154/6591/6591
f 1165/6592/6592 1167/6593/6593 1166/6594/6594
f 1166/6595/6595 1167/6596/6596 1168/6597/6597
f 327/6598/6598 1169/6599/6599 390/6600/6600
f 1170/6601/6601 1168/6602/6602 1171/6603/6603
f 1171/6604/6604 1168/6605/6605 1172/6606/6606
f 1168/6607/6607 1173/6608/6608 1172/6609/6609
f 1172/6610/6610 1173/6611/6611 1169/6612/6612
f 1169/6613/6613 1173/6614/6614 390/6615/6615
f 1173/6616/6616 1174/6617/6617 390/6618/6618
f 390/6619/6619 1174/6620/6620 322/6621/6621
f 1174/6622/6622 1175/6623/6623 322/6624/6624
f 322/6625/6625 1175/6626/6626 320/6627/6627
f 1174/6628/6628 1173/6629/6629 1167/6630/6630
f 1167/6631/6631 1173/6632/6632 1168/6633/6633
f 1176/6634/6634 1177/6635/6635 1167/6636/6636
f 1177/6637/6637 1178/6638/6638 1167/6639/6639
f 1167/6640/6640 1178/6641/6641 1174/6642/6642
f 1178/6643/6643 1175/6644/6644 1174/6645/6645
f 1179/6646/6646 1177/6647/6647 1180/6648/6648
f 1180/6649/6649 1177/6650/6650 1176/6651/6651
f 1180/6652/6652 1176/6653/6653 1165/6654/6654
f 1165/6655/6655 1176/6656/6656 1167/6657/6657
f 1166/6658/6658 1168/6659/6659 1181/6660/6660
f 1181/6661/6661 1168/6662/6662 1170/6663/6663
f 1181/6664/6664 1170/6665/6665 1182/6666/6666
f 1182/6667/6667 1170/6668/6668 1171/6669/6669
f 325/6670/6670 1183/6671/6671 327/6672/6672
f 327/6673/6673 1183/6674/6674 1169/6675/6675
f 1169/6676/6676 1183/6677/6677 1172/6678/6678
f 1183/6679/6679 1184/6680/6680 1172/6681/6681
f 1184/6682/6682 1182/6683/6683 1172/6684/6684
f 1172/6685/6685 1182/6686/6686 1171/6687/6687
f 324/6688/6688 320/6689/6689 1185/6690/6690
f 320/6691/6691 1175/6692/6692 1185/6693/6693
f 1185/6694/6694 1175/6695/6695 1186/6696/6696
f 1175/6697/6697 1178/6698/6698 1186/6699/6699
f 1186/6700/6700 1178/6701/6701 1179/6702/6702
f 1178/6703/6703 1177/6704/6704 1179/6705/6705
f 1187/6706/6706 1188/6707/6707 1189/6708/6708
f 1190/6709/6709 1188/6710/6710 1191/6711/6711
f 1188/6712/6712 1187/6713/6713 1191/6714/6714
f 1191/6715/6715 1187/6716/6716 1192/6717/6717
f 1193/6718/6718 1194/6719/6719 1192/6720/6720
f 1192/6721/6721 1194/6722/6722 1191/6723/6723
f 1194/6724/6724 1195/6725/6725 1191/6726/6726
f 1191/6727/6727 1195/6728/6728 1190/6729/6729
f 1195/6730/6730 1196/6731/6731 1190/6732/6732
f 1196/6733/6733 1197/6734/6734 1190/6735/6735
f 1197/6736/6736 1198/6737/6737 1190/6738/6738
f 1190/6739/6739 1198/6740/6740 1188/6741/6741
f 1198/6742/6742 1199/6743/6743 1188/6744/6744
f 1188/6745/6745 1199/6746/6746 1189/6747/6747
f 1199/6748/6748 1200/6749/6749 1189/6750/6750
f 1196/6751/6751 1201/6752/6752 1197/6753/6753
f 1202/6754/6754 1203/6755/6755 1193/6756/6756
f 1193/6757/6757 1203/6758/6758 1194/6759/6759
f 1203/6760/6760 1204/6761/6761 1194/6762/6762
f 1194/6763/6763 1204/6764/6764 1195/6765/6765
f 1204/6766/6766 1205/6767/6767 1195/6768/6768
f 1195/6769/6769 1205/6770/6770 1196/6771/6771
f 1205/6772/6772 1206/6773/6773 1196/6774/6774
f 1196/6775/6775 1206/6776/6776 1201/6777/6777
f 1201/6778/6778 1206/6779/6779 1207/6780/6780
f 1206/6781/6781 1208/6782/6782 1207/6783/6783
f 1209/6784/6784 1211/6785/6785 1210/6786/6786
f 1210/6787/6787 1211/6788/6788 1212/6789/6789
f 1211/6790/6790 1208/6791/6791 1212/6792/6792
f 1212/6793/6793 1208/6794/6794 1213/6795/6795
f 1208/6796/6796 1206/6797/6797 1213/6798/6798
f 1206/6799/6799 1205/6800/6800 1213/6801/6801
f 1213/6802/6802 1205/6803/6803 1214/6804/6804
f 1205/6805/6805 1204/6806/6806 1214/6807/6807
f 1214/6808/6808 1204/6809/6809 1215/6810/6810
f 1204/6811/6811 1203/6812/6812 1215/6813/6813
f 1216/6814/6814 1218/6815/6815 1217/6816/6816
f 1217/6817/6817 1218/6818/6818 1219/6819/6819
f 1218/6820/6820 1220/6821/6821 1219/6822/6822
f 1220/6823/6823 1210/6824/6824 1219/6825/6825
f 1210/6826/6826 1212/6827/6827 1219/6828/6828
f 1219/6829/6829 1212/6830/6830 1221/6831/6831
f 1212/6832/6832 1213/6833/6833 1221/6834/6834
f 1213/6835/6835 1214/6836/6836 1221/6837/6837
f 1221/6838/6838 1214/6839/6839 1222/6840/6840
f 1214/6841/6841 1215/6842/6842 1222/6843/6843
f 1222/6844/6844 1215/6845/6845 1223/6846/6846
f 1215/6847/6847 1224/6848/6848 1223/6849/6849
f 1224/6850/6850 1225/6851/6851 1223/6852/6852
f 1225/6853/6853 1226/6854/6854 1223/6855/6855
f 1226/6856/6856 1227/6857/6857 1223/6858/6858
f 1223/6859/6859 1227/6860/6860 1222/6861/6861
f 1227/6862/6862 1217/6863/6863 1222/6864/6864
f 1222/6865/6865 1217/6866/6866 1221/6867/6867
f 1217/6868/6868 1219/6869/6869 1221/6870/6870
f 1215/6871/6871 1203/6872/6872 1224/6873/6873
f 1203/6874/6874 1202/6875/6875 1224/6876/6876
f 1202/6877/6877 1228/6878/6878 1224/6879/6879
f 1224/6880/6880 1228/6881/6881 1225/6882/6882
f 1228/6883/6883 1229/6884/6884 1225/6885/6885
f 1225/6886/6886 1229/6887/6887 1226/6888/6888
f 1229/6889/6889 1230/6890/6890 1226/6891/6891
f 1226/6892/6892 1230/6893/6893 1227/6894/6894
f 1230/6895/6895 1216/6896/6896 1227/6897/6897
f 1227/6898/6898 1216/6899/6899 1217/6900/6900
f 1231/6901/6901 1232/6902/6902 1233/6903/6903
f 1232/6904/6904 1234/6905/6905 1233/6906/6906
f 1233/6907/6907 1234/6908/6908 1235/6909/6909
f 1235/6910/6910 1234/6911/6911 1229/6912/6912
f 1234/6913/6913 1236/6914/6914 1229/6915/6915
f 1229/6916/6916 1236/6917/6917 1230/6918/6918
f 1230/6919/6919 1236/6920/6920 1216/6921/6921
f 1236/6922/6922 1232/6923/6923 1216/6924/6924
f 1216/6925/6925 1232/6926/6926 1218/6927/6927
f 1232/6928/6928 1231/6929/6929 1218/6930/6930
f 1218/6931/6931 1231/6932/6932 1220/6933/6933
f 1236/6934/6934 1234/6935/6935 1232/6936/6936
f 1229/6937/6937 1237/6938/6938 1235/6939/6939
f 1237/6940/6940 1238/6941/6941 1235/6942/6942
f 1235/6943/6943 1238/6944/6944 1233/6945/6945
f 1238/6946/6946 1239/6947/6947 1233/6948/6948
f 1233/6949/6949 1239/6950/6950 1231/6951/6951
f 1239/6952/6952 1240/6953/6953 1231/6954/6954
f 1231/6955/6955 1240/6956/6956 1220/6957/6957
f 1240/6958/6958 1241/6959/6959 1220/6960/6960
f 1220/6961/6961 1241/6962/6962 1210/6963/6963
f 1241/6964/6964 1209/6965/6965 1210/6966/6966
f 1242/6967/6967 1243/6968/6968 1237/6969/6969
f 1237/6970/6970 1243/6971/6971 1238/6972/6972
f 1243/6973/6973 1244/6974/6974 1238/6975/6975
f 1238/6976/6976 1244/6977/6977 1239/6978/6978
f 1244/6979/6979 1245/6980/6980 1239/6981/6981
f 1239/6982/6982 1245/6983/6983 1240/6984/6984
f 1245/6985/6985 1246/6986/6986 1240/6987/6987
f 1240/6988/6988 1246/6989/6989 1241/6990/6990
f 1246/6991/6991 1247/6992/6992 1241/6993/6993
f 1241/6994/6994 1247/6995/6995 1209/6996/6996
f 1207/6997/6997 1208/6998/6998 1248/6999/6999
f 1208/7000/7000 1211/7001/7001 1248/7002/7002
f 1248/7003/7003 1211/7004/7004 1249/7005/7005
f 1211/7006/7006 1209/7007/7007 1249/7008/7008
f 1249/7009/7009 1209/7010/7010 1250/7011/7011
f 1209/7012/7012 1247/7013/7013 1250/7014/7014
f 1250/7015/7015 1247/7016/7016 1251/7017/7017
f 1251/7018/7018 1247/7019/7019 1252/7020/7020
f 1247/7021/7021 1246/7022/7022 1252/7023/7023
f 1252/7024/7024 1246/7025/7025 1253/7026/7026
f 1246/7027/7027 1245/7028/7028 1253/7029/7029
f 1253/7030/7030 1245/7031/7031 1254/7032/7032
f 1245/7033/7033 1244/7034/7034 1254/7035/7035
f 1254/7036/7036 1244/7037/7037 1255/7038/7038
f 1244/7039/7039 1243/7040/7040 1255/7041/7041
f 1255/7042/7042 1243/7043/7043 1256/7044/7044
f 1243/7045/7045 1242/7046/7046 1256/7047/7047
f 1256/7048/7048 1242/7049/7049 1257/7050/7050
f 1257/7051/7051 1242/7052/7052 1229/7053/7053
f 1242/7054/7054 1237/7055/7055 1229/7056/7056
f 1258/7057/7057 1259/7058/7058 1260/7059/7059
f 1261/7060/7060 1259/7061/7061 1262/7062/7062
f 1259/7063/7063 1258/7064/7064 1262/7065/7065
f 1262/7066/7066 1258/7067/7067 1263/7068/7068
f 1263/7069/7069 1264/7070/7070 1262/7071/7071
f 1264/7072/7072 1265/7073/7073 1262/7074/7074
f 1262/7075/7075 1265/7076/7076 1261/7077/7077
f 1261/7078/7078 1265/7079/7079 1266/7080/7080
f 1265/7081/7081 1267/7082/7082 1266/7083/7083
f 1266/7084/7084 1267/7085/7085 1268/7086/7086
f 1267/7087/7087 1269/7088/7088 1268/7089/7089
f 1268/7090/7090 1269/7091/7091 1270/7092/7092
f 1269/7093/7093 1271/7094/7094 1270/7095/7095
f 1270/7096/7096 1271/7097/7097 1272/7098/7098
f 1264/7099/7099 1273/7100/7100 1265/7101/7101
f 1265/7102/7102 1273/7103/7103 1267/7104/7104
f 1273/7105/7105 1274/7106/7106 1267/7107/7107
f 1267/7108/7108 1274/7109/7109 1269/7110/7110
f 1274/7111/7111 1275/7112/7112 1269/7113/7113
f 1269/7114/7114 1275/7115/7115 1271/7116/7116
f 1275/7117/7117 1276/7118/7118 1271/7119/7119
f 1271/7120/7120 1276/7121/7121 1277/7122/7122
f 1276/7123/7123 1278/7124/7124 1277/7125/7125
f 1277/7126/7126 1278/7127/7127 1279/7128/7128
f 1278/7129/7129 1280/7130/7130 1279/7131/7131
f 1279/7132/7132 1280/7133/7133 1281/7134/7134
f 1280/7135/7135 1282/7136/7136 1281/7137/7137
f 1271/7138/7138 1277/7139/7139 1272/7140/7140
f 1272/7141/7141 1277/7142/7142 1283/7143/7143
f 1277/7144/7144 1279/7145/7145 1283/7146/7146
f 1283/7147/7147 1279/7148/7148 1284/7149/7149
f 1279/7150/7150 1281/7151/7151 1284/7152/7152
f 1284/7153/7153 1281/7154/7154 1285/7155/7155
f 1285/7156/7156 1281/7157/7157 1286/7158/7158
f 1281/7159/7159 1282/7160/7160 1286/7161/7161
f 1286/7162/7162 1282/7163/7163 1287/7164/7164
f 1288/7165/7165 1290/7166/7166 1289/7167/7167
f 1289/7168/7168 1290/7169/7169 1264/7170/7170
f 1290/7171/7171 1273/7172/7172 1264/7173/7173
f 1289/7174/7174 1264/7175/7175 1263/7176/7176
f 1291/7177/7177 1292/7178/7178 1293/7179/7179
f 1292/7180/7180 1294/7181/7181 1293/7182/7182
f 1293/7183/7183 1294/7184/7184 1295/7185/7185
f 1294/7186/7186 1296/7187/7187 1295/7188/7188
f 1295/7189/7189 1296/7190/7190 1297/7191/7191
f 1296/7192/7192 1298/7193/7193 1297/7194/7194
f 1297/7195/7195 1298/7196/7196 1288/7197/7197
f 1288/7198/7198 1298/7199/7199 1290/7200/7200
f 1298/7201/7201 1299/7202/7202 1290/7203/7203
f 1290/7204/7204 1299/7205/7205 1273/7206/7206
f 1292/7207/7207 1300/7208/7208 1294/7209/7209
f 1300/7210/7210 1301/7211/7211 1294/7212/7212
f 1294/7213/7213 1301/7214/7214 1296/7215/7215
f 1301/7216/7216 1302/7217/7217 1296/7218/7218
f 1296/7219/7219 1302/7220/7220 1298/7221/7221
f 1298/7222/7222 1302/7223/7223 1299/7224/7224
f 1299/7225/7225 1302/7226/7226 1303/7227/7227
f 1302/7228/7228 1304/7229/7229 1303/7230/7230
f 1303/7231/7231 1304/7232/7232 1305/7233/7233
f 1301/7234/7234 1304/7235/7235 1302/7236/7236
f 1300/7237/7237 1306/7238/7238 1301/7239/7239
f 1273/7240/7240 1299/7241/7241 1274/7242/7242
f 1299/7243/7243 1303/7244/7244 1274/7245/7245
f 1274/7246/7246 1303/7247/7247 1275/7248/7248
f 1303/7249/7249 1305/7250/7250 1275/7251/7251
f 1275/7252/7252 1305/7253/7253 1276/7254/7254
f 1301/7255/7255 1306/7256/7256 1304/7257/7257
f 1306/7258/7258 1307/7259/7259 1304/7260/7260
f 1304/7261/7261 1307/7262/7262 1305/7263/7263
f 1307/7264/7264 1308/7265/7265 1305/7266/7266
f 1305/7267/7267 1308/7268/7268 1276/7269/7269
f 1276/7270/7270 1308/7271/7271 1278/7272/7272
f 1308/7273/7273 1309/7274/7274 1278/7275/7275
f 1278/7276/7276 1309/7277/7277 1280/7278/7278
f 1309/7279/7279 1310/7280/7280 1280/7281/7281
f 1280/7282/7282 1310/7283/7283 1282/7284/7284
f 1311/7285/7285 1313/7286/7286 1312/7287/7287
f 1312/7288/7288 1313/7289/7289 1314/7290/7290
f 1313/7291/7291 1315/7292/7292 1314/7293/7293
f 1314/7294/7294 1315/7295/7295 1316/7296/7296
f 1315/7297/7297 1310/7298/7298 1316/7299/7299
f 1310/7300/7300 1309/7301/7301 1316/7302/7302
f 1316/7303/7303 1309/7304/7304 1317/7305/7305
f 1309/7306/7306 1308/7307/7307 1317/7308/7308
f 1308/7309/7309 1307/7310/7310 1317/7311/7311
f 1317/7312/7312 1307/7313/7313 1318/7314/7314
f 1319/7315/7315 1321/7316/7316 1320/7317/7317
f 1320/7318/7318 1321/7319/7319 1322/7320/7320
f 1321/7321/7321 1323/7322/7322 1322/7323/7323
f 1322/7324/7324 1323/7325/7325 1311/7326/7326
f 1323/7327/7327 1324/7328/7328 1311/7329/7329
f 1311/7330/7330 1324/7331/7331 1313/7332/7332
f 1324/7333/7333 1325/7334/7334 1313/7335/7335
f 1313/7336/7336 1325/7337/7337 1315/7338/7338
f 1325/7339/7339 1326/7340/7340 1315/7341/7341
f 1315/7342/7342 1326/7343/7343 1310/7344/7344
f 1310/7345/7345 1326/7346/7346 1282/7347/7347
f 1282/7348/7348 1326/7349/7349 1287/7350/7350
f 1287/7351/7351 1326/7352/7352 1327/7353/7353
f 1326/7354/7354 1325/7355/7355 1327/7356/7356
f 1327/7357/7357 1325/7358/7358 1328/7359/7359
f 1325/7360/7360 1324/7361/7361 1328/7362/7362
f 1328/7363/7363 1324/7364/7364 1329/7365/7365
f 1324/7366/7366 1323/7367/7367 1329/7368/7368
f 1329/7369/7369 1323/7370/7370 1330/7371/7371
f 1323/7372/7372 1321/7373/7373 1330/7374/7374
f 1330/7375/7375 1321/7376/7376 1331/7377/7377
f 1321/7378/7378 1319/7379/7379 1331/7380/7380
f 1331/7381/7381 1319/7382/7382 1332/7383/7383
f 1332/7384/7384 1319/7385/7385 1333/7386/7386
f 1319/7387/7387 1320/7388/7388 1333/7389/7389
f 1333/7390/7390 1320/7391/7391 1334/7392/7392
f 1320/7393/7393 1322/7394/7394 1334/7395/7395
f 1334/7396/7396 1322/7397/7397 1335/7398/7398
f 1322/7399/7399 1311/7400/7400 1335/7401/7401
f 1335/7402/7402 1311/7403/7403 1312/7404/7404
f 1336/7405/7405 1338/7406/7406 1337/7407/7407
f 1337/7408/7408 1338/7409/7409 1339/7410/7410
f 1338/7411/7411 1340/7412/7412 1339/7413/7413
f 1340/7414/7414 1333/7415/7415 1339/7416/7416
f 1339/7417/7417 1333/7418/7418 1341/7419/7419
f 1333/7420/7420 1334/7421/7421 1341/7422/7422
f 1334/7423/7423 1335/7424/7424 1341/7425/7425
f 1341/7426/7426 1335/7427/7427 1337/7428/7428
f 1335/7429/7429 1312/7430/7430 1337/7431/7431
f 1337/7432/7432 1312/7433/7433 1336/7434/7434
f 1312/7435/7435 1314/7436/7436 1336/7437/7437
f 1339/7438/7438 1341/7439/7439 1337/7440/7440
f 1342/7441/7441 1340/7442/7442 1343/7443/7443
f 1340/7444/7444 1338/7445/7445 1343/7446/7446
f 1343/7447/7447 1338/7448/7448 1344/7449/7449
f 1338/7450/7450 1336/7451/7451 1344/7452/7452
f 1344/7453/7453 1336/7454/7454 1345/7455/7455
f 1336/7456/7456 1314/7457/7457 1345/7458/7458
f 1314/7459/7459 1316/7460/7460 1345/7461/7461
f 1316/7462/7462 1317/7463/7463 1345/7464/7464
f 1317/7465/7465 1318/7466/7466 1345/7467/7467
f 1345/7468/7468 1318/7469/7469 1344/7470/7470
f 1318/7471/7471 1346/7472/7472 1344/7473/7473
f 1344/7474/7474 1346/7475/7475 1343/7476/7476
f 1346/7477/7477 1347/7478/7478 1343/7479/7479
f 1343/7480/7480 1347/7481/7481 1342/7482/7482
f 1347/7483/7483 1348/7484/7484 1342/7485/7485
f 1307/7486/7486 1306/7487/7487 1318/7488/7488
f 1318/7489/7489 1306/7490/7490 1346/7491/7491
f 1306/7492/7492 1300/7493/7493 1346/7494/7494
f 1346/7495/7495 1300/7496/7496 1347/7497/7497
f 1300/7498/7498 1292/7499/7499 1347/7500/7500
f 1347/7501/7501 1292/7502/7502 1348/7503/7503
f 1292/7504/7504 1291/7505/7505 1348/7506/7506
f 1291/7507/7507 1333/7508/7508 1348/7509/7509
f 1348/7510/7510 1333/7511/7511 1342/7512/7512
f 1333/7513/7513 1340/7514/7514 1342/7515/7515
f 1358/7516/7516 1359/7517/7517 1357/7518/7518
f 1359/7519/7519 1360/7520/7520 1357/7521/7521
f 1357/7522/7522 1360/7523/7523 1356/7524/7524
f 1360/7525/7525 1361/7526/7526 1356/7527/7527
f 1356/7528/7528 1361/7529/7529 1355/7530/7530
f 1361/7531/7531 1362/7532/7532 1355/7533/7533
f 1355/7534/7534 1362/7535/7535 1354/7536/7536
f 1362/7537/7537 1363/7538/7538 1354/7539/7539
f 1354/7540/7540 1363/7541/7541 1353/7542/7542
f 1363/7543/7543 1364/7544/7544 1353/7545/7545
f 1359/7546/7546 1365/7547/7547 1360/7548/7548
f 1365/7549/7549 1366/7550/7550 1360/7551/7551
f 1360/7552/7552 1366/7553/7553 1361/7554/7554
f 1366/7555/7555 1367/7556/7556 1361/7557/7557
f 1361/7558/7558 1367/7559/7559 1362/7560/7560
f 1367/7561/7561 1368/7562/7562 1362/7563/7563
f 1362/7564/7564 1368/7565/7565 1363/7566/7566
f 1368/7567/7567 1369/7568/7568 1363/7569/7569
f 1363/7570/7570 1369/7571/7571 1364/7572/7572
f 1369/7573/7573 1370/7574/7574 1364/7575/7575
f 1364/7576/7576 1370/7577/7577 1371/7578/7578
f 1370/7579/7579 1372/7580/7580 1371/7581/7581
f 1371/7582/7582 1372/7583/7583 1373/7584/7584
f 1372/7585/7585 1374/7586/7586 1373/7587/7587
f 1373/7588/7588 1374/7589/7589 1375/7590/7590
f 1374/7591/7591 1376/7592/7592 1375/7593/7593
f 1353/7594/7594 1364/7595/7595 1349/7596/7596
f 1364/7597/7597 1371/7598/7598 1349/7599/7599
f 1349/7600/7600 1371/7601/7601 1350/7602/7602
f 1371/7603/7603 1373/7604/7604 1350/7605/7605
f 1350/7606/7606 1373/7607/7607 1351/7608/7608
f 1373/7609/7609 1375/7610/7610 1351/7611/7611
f 1351/7612/7612 1375/7613/7613 1352/7614/7614
f 1352/7615/7615 1375/7616/7616 1377/7617/7617
f 1375/7618/7618 1376/7619/7619 1377/7620/7620
f 1377/7621/7621 1376/7622/7622 1378/7623/7623
f 1366/7624/7624 1365/7625/7625 1379/7626/7626
f 1367/7627/7627 1366/7628/7628 1380/7629/7629
f 1366/7630/7630 1379/7631/7631 1380/7632/7632
f 1380/7633/7633 1379/7634/7634 1381/7635/7635
f 1382/7636/7636 1383/7637/7637 1381/7638/7638
f 1381/7639/7639 1383/7640/7640 1380/7641/7641
f 1383/7642/7642 1384/7643/7643 1380/7644/7644
f 1380/7645/7645 1384/7646/7646 1367/7647/7647
f 1367/7648/7648 1384/7649/7649 1368/7650/7650
f 1384/7651/7651 1385/7652/7652 1368/7653/7653
f 1368/7654/7654 1385/7655/7655 1369/7656/7656
f 1385/7657/7657 1386/7658/7658 1369/7659/7659
f 1369/7660/7660 1386/7661/7661 1370/7662/7662
f 1386/7663/7663 1387/7664/7664 1370/7665/7665
f 1385/7666/7666 1384/7667/7667 1388/7668/7668
f 1384/7669/7669 1383/7670/7670 1388/7671/7671
f 1388/7672/7672 1383/7673/7673 1389/7674/7674
f 1383/7675/7675 1382/7676/7676 1389/7677/7677
f 1382/7678/7678 1390/7679/7679 1389/7680/7680
f 1389/7681/7681 1390/7682/7682 1391/7683/7683
f 1390/7684/7684 1392/7685/7685 1391/7686/7686
f 1391/7687/7687 1392/7688/7688 1393/7689/7689
f 1392/7690/7690 1394/7691/7691 1393/7692/7692
f 1393/7693/7693 1394/7694/7694 1395/7695/7695
f 1395/7696/7696 1396/7697/7697 1393/7698/7698
f 1393/7699/7699 1396/7700/7700 1391/7701/7701
f 1391/7702/7702 1396/7703/7703 1389/7704/7704
f 1389/7705/7705 1396/7706/7706 1388/7707/7707
f 1388/7708/7708 1396/7709/7709 1397/7710/7710
f 1396/7711/7711 1395/7712/7712 1397/7713/7713
f 1397/7714/7714 1395/7715/7715 1398/7716/7716
f 1392/7717/7717 1399/7718/7718 1394/7719/7719
f 1394/7720/7720 1399/7721/7721 1400/7722/7722
f 1400/7723/7723 1399/7724/7724 1401/7725/7725
f 1399/7726/7726 1402/7727/7727 1401/7728/7728
f 1394/7729/7729 1400/7730/7730 1395/7731/7731
f 1395/7732/7732 1400/7733/7733 1398/7734/7734
f 1398/7735/7735 1400/7736/7736 1403/7737/7737
f 1400/7738/7738 1401/7739/7739 1403/7740/7740
f 1403/7741/7741 1401/7742/7742 1404/7743/7743
f 1404/7744/7744 1401/7745/7745 1405/7746/7746
f 1401/7747/7747 1402/7748/7748 1405/7749/7749
f 1405/7750/7750 1402/7751/7751 1406/7752/7752
f 1406/7753/7753 1402/7754/7754 1392/7755/7755
f 1402/7756/7756 1399/7757/7757 1392/7758/7758
f 1405/7759/7759 1407/7760/7760 1404/7761/7761
f 1407/7762/7762 1408/7763/7763 1404/7764/7764
f 1408/7765/7765 1409/7766/7766 1404/7767/7767
f 1404/7768/7768 1409/7769/7769 1403/7770/7770
f 1409/7771/7771 1387/7772/7772 1403/7773/7773
f 1403/7774/7774 1387/7775/7775 1398/7776/7776
f 1387/7777/7777 1386/7778/7778 1398/7779/7779
f 1398/7780/7780 1386/7781/7781 1397/7782/7782
f 1386/7783/7783 1385/7784/7784 1397/7785/7785
f 1397/7786/7786 1385/7787/7787 1388/7788/7788
f 1370/7789/7789 1387/7790/7790 1372/7791/7791
f 1387/7792/7792 1409/7793/7793 1372/7794/7794
f 1372/7795/7795 1409/7796/7796 1374/7797/7797
f 1409/7798/7798 1408/7799/7799 1374/7800/7800
f 1374/7801/7801 1408/7802/7802 1376/7803/7803
f 1408/7804/7804 1410/7805/7805 1376/7806/7806
f 1376/7807/7807 1410/7808/7808 1378/7809/7809
f 1378/7810/7810 1410/7811/7811 1411/7812/7812
f 1410/7813/7813 1412/7814/7814 1411/7815/7815
f 1411/7816/7816 1412/7817/7817 1413/7818/7818
f 1408/7819/7819 1407/7820/7820 1410/7821/7821
f 1410/7822/7822 1407/7823/7823 1412/7824/7824
f 1407/7825/7825 1414/7826/7826 1412/7827/7827
f 1412/7828/7828 1414/7829/7829 1415/7830/7830
f 1414/7831/7831 1416/7832/7832 1415/7833/7833
f 1415/7834/7834 1416/7835/7835 1417/7836/7836
f 1412/7837/7837 1415/7838/7838 1413/7839/7839
f 1413/7840/7840 1415/7841/7841 1418/7842/7842
f 1415/7843/7843 1417/7844/7844 1418/7845/7845
f 1418/7846/7846 1417/7847/7847 1419/7848/7848
f 1419/7849/7849 1417/7850/7850 1392/7851/7851
f 1417/7852/7852 1416/7853/7853 1392/7854/7854
f 1392/7855/7855 1416/7856/7856 1406/7857/7857
f 1416/7858/7858 1414/7859/7859 1406/7860/7860
f 1406/7861/7861 1414/7862/7862 1405/7863/7863
f 1414/7864/7864 1407/7865/7865 1405/7866/7866
f 1428/7867/7867 1430/7868/7868 1429/7869/7869
f 1428/7870/7870 1431/7871/7871 1430/7872/7872
f 1427/7873/7873 1431/7874/7874 1428/7875/7875
f 1427/7876/7876 1432/7877/7877 1431/7878/7878
f 1426/7879/7879 1432/7880/7880 1427/7881/7881
f 1426/7882/7882 1433/7883/7883 1432/7884/7884
f 1425/7885/7885 1433/7886/7886 1426/7887/7887
f 1425/7888/7888 1434/7889/7889 1433/7890/7890
f 1424/7891/7891 1434/7892/7892 1425/7893/7893
f 1424/7894/7894 1435/7895/7895 1434/7896/7896
f 1431/7897/7897 1436/7898/7898 1430/7899/7899
f 1431/7900/7900 1437/7901/7901 1436/7902/7902
f 1432/7903/7903 1437/7904/7904 1431/7905/7905
f 1432/7906/7906 1438/7907/7907 1437/7908/7908
f 1433/7909/7909 1438/7910/7910 1432/7911/7911
f 1433/7912/7912 1439/7913/7913 1438/7914/7914
f 1434/7915/7915 1439/7916/7916 1433/7917/7917
f 1434/7918/7918 1440/7919/7919 1439/7920/7920
f 1435/7921/7921 1440/7922/7922 1434/7923/7923
f 1435/7924/7924 1441/7925/7925 1440/7926/7926
f 1442/7927/7927 1441/7928/7928 1435/7929/7929
f 1442/7930/7930 1443/7931/7931 1441/7932/7932
f 1444/7933/7933 1443/7934/7934 1442/7935/7935
f 1444/7936/7936 1445/7937/7937 1443/7938/7938
f 1446/7939/7939 1445/7940/7940 1444/7941/7941
f 1446/7942/7942 1447/7943/7943 1445/7944/7944
f 1420/7945/7945 1435/7946/7946 1424/7947/7947
f 1420/7948/7948 1442/7949/7949 1435/7950/7950
f 1421/7951/7951 1442/7952/7952 1420/7953/7953
f 1421/7954/7954 1444/7955/7955 1442/7956/7956
f 1422/7957/7957 1444/7958/7958 1421/7959/7959
f 1422/7960/7960 1446/7961/7961 1444/7962/7962
f 1423/7963/7963 1446/7964/7964 1422/7965/7965
f 1448/7966/7966 1446/7967/7967 1423/7968/7968
f 1448/7969/7969 1447/7970/7970 1446/7971/7971
f 1449/7972/7972 1447/7973/7973 1448/7974/7974
f 1450/7975/7975 1436/7976/7976 1437/7977/7977
f 1451/7978/7978 1437/7979/7979 1438/7980/7980
f 1451/7981/7981 1450/7982/7982 1437/7983/7983
f 1452/7984/7984 1450/7985/7985 1451/7986/7986
f 1452/7987/7987 1454/7988/7988 1453/7989/7989
f 1451/7990/7990 1454/7991/7991 1452/7992/7992
f 1451/7993/7993 1455/7994/7994 1454/7995/7995
f 1438/7996/7996 1455/7997/7997 1451/7998/7998
f 1439/7999/7999 1455/8000/8000 1438/8001/8001
f 1439/8002/8002 1456/8003/8003 1455/8004/8004
f 1440/8005/8005 1456/8006/8006 1439/8007/8007
f 1440/8008/8008 1457/8009/8009 1456/8010/8010
f 1441/8011/8011 1457/8012/8012 1440/8013/8013
f 1441/8014/8014 1458/8015/8015 1457/8016/8016
f 1459/8017/8017 1455/8018/8018 1456/8019/8019
f 1459/8020/8020 1454/8021/8021 1455/8022/8022
f 1460/8023/8023 1454/8024/8024 1459/8025/8025
f 1460/8026/8026 1453/8027/8027 1454/8028/8028
f 1460/8029/8029 1461/8030/8030 1453/8031/8031
f 1462/8032/8032 1461/8033/8033 1460/8034/8034
f 1462/8035/8035 1463/8036/8036 1461/8037/8037
f 1464/8038/8038 1463/8039/8039 1462/8040/8040
f 1464/8041/8041 1465/8042/8042 1463/8043/8043
f 1466/8044/8044 1465/8045/8045 1464/8046/8046
f 1464/8047/8047 1467/8048/8048 1466/8049/8049
f 1462/8050/8050 1467/8051/8051 1464/8052/8052
f 1460/8053/8053 1467/8054/8054 1462/8055/8055
f 1459/8056/8056 1467/8057/8057 1460/8058/8058
f 1468/8059/8059 1467/8060/8060 1459/8061/8061
f 1468/8062/8062 1466/8063/8063 1467/8064/8064
f 1469/8065/8065 1466/8066/8066 1468/8067/8067
f 1465/8068/8068 1470/8069/8069 1463/8070/8070
f 1471/8071/8071 1470/8072/8072 1465/8073/8073
f 1472/8074/8074 1470/8075/8075 1471/8076/8076
f 1472/8077/8077 1473/8078/8078 1470/8079/8079
f 1466/8080/8080 1471/8081/8081 1465/8082/8082
f 1469/8083/8083 1471/8084/8084 1466/8085/8085
f 1474/8086/8086 1471/8087/8087 1469/8088/8088
f 1474/8089/8089 1472/8090/8090 1471/8091/8091
f 1475/8092/8092 1472/8093/8093 1474/8094/8094
f 1476/8095/8095 1472/8096/8096 1475/8097/8097
f 1476/8098/8098 1473/8099/8099 1472/8100/8100
f 1477/8101/8101 1473/8102/8102 1476/8103/8103
f 1463/8104/8104 1473/8105/8105 1477/8106/8106
f 1463/8107/8107 1470/8108/8108 1473/8109/8109
f 1475/8110/8110 1478/8111/8111 1476/8112/8112
f 1475/8113/8113 1479/8114/8114 1478/8115/8115
f 1475/8116/8116 1480/8117/8117 1479/8118/8118
f 1474/8119/8119 1480/8120/8120 1475/8121/8121
f 1474/8122/8122 1458/8123/8123 1480/8124/8124
f 1469/8125/8125 1458/8126/8126 1474/8127/8127
f 1469/8128/8128 1457/8129/8129 1458/8130/8130
f 1468/8131/8131 1457/8132/8132 1469/8133/8133
f 1468/8134/8134 1456/8135/8135 1457/8136/8136
f 1459/8137/8137 1456/8138/8138 1468/8139/8139
f 1443/8140/8140 1458/8141/8141 1441/8142/8142
f 1443/8143/8143 1480/8144/8144 1458/8145/8145
f 1445/8146/8146 1480/8147/8147 1443/8148/8148
f 1445/8149/8149 1479/8150/8150 1480/8151/8151
f 1447/8152/8152 1479/8153/8153 1445/8154/8154
f 1447/8155/8155 1481/8156/8156 1479/8157/8157
f 1449/8158/8158 1481/8159/8159 1447/8160/8160
f 1482/8161/8161 1481/8162/8162 1449/8163/8163
f 1482/8164/8164 1483/8165/8165 1481/8166/8166
f 1484/8167/8167 1483/8168/8168 1482/8169/8169
f 1481/8170/8170 1478/8171/8171 1479/8172/8172
f 1483/8173/8173 1478/8174/8174 1481/8175/8175
f 1483/8176/8176 1485/8177/8177 1478/8178/8178
f 1486/8179/8179 1485/8180/8180 1483/8181/8181
f 1486/8182/8182 1487/8183/8183 1485/8184/8184
f 1488/8185/8185 1487/8186/8186 1486/8187/8187
f 1484/8188/8188 1486/8189/8189 1483/8190/8190
f 1489/8191/8191 1486/8192/8192 1484/8193/8193
f 1489/8194/8194 1488/8195/8195 1486/8196/8196
f 1490/8197/8197 1488/8198/8198 1489/8199/8199
f 1463/8200/8200 1488/8201/8201 1490/8202/8202
f 1463/8203/8203 1487/8204/8204 1488/8205/8205
f 1477/8206/8206 1487/8207/8207 1463/8208/8208
f 1477/8209/8209 1485/8210/8210 1487/8211/8211
f 1476/8212/8212 1485/8213/8213 1477/8214/8214
f 1476/8215/8215 1478/8216/8216 1485/8217/8217
