# Blender 3.3.19
# www.blender.org
mtllib SpongeBob.mtl
o SpongeBob_TWR_Mesh
v 0.137379 1.094605 0.202738
v 0.145295 1.102193 0.200323
v 0.147798 1.098785 0.200912
v 0.148668 1.094522 0.201804
v 0.147823 1.090240 0.202806
v 0.145361 1.086647 0.203774
v 0.141660 1.084251 0.204523
v 0.137530 1.083461 0.204948
v 0.133136 1.084298 0.205015
v 0.129394 1.086699 0.204658
v 0.126884 1.090309 0.203953
v 0.125989 1.094550 0.203041
v 0.126787 1.098822 0.202055
v 0.129217 1.102195 0.201226
v 0.132948 1.104614 0.200514
v 0.137352 1.105446 0.200090
v 0.141540 1.104620 0.200023
v 0.141253 1.094577 0.202418
v 0.145070 1.094549 0.202102
v 0.132992 1.094584 0.202855
v 0.129623 1.094567 0.202944
v -0.080668 0.843693 0.145711
v -0.048979 0.842376 0.148377
v -0.012821 0.842390 0.167153
v -0.017315 0.740549 0.177081
v -0.055081 0.739341 0.171903
v -0.093374 0.743971 0.166925
v -0.089081 0.845209 0.157107
v -0.020771 0.843882 0.178537
v -0.024268 0.748634 0.187969
v -0.088858 0.752058 0.179374
v -0.053301 0.845238 0.175847
v -0.056739 0.747904 0.183516
v -0.084524 0.846247 0.170223
v -0.209610 0.912024 0.133716
v -0.193615 0.938192 0.154550
v -0.179226 0.934936 0.131536
v -0.270482 0.948945 0.193967
v -0.296402 0.885922 0.169200
v -0.202848 0.970546 0.156269
v -0.188402 0.970838 0.123091
v -0.287763 0.974935 0.117519
v -0.290411 0.975446 0.161740
v -0.310087 0.948979 0.121603
v -0.317847 0.912769 0.155551
v -0.317825 0.899112 0.129012
v -0.258638 0.989211 0.157101
v -0.258498 0.988434 0.117067
v -0.226761 0.990262 0.146122
v -0.216996 0.987616 0.119005
v -0.310134 0.945548 0.161859
v -0.230471 0.917921 0.127933
v -0.238247 0.921046 0.170229
v -0.218520 0.930938 0.165711
v -0.239080 0.965567 0.182301
v -0.250289 0.899880 0.170280
v -0.288350 0.919832 0.188521
v -0.229766 0.894190 0.133286
v -0.258391 0.877575 0.164381
v -0.253868 0.860864 0.139096
v -0.297963 0.865118 0.136718
v -0.049003 0.987517 0.169104
v -0.035460 0.969973 0.118504
v -0.222540 0.969973 0.118504
v -0.035460 1.156182 0.100459
v -0.222540 1.156182 0.100459
v -0.025462 1.067942 0.169650
v -0.232538 1.067942 0.169650
v -0.129000 1.171894 0.160042
v -0.129000 0.964078 0.180181
v -0.261066 1.063077 0.109482
v 0.003066 1.063077 0.109482
v -0.129000 0.931627 0.122221
v -0.129000 1.194528 0.096743
v -0.129000 1.071361 0.204935
v -0.129000 1.138833 0.183785
v -0.013751 1.125770 0.103406
v -0.244249 1.125770 0.103406
v -0.196132 1.006578 0.184906
v -0.164413 1.001871 0.192312
v -0.166562 1.038119 0.199696
v -0.167427 1.186949 0.124129
v -0.038624 1.007358 0.170230
v -0.016712 1.003544 0.141011
v -0.094185 0.968507 0.177549
v -0.090573 0.942408 0.147827
v -0.093549 1.135265 0.180510
v -0.091312 1.101289 0.193979
v -0.061868 1.006578 0.184906
v -0.093587 1.001871 0.192312
v -0.196240 1.129503 0.173938
v -0.164451 1.135265 0.180510
v -0.163815 0.968507 0.177549
v -0.163815 1.167043 0.158309
v -0.220566 1.155666 0.125584
v -0.037434 1.155666 0.125584
v -0.208997 0.987517 0.169104
v -0.037975 1.126306 0.158893
v -0.220025 1.126306 0.158893
v -0.063585 1.156531 0.155267
v -0.255284 1.028924 0.112792
v -0.002716 1.028924 0.112792
v -0.054792 0.954391 0.120014
v -0.203207 0.954391 0.120014
v -0.129000 1.193367 0.124269
v -0.054792 1.171764 0.098949
v -0.203207 1.171764 0.098949
v -0.129000 1.036845 0.204502
v -0.054977 1.069909 0.189956
v -0.203022 1.069909 0.189956
v -0.167931 1.070872 0.199891
v -0.090070 1.070872 0.199891
v -0.129000 1.103390 0.198510
v -0.129000 0.998907 0.196137
v -0.168228 1.187753 0.097400
v -0.089772 1.187753 0.097400
v -0.168228 0.938402 0.121564
v -0.089772 0.938402 0.121564
v -0.129000 0.936137 0.149197
v -0.000905 1.064737 0.136583
v -0.002017 1.095425 0.106347
v -0.013751 1.000385 0.115557
v -0.257095 1.064737 0.136583
v -0.255982 1.095425 0.106347
v -0.244249 1.000385 0.115557
v -0.094185 1.167043 0.158309
v -0.220566 0.973388 0.143248
v -0.037434 0.973388 0.143248
v -0.049003 1.146765 0.153671
v -0.208997 1.146765 0.153671
v -0.219376 1.007358 0.170230
v -0.194415 1.156531 0.155267
v -0.194415 0.978239 0.172545
v -0.200599 1.039363 0.190370
v -0.202056 1.171642 0.124505
v -0.029120 1.037653 0.170932
v -0.006412 1.031531 0.139170
v -0.252240 1.096061 0.132971
v -0.229317 1.096344 0.165427
v -0.251588 1.031531 0.139170
v -0.241288 1.003544 0.141011
v -0.005760 1.096061 0.132971
v -0.016712 1.125642 0.129179
v -0.063585 0.978239 0.172545
v -0.055944 0.957502 0.145257
v -0.167427 0.942408 0.147827
v -0.090573 1.186949 0.124129
v -0.061760 1.129503 0.173938
v -0.057146 1.098399 0.184957
v -0.091439 1.038119 0.199696
v -0.166688 1.101289 0.193979
v -0.200854 1.098399 0.184957
v -0.057401 1.039363 0.190370
v -0.055944 1.171642 0.124505
v -0.202056 0.957502 0.145257
v -0.028683 1.096344 0.165427
v -0.228880 1.037653 0.170932
v -0.241288 1.125642 0.129179
v -0.063999 1.092091 0.186677
v -0.074474 1.108119 0.185814
v -0.090369 1.118865 0.186184
v -0.109389 1.123189 0.187861
v -0.128282 1.120025 0.190496
v -0.144326 1.109668 0.193096
v -0.155136 1.093783 0.195855
v -0.159167 1.074814 0.198428
v -0.155402 1.055700 0.200276
v -0.144772 1.039367 0.201202
v -0.128692 1.028503 0.201073
v -0.109756 1.024579 0.199263
v -0.090626 1.028247 0.196642
v -0.074521 1.038645 0.193827
v -0.064039 1.054475 0.191050
v -0.060408 1.073237 0.188593
v -0.084926 1.083949 0.198907
v -0.099053 1.098223 0.198681
v -0.118938 1.098692 0.201031
v -0.127385 1.093232 0.202640
v -0.133235 1.064939 0.206498
v -0.099216 1.050394 0.204229
v -0.090714 1.055930 0.202712
v -0.084979 1.064280 0.201207
v -0.083019 1.074080 0.199868
v -0.109010 1.074634 0.203794
v -0.064908 1.091740 0.191562
v -0.061344 1.073284 0.193437
v -0.064952 1.054907 0.195848
v -0.075230 1.039419 0.198563
v -0.091006 1.029171 0.201308
v -0.109725 1.025712 0.203906
v -0.128296 1.029492 0.205656
v -0.144012 1.040109 0.205796
v -0.154460 1.056108 0.204884
v -0.158094 1.074826 0.203073
v -0.154200 1.093405 0.200551
v -0.143577 1.109029 0.197850
v -0.127856 1.119081 0.195298
v -0.109367 1.122125 0.192755
v -0.090751 1.118084 0.191026
v -0.075079 1.107428 0.190685
v -0.117850 1.074745 0.204378
v -0.127125 1.074862 0.204990
v -0.099999 1.074442 0.202432
v -0.091174 1.074254 0.201099
v -0.079664 1.181909 0.110738
v -0.074849 1.179637 0.112164
v -0.069852 1.177323 0.112388
v -0.056457 1.232171 0.112443
v -0.051642 1.229899 0.113870
v -0.046645 1.227584 0.114093
v -0.054989 1.234275 0.112696
v -0.050231 1.232773 0.113364
v -0.045748 1.229883 0.114184
v -0.054497 1.234796 0.111314
v -0.045255 1.230403 0.112802
v -0.054564 1.234174 0.109889
v -0.049806 1.232673 0.110556
v -0.045323 1.229782 0.111376
v -0.056032 1.232069 0.109636
v -0.051035 1.229755 0.109859
v -0.046220 1.227483 0.111286
v -0.079239 1.181808 0.107931
v -0.074242 1.179493 0.108154
v -0.069427 1.177222 0.109581
v -0.079452 1.181859 0.109334
v -0.069640 1.177272 0.110984
v -0.056245 1.232120 0.111039
v -0.134707 1.192534 0.109554
v -0.129229 1.192466 0.110368
v -0.123751 1.192534 0.109554
v -0.134707 1.245614 0.113971
v -0.129229 1.245546 0.114785
v -0.123751 1.245614 0.113971
v -0.134621 1.248133 0.114174
v -0.129229 1.248580 0.114218
v -0.123815 1.248156 0.114175
v -0.134621 1.248972 0.112503
v -0.129229 1.249418 0.112547
v -0.123815 1.248994 0.112505
v -0.134621 1.248385 0.110601
v -0.129229 1.248832 0.110646
v -0.123815 1.248408 0.110603
v -0.134707 1.245911 0.110402
v -0.129229 1.245969 0.109700
v -0.123751 1.245911 0.110402
v -0.134707 1.192831 0.105985
v -0.129229 1.192890 0.105283
v -0.123751 1.192831 0.105985
v -0.123751 1.192678 0.107825
v -0.123751 1.245758 0.112243
v -0.134707 1.245758 0.112243
v -0.190585 1.178380 0.111298
v -0.185577 1.180661 0.111453
v -0.180675 1.182987 0.110524
v -0.213164 1.227679 0.115594
v -0.208156 1.229959 0.115748
v -0.203254 1.232285 0.114819
v -0.213918 1.230269 0.115776
v -0.209399 1.232666 0.115436
v -0.204853 1.234324 0.115061
v -0.205387 1.235113 0.113421
v -0.214250 1.230407 0.112346
v -0.209731 1.232804 0.112006
v -0.205185 1.234462 0.111630
v -0.213500 1.227824 0.112164
v -0.208596 1.230150 0.111253
v -0.203589 1.232430 0.111389
v -0.190921 1.178526 0.107868
v -0.186017 1.180851 0.106957
v -0.181011 1.183132 0.107094
v -0.213331 1.227751 0.113888
v -0.090279 0.513109 0.145525
v -0.158025 0.562334 0.143040
v -0.174240 0.577677 0.129519
v -0.157205 0.561490 0.129907
v -0.089702 0.513177 0.132177
v -0.172066 0.571473 0.123619
v -0.034307 0.565009 0.129122
v -0.020049 0.571102 0.123322
v -0.087400 0.564117 0.143164
v -0.087481 0.576132 0.128874
v -0.098547 0.438650 0.143528
v -0.098543 0.468840 0.143274
v -0.160302 0.468840 0.143352
v -0.160302 0.438650 0.143765
v -0.284303 0.438650 0.143303
v -0.284293 0.468840 0.142911
v -0.343166 0.470158 0.079277
v -0.343441 0.438408 0.079432
v -0.343441 0.438408 -0.087782
v -0.343166 0.470158 -0.087627
v -0.410089 0.543243 0.045461
v -0.406447 0.532554 0.033210
v -0.388660 0.543424 0.051343
v -0.389460 0.532694 0.037673
v -0.423877 0.531556 0.013634
v -0.413080 0.540366 0.004949
v -0.432019 0.541489 0.020536
v -0.383965 0.621096 -0.014503
v -0.371822 0.532506 0.033818
v -0.366038 0.542798 0.047136
v -0.354211 0.531456 0.015384
v -0.375917 0.540724 0.018592
v -0.343939 0.540673 0.023800
v -0.381126 0.638588 0.038091
v -0.374066 0.685593 0.016176
v -0.385512 0.685646 0.012095
v -0.396969 0.685126 -0.000512
v -0.351082 0.685447 0.003606
v -0.362613 0.685536 0.014531
v -0.398251 0.638402 0.031112
v -0.416061 0.637232 0.009154
v -0.345433 0.636842 0.015573
v -0.363448 0.638148 0.035361
v -0.427720 0.582321 0.017776
v -0.406827 0.584582 0.042657
v -0.386417 0.585274 0.049450
v -0.364823 0.585051 0.045965
v -0.343184 0.583355 0.022777
v -0.429155 0.530895 -0.014503
v -0.416948 0.540281 -0.014503
v -0.349223 0.530804 -0.014503
v -0.338292 0.539508 -0.014503
v -0.340370 0.635822 -0.014503
v -0.347248 0.685882 -0.014503
v -0.400781 0.684828 -0.014503
v -0.422146 0.635849 -0.014503
v -0.434257 0.580136 -0.014503
v -0.438502 0.540009 -0.014503
v -0.423877 0.531556 -0.042640
v -0.406447 0.532554 -0.062215
v -0.389460 0.532694 -0.066679
v -0.413080 0.540366 -0.033954
v -0.400631 0.540494 -0.047176
v -0.410089 0.543243 -0.074466
v -0.388660 0.543424 -0.080348
v -0.432019 0.541489 -0.049542
v -0.371822 0.532506 -0.062824
v -0.354211 0.531456 -0.044389
v -0.363229 0.540714 -0.035101
v -0.375917 0.540724 -0.047598
v -0.366038 0.542798 -0.076141
v -0.343939 0.540673 -0.052805
v -0.406827 0.584582 -0.071663
v -0.386417 0.585274 -0.078456
v -0.398251 0.638402 -0.060117
v -0.427720 0.582321 -0.046781
v -0.416061 0.637232 -0.038160
v -0.364823 0.585051 -0.074970
v -0.345433 0.636842 -0.044579
v -0.363448 0.638148 -0.064366
v -0.343184 0.583355 -0.051783
v -0.374066 0.685593 -0.045182
v -0.385512 0.685646 -0.041101
v -0.396969 0.685126 -0.028494
v -0.362613 0.685536 -0.043537
v -0.351082 0.685447 -0.032612
v -0.376150 0.698304 -0.020512
v -0.372332 0.698557 -0.021099
v -0.368570 0.698405 -0.021141
v -0.381127 0.638588 -0.067097
v -0.364157 0.697609 -0.021462
v -0.357112 0.694073 -0.027084
v -0.365170 0.693957 -0.034256
v -0.373127 0.693857 -0.035220
v -0.381022 0.693894 -0.032517
v -0.388867 0.693599 -0.024315
v -0.391365 0.693503 -0.014503
v -0.388866 0.693599 -0.004691
v -0.381022 0.693894 0.003511
v -0.373127 0.693857 0.006214
v -0.365170 0.693957 0.005250
v -0.357112 0.694073 -0.001922
v -0.354446 0.694385 -0.014503
v -0.364157 0.697609 -0.007545
v -0.368569 0.698405 -0.007871
v -0.372331 0.698557 -0.007913
v -0.376150 0.698304 -0.008499
v -0.380842 0.697343 -0.008831
v -0.380842 0.697343 -0.020176
v -0.392195 0.636657 -0.022266
v -0.366749 0.636643 -0.022266
v -0.363870 0.636640 -0.013765
v -0.366749 0.636643 -0.005264
v -0.379471 0.636650 0.001837
v -0.392195 0.636657 -0.005264
v -0.395073 0.636658 -0.013765
v -0.379560 0.479134 0.001400
v -0.367193 0.479127 -0.005502
v -0.364395 0.479125 -0.013765
v -0.367193 0.479127 -0.022029
v -0.391927 0.479140 -0.022029
v -0.394725 0.479142 -0.013765
v -0.391927 0.479140 -0.005501
v -0.392251 0.390568 -0.021888
v -0.380098 0.390535 -0.029004
v -0.367557 0.390516 -0.022160
v -0.364699 0.390529 -0.013911
v -0.367175 0.390541 -0.005485
v -0.379575 0.390543 0.001871
v -0.391919 0.390544 -0.004582
v -0.394868 0.390567 -0.013332
v -0.379565 0.473737 0.001400
v -0.391930 0.473744 -0.005502
v -0.394728 0.473745 -0.013765
v -0.391931 0.473744 -0.022029
v -0.367201 0.473730 -0.022029
v -0.364403 0.473728 -0.013765
v -0.367200 0.473730 -0.005502
v -0.391933 0.469006 -0.005502
v -0.394731 0.469007 -0.013765
v -0.391934 0.469006 -0.022029
v -0.379572 0.468999 -0.028930
v -0.367209 0.468992 -0.022029
v -0.364412 0.468991 -0.013765
v -0.367207 0.468992 -0.005502
v -0.379569 0.468999 0.001400
v -0.395418 0.381355 -0.015461
v -0.393123 0.381289 -0.005859
v -0.380803 0.380995 0.000877
v -0.366989 0.380625 -0.005721
v -0.364164 0.380523 -0.014394
v -0.366522 0.380562 -0.023028
v -0.372864 0.294084 0.073719
v -0.369996 0.293026 0.072639
v -0.373378 0.285987 0.072220
v -0.375040 0.280175 0.067016
v -0.378764 0.280951 0.067854
v -0.378953 0.286869 0.072603
v -0.375745 0.293054 0.074222
v -0.373091 0.299713 0.072123
v -0.367366 0.298006 0.069723
v -0.362858 0.288185 0.063301
v -0.377004 0.277893 0.060768
v -0.382975 0.279760 0.063509
v -0.384914 0.288926 0.070457
v -0.378620 0.297914 0.072995
v -0.370122 0.324671 0.038459
v -0.379666 0.325800 0.043886
v -0.388614 0.322608 0.045031
v -0.364421 0.314094 0.026008
v -0.394855 0.300918 0.029852
v -0.398186 0.310444 0.039354
v -0.385993 0.298530 0.024971
v -0.387884 0.297150 0.022414
v -0.359592 0.322728 -0.001536
v -0.380942 0.359893 0.023856
v -0.373999 0.302399 0.015017
v -0.405468 0.322798 0.019966
v -0.367970 0.286212 0.069502
v -0.371201 0.280364 0.065515
v -0.369859 0.278974 0.058440
v -0.375297 0.302246 0.021241
v -0.373619 0.287198 -0.006784
v -0.400001 0.285965 -0.009023
v -0.396627 0.286502 -0.032516
v -0.370699 0.286103 -0.028943
v -0.358345 0.237449 -0.005986
v -0.366502 0.231923 -0.001424
v -0.373721 0.225758 -0.006236
v -0.370221 0.225089 -0.027180
v -0.361678 0.230920 -0.030472
v -0.355169 0.236478 -0.025138
v -0.356751 0.231591 -0.008671
v -0.366908 0.222294 -0.008402
v -0.365604 0.220216 -0.016022
v -0.364030 0.222066 -0.023508
v -0.354528 0.231000 -0.021989
v -0.357962 0.224485 -0.015362
v -0.400443 0.288891 0.020525
v -0.402075 0.286952 -0.001219
v -0.389135 0.284416 -0.003244
v -0.374462 0.289199 -0.000003
v -0.364810 0.233479 0.014050
v -0.366242 0.234116 0.019086
v -0.375241 0.227963 0.019616
v -0.375330 0.225872 0.013887
v -0.374582 0.226480 0.007823
v -0.369322 0.229237 0.007368
v -0.365521 0.233026 0.008759
v -0.368040 0.286183 -0.035363
v -0.382546 0.283504 -0.034495
v -0.393488 0.285745 -0.039648
v -0.356457 0.242492 -0.035367
v -0.364887 0.237477 -0.033658
v -0.371993 0.233228 -0.039244
v -0.365941 0.234954 -0.056585
v -0.351276 0.242941 -0.052099
v -0.352237 0.238095 -0.043674
v -0.355678 0.238176 -0.037810
v -0.360899 0.233656 -0.037832
v -0.366703 0.231152 -0.040798
v -0.362557 0.232633 -0.053241
v -0.356470 0.234871 -0.052664
v -0.352155 0.238610 -0.050038
v -0.401034 0.293009 0.019916
v -0.388779 0.284868 -0.003195
v -0.399345 0.286190 -0.004497
v -0.370623 0.287278 -0.032415
v -0.383110 0.284404 -0.034676
v -0.393099 0.286216 -0.036097
v -0.399327 0.291596 -0.031394
v -0.397735 0.291277 -0.036876
v -0.405057 0.291584 -0.005347
v -0.396371 0.291274 -0.042392
v -0.406089 0.292193 0.001337
v -0.403861 0.291250 -0.012276
v -0.362885 0.303085 -0.033878
v -0.365982 0.290370 -0.031983
v -0.406487 0.337703 0.000405
v -0.400774 0.337747 -0.040367
v -0.389123 0.338669 -0.055122
v -0.359730 0.337955 -0.036933
v -0.406309 0.336317 -0.020376
v -0.365566 0.369935 -0.028144
v -0.380085 0.370858 -0.037040
v -0.394971 0.371637 -0.027475
v -0.398217 0.372087 -0.017052
v -0.396715 0.371770 -0.002649
v -0.372295 0.356077 -0.045201
v -0.395189 0.357823 0.016505
v -0.402112 0.357616 -0.000260
v -0.403118 0.356081 -0.019080
v -0.398798 0.356674 -0.033925
v -0.387392 0.356950 -0.045887
v -0.365451 0.292016 -0.056355
v -0.408076 0.320344 0.000855
v -0.405685 0.293075 0.009733
v -0.404885 0.288365 0.009991
v -0.402270 0.305028 -0.037245
v -0.397014 0.306296 -0.051752
v -0.366991 0.304614 -0.056396
v -0.388342 0.293050 0.022918
v -0.379120 0.294729 0.016946
v -0.367472 0.305505 0.004933
v -0.375153 0.292648 -0.062509
v -0.386606 0.292813 -0.060951
v -0.394707 0.292302 -0.052038
v -0.406920 0.319057 -0.021363
v -0.400840 0.320140 -0.043601
v -0.388490 0.320927 -0.059662
v -0.402520 0.291929 -0.021211
v -0.401242 0.286394 -0.020956
v -0.375441 0.222786 -0.017002
v -0.354202 0.231177 -0.015199
v -0.353856 0.238594 -0.015360
v -0.368013 0.287146 -0.017592
v -0.366962 0.291576 -0.017652
v -0.364578 0.303201 -0.018244
v -0.360208 0.319894 -0.038945
v -0.367712 0.336982 -0.052400
v -0.366644 0.318998 -0.055753
v -0.364762 0.370216 -0.005799
v -0.380883 0.371819 0.006527
v -0.357875 0.346012 -0.001242
v -0.369717 0.365232 0.010535
v -0.376389 0.288477 -0.003435
v -0.370946 0.292620 -0.004163
v -0.372295 0.294756 0.007741
v -0.402146 0.338534 0.020840
v -0.362601 0.369812 -0.016144
v -0.366884 0.356341 0.017712
v -0.366348 0.304419 -0.003866
v -0.362358 0.303555 -0.044402
v -0.376754 0.305582 -0.062039
v -0.388216 0.306672 -0.060546
v -0.405836 0.304739 -0.021582
v -0.407689 0.304902 -0.006160
v -0.407473 0.306271 0.008859
v -0.402550 0.305548 0.019988
v -0.368129 0.339874 0.027846
v -0.350832 0.244085 -0.043229
v -0.353841 0.254542 -0.043768
v -0.362206 0.290915 -0.045818
v -0.357444 0.232363 -0.045249
v -0.365169 0.230283 -0.047456
v -0.371888 0.232168 -0.049087
v -0.373248 0.291312 0.008821
v -0.379325 0.291514 0.017920
v -0.392122 0.381268 -0.024135
v -0.377108 0.266767 -0.032875
v -0.373200 0.235216 0.025249
v -0.366150 0.238819 0.021565
v -0.363054 0.239439 0.013774
v -0.365202 0.237342 0.005719
v -0.371879 0.232780 0.001398
v -0.379798 0.228269 0.004197
v -0.383317 0.227095 0.013309
v -0.380498 0.230294 0.022225
v -0.365122 0.287828 -0.056276
v -0.385816 0.287388 -0.060810
v -0.362188 0.287257 -0.045621
v -0.393367 0.286857 -0.051711
v -0.365251 0.269168 -0.035436
v -0.358573 0.270388 -0.044993
v -0.361398 0.269985 -0.056096
v -0.371043 0.268118 -0.062412
v -0.382364 0.265817 -0.060718
v -0.389496 0.264484 -0.051102
v -0.387184 0.264802 -0.039228
v -0.393385 0.297105 0.057560
v -0.390310 0.285717 0.048006
v -0.371805 0.286984 0.038858
v -0.361503 0.298395 0.044774
v -0.367170 0.309984 0.056743
v -0.375736 0.311497 0.061157
v -0.383849 0.308906 0.062296
v -0.358060 0.340931 -0.018781
v -0.361466 0.362016 -0.004237
v -0.360042 0.359254 -0.017462
v -0.362788 0.357378 -0.032593
v -0.359753 0.321741 -0.018954
v -0.361728 0.321006 0.013887
v -0.374676 0.303475 0.018436
v -0.397639 0.303999 0.026018
v -0.401972 0.318628 0.031003
v -0.391381 0.337106 0.036229
v -0.379974 0.341683 0.035920
v -0.376499 0.267959 0.002242
v -0.373206 0.269748 0.012097
v -0.377481 0.269447 0.021980
v -0.397476 0.263994 0.022204
v -0.401481 0.261918 0.011178
v -0.396798 0.262273 0.000564
v -0.390064 0.243601 0.023259
v -0.394082 0.240647 0.012355
v -0.389465 0.241702 0.001445
v -0.379155 0.245937 -0.002540
v -0.370171 0.250465 0.003206
v -0.366982 0.252838 0.013261
v -0.371139 0.252086 0.023185
v -0.369427 0.265575 -0.006095
v -0.380862 0.263486 -0.001279
v -0.391741 0.260585 -0.006674
v -0.395800 0.258792 -0.018666
v -0.390604 0.259340 -0.030331
v -0.378754 0.261796 -0.034635
v -0.367778 0.264604 -0.028626
v -0.364206 0.266043 -0.016887
v -0.363355 0.248498 -0.005061
v -0.360566 0.252672 -0.034844
v -0.355022 0.253777 -0.054263
v -0.373883 0.246470 -0.059578
v -0.381297 0.244005 -0.050607
v -0.380316 0.244996 -0.038891
v -0.371268 0.248713 -0.032444
v -0.357786 0.249554 -0.015906
v -0.360211 0.247346 -0.027501
v -0.380730 0.237622 -0.029365
v -0.383557 0.238937 -0.006019
v -0.386464 0.236187 -0.017933
v -0.390984 0.353449 0.024838
v -0.167297 0.320078 -0.006922
v -0.249878 0.300899 -0.010898
v -0.241515 0.300811 -0.045692
v -0.213136 0.300774 -0.075152
v -0.167912 0.300774 -0.088827
v -0.124556 0.300774 -0.075842
v -0.094272 0.300774 -0.045962
v -0.086199 0.300774 -0.011522
v -0.094302 0.300777 0.022957
v -0.126858 0.300861 0.053890
v -0.168430 0.300982 0.066846
v -0.219565 0.301055 0.051816
v -0.242077 0.300999 0.023963
v -0.166919 0.297550 0.046235
v -0.137475 0.297457 0.036954
v -0.114365 0.297373 0.014881
v -0.108540 0.297345 -0.009650
v -0.114230 0.297340 -0.034059
v -0.135656 0.297340 -0.055184
v -0.218653 0.297424 -0.033482
v -0.235453 0.352786 -0.042378
v -0.243139 0.352783 -0.010741
v -0.235802 0.352720 0.020929
v -0.215260 0.352663 0.046270
v -0.168519 0.352637 0.059951
v -0.130509 0.352664 0.048252
v -0.100767 0.352722 0.020173
v -0.100961 0.352785 -0.042576
v -0.128751 0.352780 -0.069792
v -0.168433 0.352732 -0.081701
v -0.209694 0.352778 -0.069219
v -0.162231 0.082372 -0.009556
v -0.162342 0.084140 -0.006544
v -0.164455 0.081845 -0.005223
v -0.165041 0.077292 -0.009023
v -0.156681 0.074738 -0.000934
v -0.169248 0.067763 0.007781
v -0.164390 0.074367 0.006225
v -0.171368 0.077652 -0.005840
v -0.158652 0.071575 0.002770
v -0.168392 0.079232 -0.004837
v -0.170841 0.078725 -0.007749
v -0.156725 0.078466 -0.007486
v -0.158384 0.080942 -0.004444
v -0.158093 0.077765 -0.006162
v -0.164434 0.078095 -0.000327
v -0.163728 0.000459 -0.058078
v -0.163728 0.000469 -0.036812
v -0.163728 0.008338 0.003863
v -0.163728 0.005509 0.020123
v -0.163728 0.001223 0.048527
v -0.163728 0.000385 0.070747
v -0.163728 0.009951 0.096822
v -0.193488 0.000504 -0.016356
v -0.197625 0.000417 -0.036005
v -0.193729 0.000515 -0.057402
v -0.179268 0.000451 -0.070427
v -0.187559 0.005514 0.021077
v -0.187809 0.000385 0.071280
v -0.171820 0.000385 0.087696
v -0.177844 0.019267 -0.063512
v -0.187887 0.008338 0.004623
v -0.189583 0.018925 -0.013167
v -0.174350 0.009955 0.094181
v -0.188210 0.018318 0.005560
v -0.189913 0.015330 0.022377
v -0.192726 0.018907 -0.030774
v -0.190362 0.019077 -0.051193
v -0.133968 0.000504 -0.016356
v -0.145804 0.000385 0.082147
v -0.139897 0.005514 0.021077
v -0.137873 0.018925 -0.013167
v -0.137543 0.015330 0.022377
v -0.153107 0.009955 0.094181
v -0.139246 0.018318 0.005560
v -0.148188 0.000451 -0.070427
v -0.163732 0.070512 -0.068333
v -0.163741 0.078889 -0.056868
v -0.163728 0.057272 -0.077668
v -0.185521 0.077302 -0.043334
v -0.192564 0.024131 0.006052
v -0.166757 0.071433 0.002438
v -0.167153 0.078335 -0.009677
v -0.167495 0.073767 0.003612
v -0.188213 0.069569 -0.004670
v -0.194400 0.068557 -0.014347
v -0.194008 0.068568 -0.047712
v -0.199098 0.056111 -0.051707
v -0.199052 0.038510 0.009320
v -0.201191 0.037175 -0.012631
v -0.200400 0.057301 -0.010234
v -0.179875 0.072114 0.000165
v -0.201766 0.036695 -0.031180
v -0.203261 0.056216 -0.029465
v -0.188092 0.077462 -0.030923
v -0.197572 0.068264 -0.029499
v -0.181524 0.069537 -0.061288
v -0.184685 0.056670 -0.069074
v -0.163728 0.038602 -0.076967
v -0.182966 0.037792 -0.069392
v -0.196948 0.036852 -0.052866
v -0.134892 0.024131 0.006052
v -0.137475 0.056956 0.013381
v -0.159962 0.073767 0.003612
v -0.133050 0.068556 -0.014340
v -0.139243 0.069569 -0.004670
v -0.135485 0.058764 0.013827
v -0.128404 0.038510 0.009320
v -0.127056 0.057301 -0.010234
v -0.160741 0.067842 0.016368
v -0.147581 0.072114 0.000165
v -0.126265 0.037175 -0.012631
v -0.124190 0.056213 -0.029464
v -0.129826 0.068255 -0.029470
v -0.139309 0.077472 -0.030876
v -0.142778 0.056675 -0.069068
v -0.145981 0.069543 -0.061261
v -0.151009 0.077982 -0.052589
v -0.125690 0.036695 -0.031179
v -0.130508 0.036851 -0.052866
v -0.144490 0.037792 -0.069392
v -0.133417 0.068559 -0.047712
v -0.128341 0.056101 -0.051709
v -0.163720 0.064570 -0.031591
v -0.163728 0.065217 0.015734
v -0.163728 0.071433 0.002438
v -0.163728 0.078335 -0.009677
v -0.181646 0.080194 0.104167
v -0.194347 0.073725 0.096644
v -0.182908 0.047499 0.114731
v -0.199326 0.046585 0.102231
v -0.179544 0.068906 0.026106
v -0.194309 0.061339 0.025936
v -0.203180 0.040129 0.024532
v -0.179367 0.018331 0.103792
v -0.193392 0.017562 0.093127
v -0.197701 0.020370 0.022724
v -0.183469 0.088776 0.084017
v -0.202086 0.017095 0.076061
v -0.200251 0.077215 0.081835
v -0.210488 0.045852 0.080199
v -0.183793 0.085404 0.053001
v -0.201709 0.073854 0.052967
v -0.204259 0.017327 0.050427
v -0.212171 0.044412 0.051914
v -0.163728 0.082686 0.106899
v -0.163728 0.092730 0.084996
v -0.163728 0.089128 0.053268
v -0.163728 0.070610 0.026567
v -0.163728 0.047917 0.119396
v -0.163728 0.018564 0.107906
v -0.145811 0.080194 0.104167
v -0.133110 0.073725 0.096644
v -0.128130 0.046585 0.102231
v -0.144548 0.047499 0.114731
v -0.147912 0.068906 0.026106
v -0.133313 0.061556 0.025964
v -0.124371 0.040137 0.024375
v -0.148090 0.018331 0.103792
v -0.134065 0.017562 0.093127
v -0.143987 0.088776 0.084017
v -0.125370 0.017095 0.076061
v -0.127205 0.077215 0.081835
v -0.116968 0.045852 0.080199
v -0.115285 0.044412 0.051914
v -0.143663 0.085404 0.053001
v -0.125747 0.073854 0.052967
v -0.123197 0.017327 0.050427
v -0.129969 0.020495 0.022223
v -0.164301 0.216088 -0.050745
v -0.182071 0.215295 -0.043737
v -0.146529 0.211309 -0.008509
v -0.139122 0.213265 -0.025794
v -0.164314 0.210524 -0.001564
v -0.178979 0.256803 -0.033672
v -0.149629 0.256728 -0.033251
v -0.179010 0.331374 -0.018041
v -0.164302 0.332989 -0.023668
v -0.149598 0.331255 -0.017625
v -0.143460 0.327241 -0.003653
v -0.149591 0.323259 0.010205
v -0.164312 0.321659 0.015772
v -0.179010 0.323377 0.009796
v -0.185146 0.327410 -0.004239
v -0.164302 0.257820 -0.039404
v -0.143504 0.254199 -0.018996
v -0.149622 0.251690 -0.004857
v -0.164312 0.250682 0.000823
v -0.178979 0.251764 -0.005276
v -0.185102 0.254305 -0.019594
v -0.185002 0.213342 -0.026484
v -0.164302 0.068687 -0.054517
v -0.179367 0.068687 -0.048575
v -0.149241 0.068687 -0.048139
v -0.149234 0.068689 -0.018708
v -0.142954 0.068688 -0.033363
v -0.164312 0.068689 -0.012820
v -0.185652 0.068688 -0.033983
v -0.179367 0.068689 -0.019142
v -0.149687 0.222481 -0.038957
v -0.164302 0.223277 -0.045135
v -0.178921 0.222536 -0.039379
v -0.185020 0.220715 -0.025244
v -0.178921 0.218864 -0.010867
v -0.164312 0.218075 -0.004743
v -0.149679 0.218810 -0.010447
v -0.143585 0.220638 -0.024643
v -0.146670 0.205711 -0.044436
v -0.164301 0.206507 -0.051902
v -0.181938 0.205766 -0.044946
v -0.189296 0.203945 -0.027863
v -0.181938 0.202093 -0.010488
v -0.164314 0.201304 -0.003087
v -0.146662 0.202039 -0.009981
v -0.139310 0.203868 -0.027137
v -0.180130 0.124452 -0.016903
v -0.164313 0.124122 -0.010260
v -0.148470 0.124429 -0.016447
v -0.141872 0.125193 -0.031844
v -0.148478 0.125963 -0.047369
v -0.164302 0.126296 -0.054070
v -0.180130 0.125986 -0.047827
v -0.186733 0.125225 -0.032496
v -0.141013 0.170073 -0.029846
v -0.164301 0.172052 -0.052923
v -0.180736 0.171496 -0.046442
v -0.187593 0.170131 -0.030523
v -0.180736 0.168742 -0.014333
v -0.164313 0.168150 -0.007436
v -0.147864 0.168701 -0.013859
v -0.142623 0.085957 -0.032958
v -0.164302 0.086293 -0.054439
v -0.179600 0.086199 -0.048406
v -0.185982 0.085967 -0.033588
v -0.179600 0.085731 -0.018517
v -0.164312 0.085631 -0.012097
v -0.149001 0.085724 -0.018076
v -0.165096 0.085176 -0.003340
v -0.163720 0.082639 -0.003510
v -0.164192 0.087372 -0.001576
v -0.161560 0.080581 -0.008944
v -0.163907 0.080186 -0.001362
v -0.164352 0.078954 -0.008513
v -0.171323 0.073923 0.000712
v -0.158608 0.067847 0.009321
v -0.169481 0.074202 0.000230
v -0.157385 0.067360 0.007687
v -0.170797 0.074996 -0.001197
v -0.163558 0.084114 -0.007462
v -0.122602 0.051922 -0.003683
v -0.158750 0.081091 0.000201
v -0.163783 0.083339 -0.004797
v -0.131313 0.070696 -0.017559
v -0.124863 0.059257 -0.013052
v -0.124237 0.054607 -0.004416
v -0.144464 0.071364 0.005708
v -0.156906 0.080829 -0.001775
v -0.148280 0.079069 -0.014335
v -0.131469 0.056900 0.004172
v -0.158764 0.079281 -0.001423
v -0.171109 0.078142 0.002509
v -0.188404 0.076239 -0.010724
v -0.196447 0.069437 -0.005802
v -0.192895 0.066435 0.006515
v -0.172440 0.078464 0.000226
v -0.182051 0.068987 0.007018
v -0.285658 0.468840 -0.151569
v -0.285669 0.438650 -0.151960
v -0.160144 0.438650 -0.152452
v -0.160145 0.468840 -0.152039
v -0.098447 0.438650 -0.152219
v -0.098443 0.468840 -0.151964
v 0.080668 0.843693 0.145711
v 0.048979 0.842376 0.148377
v 0.012821 0.842390 0.167153
v 0.055081 0.739341 0.171903
v 0.093374 0.743971 0.166925
v 0.089081 0.845209 0.157107
v 0.052881 0.745349 0.158998
v 0.020771 0.843882 0.178537
v 0.024268 0.748634 0.187969
v 0.088858 0.752058 0.179374
v 0.053301 0.845238 0.175847
v 0.056739 0.747904 0.183516
v 0.084524 0.846247 0.170223
v 0.209610 0.912024 0.133716
v 0.193615 0.938192 0.154550
v 0.179226 0.934936 0.131536
v 0.270482 0.948945 0.193967
v 0.296402 0.885922 0.169200
v 0.202848 0.970546 0.156269
v 0.188402 0.970838 0.123091
v 0.287763 0.974935 0.117519
v 0.290411 0.975446 0.161740
v 0.310087 0.948979 0.121603
v 0.317847 0.912769 0.155551
v 0.317825 0.899112 0.129012
v 0.258638 0.989211 0.157101
v 0.258498 0.988434 0.117067
v 0.226761 0.990262 0.146122
v 0.216996 0.987616 0.119005
v 0.310134 0.945548 0.161859
v 0.230471 0.917921 0.127933
v 0.238247 0.921046 0.170229
v 0.218520 0.930938 0.165711
v 0.239080 0.965567 0.182301
v 0.250289 0.899880 0.170280
v 0.288350 0.919832 0.188521
v 0.229766 0.894190 0.133286
v 0.258391 0.877575 0.164381
v 0.253868 0.860864 0.139096
v 0.297963 0.865118 0.136718
v 0.049003 0.987517 0.169104
v 0.035460 0.969973 0.118504
v 0.222540 0.969973 0.118504
v 0.035460 1.156182 0.100459
v 0.222540 1.156182 0.100459
v 0.025462 1.067942 0.169650
v 0.232538 1.067942 0.169650
v 0.129000 1.171894 0.160042
v 0.129000 0.964078 0.180181
v 0.261066 1.063077 0.109482
v -0.003066 1.063077 0.109482
v 0.129000 0.931627 0.122221
v 0.129000 1.194528 0.096743
v 0.129000 1.071361 0.204935
v 0.129000 1.138833 0.183785
v 0.013751 1.125770 0.103406
v 0.244249 1.125770 0.103406
v 0.196132 1.006578 0.184906
v 0.164413 1.001871 0.192312
v 0.166562 1.038119 0.199696
v 0.167427 1.186949 0.124129
v 0.038624 1.007358 0.170230
v 0.016712 1.003544 0.141011
v 0.094185 0.968507 0.177549
v 0.090573 0.942408 0.147827
v 0.093549 1.135265 0.180510
v 0.091312 1.101289 0.193979
v 0.061868 1.006578 0.184906
v 0.093587 1.001871 0.192312
v 0.196240 1.129503 0.173938
v 0.164451 1.135265 0.180510
v 0.163815 0.968507 0.177549
v 0.163815 1.167043 0.158309
v 0.220566 1.155666 0.125584
v 0.037434 1.155666 0.125584
v 0.208997 0.987517 0.169104
v 0.037975 1.126306 0.158893
v 0.220025 1.126306 0.158893
v 0.063585 1.156531 0.155267
v 0.255284 1.028924 0.112792
v 0.002716 1.028924 0.112792
v 0.054792 0.954391 0.120014
v 0.203207 0.954391 0.120014
v 0.129000 1.193367 0.124269
v 0.054792 1.171764 0.098949
v 0.203207 1.171764 0.098949
v 0.129000 1.036845 0.204502
v 0.054977 1.069909 0.189956
v 0.203022 1.069909 0.189956
v 0.167931 1.070872 0.199891
v 0.090070 1.070872 0.199891
v 0.129000 1.103390 0.198510
v 0.129000 0.998907 0.196137
v 0.168228 1.187753 0.097400
v 0.089772 1.187753 0.097400
v 0.168228 0.938402 0.121564
v 0.089772 0.938402 0.121564
v 0.129000 0.936137 0.149197
v 0.000905 1.064737 0.136583
v 0.002017 1.095425 0.106347
v 0.013751 1.000385 0.115557
v 0.257095 1.064737 0.136583
v 0.255982 1.095425 0.106347
v 0.244249 1.000385 0.115557
v 0.094185 1.167043 0.158309
v 0.220566 0.973388 0.143248
v 0.037434 0.973388 0.143248
v 0.049003 1.146765 0.153671
v 0.208997 1.146765 0.153671
v 0.219376 1.007358 0.170230
v 0.194415 1.156531 0.155267
v 0.194415 0.978239 0.172545
v 0.200599 1.039363 0.190370
v 0.202056 1.171642 0.124505
v 0.029120 1.037653 0.170932
v 0.006412 1.031531 0.139170
v 0.252240 1.096061 0.132971
v 0.229317 1.096344 0.165427
v 0.251588 1.031531 0.139170
v 0.241288 1.003544 0.141011
v 0.005760 1.096061 0.132971
v 0.016712 1.125642 0.129179
v 0.063585 0.978239 0.172545
v 0.055944 0.957502 0.145257
v 0.167427 0.942408 0.147827
v 0.090573 1.186949 0.124129
v 0.061760 1.129503 0.173938
v 0.057146 1.098399 0.184957
v 0.091439 1.038119 0.199696
v 0.166688 1.101289 0.193979
v 0.200854 1.098399 0.184957
v 0.057401 1.039363 0.190370
v 0.055944 1.171642 0.124505
v 0.202056 0.957502 0.145257
v 0.028683 1.096344 0.165427
v 0.228880 1.037653 0.170932
v 0.241288 1.125642 0.129179
v 0.063999 1.092091 0.186677
v 0.074474 1.108119 0.185814
v 0.090369 1.118865 0.186184
v 0.109389 1.123189 0.187861
v 0.128282 1.120025 0.190496
v 0.144326 1.109668 0.193096
v 0.155136 1.093783 0.195855
v 0.159167 1.074814 0.198428
v 0.155402 1.055700 0.200276
v 0.144772 1.039367 0.201202
v 0.128692 1.028503 0.201073
v 0.109756 1.024579 0.199263
v 0.090626 1.028247 0.196642
v 0.074521 1.038645 0.193827
v 0.064039 1.054475 0.191050
v 0.060408 1.073237 0.188593
v 0.084926 1.083949 0.198907
v 0.099053 1.098223 0.198681
v 0.109103 1.100482 0.199610
v 0.127385 1.093232 0.202640
v 0.133235 1.064939 0.206498
v 0.127566 1.056431 0.206908
v 0.119150 1.050639 0.206601
v 0.109297 1.048468 0.205636
v 0.084979 1.064280 0.201207
v 0.083019 1.074080 0.199868
v 0.109010 1.074634 0.203794
v 0.064908 1.091740 0.191562
v 0.061344 1.073284 0.193437
v 0.064952 1.054907 0.195848
v 0.075230 1.039419 0.198563
v 0.091006 1.029171 0.201308
v 0.109725 1.025712 0.203906
v 0.128296 1.029492 0.205656
v 0.144012 1.040109 0.205796
v 0.154460 1.056108 0.204884
v 0.158094 1.074826 0.203073
v 0.154200 1.093405 0.200551
v 0.143577 1.109029 0.197850
v 0.127856 1.119081 0.195298
v 0.109367 1.122125 0.192755
v 0.090751 1.118084 0.191026
v 0.075079 1.107428 0.190685
v 0.117850 1.074745 0.204378
v 0.127125 1.074862 0.204990
v 0.099999 1.074442 0.202432
v 0.091174 1.074254 0.201099
v 0.079664 1.181909 0.110738
v 0.074849 1.179637 0.112164
v 0.069852 1.177323 0.112388
v 0.056457 1.232171 0.112443
v 0.051642 1.229899 0.113870
v 0.046645 1.227584 0.114093
v 0.054989 1.234275 0.112696
v 0.050231 1.232773 0.113364
v 0.045748 1.229883 0.114184
v 0.054497 1.234796 0.111314
v 0.045255 1.230403 0.112802
v 0.054564 1.234174 0.109889
v 0.049806 1.232673 0.110556
v 0.045323 1.229782 0.111376
v 0.056032 1.232069 0.109636
v 0.051035 1.229755 0.109859
v 0.046220 1.227483 0.111286
v 0.079239 1.181808 0.107931
v 0.074242 1.179493 0.108154
v 0.069427 1.177222 0.109581
v 0.079452 1.181859 0.109334
v 0.134707 1.192534 0.109554
v 0.129229 1.192466 0.110368
v 0.123751 1.192534 0.109554
v 0.134707 1.245614 0.113971
v 0.129229 1.245546 0.114785
v 0.123751 1.245614 0.113971
v 0.134621 1.248133 0.114174
v 0.129229 1.248580 0.114218
v 0.123815 1.248156 0.114175
v 0.134621 1.248972 0.112503
v 0.129229 1.249418 0.112547
v 0.134621 1.248385 0.110601
v 0.129229 1.248832 0.110646
v 0.123815 1.248408 0.110603
v 0.134707 1.245911 0.110402
v 0.129229 1.245969 0.109700
v 0.123751 1.245911 0.110402
v 0.134707 1.192831 0.105985
v 0.129229 1.192890 0.105283
v 0.123751 1.192831 0.105985
v 0.123751 1.192678 0.107825
v 0.123751 1.245758 0.112243
v 0.134707 1.245758 0.112243
v 0.190585 1.178380 0.111298
v 0.185577 1.180661 0.111453
v 0.180675 1.182987 0.110524
v 0.213164 1.227679 0.115594
v 0.208156 1.229959 0.115748
v 0.203254 1.232285 0.114819
v 0.213918 1.230269 0.115776
v 0.209399 1.232666 0.115436
v 0.204853 1.234324 0.115061
v 0.214452 1.231058 0.114137
v 0.209933 1.233455 0.113797
v 0.205387 1.235113 0.113421
v 0.214250 1.230407 0.112346
v 0.209731 1.232804 0.112006
v 0.205185 1.234462 0.111630
v 0.213500 1.227824 0.112164
v 0.208596 1.230150 0.111253
v 0.203589 1.232430 0.111389
v 0.190921 1.178526 0.107868
v 0.186017 1.180851 0.106957
v 0.181011 1.183132 0.107094
v 0.203421 1.232358 0.113113
v 0.158025 0.562334 0.143040
v 0.157205 0.561490 0.129907
v 0.172066 0.571473 0.123619
v 0.034307 0.565009 0.129122
v 0.020049 0.571102 0.123322
v 0.087400 0.564117 0.143164
v 0.087481 0.576132 0.128874
v -0.000000 0.468840 0.144670
v -0.000000 0.438650 0.144941
v 0.098547 0.438650 0.143528
v 0.098543 0.468840 0.143274
v 0.160302 0.468840 0.143352
v 0.160302 0.438650 0.143765
v 0.284303 0.438650 0.143303
v 0.284293 0.468840 0.142911
v 0.343166 0.470158 0.079277
v 0.343441 0.438408 0.079432
v 0.343441 0.438408 -0.087782
v 0.343166 0.470158 -0.087627
v 0.410089 0.543243 0.045461
v 0.406447 0.532554 0.033210
v 0.388660 0.543424 0.051343
v 0.389460 0.532694 0.037673
v 0.423877 0.531556 0.013634
v 0.400631 0.540494 0.018171
v 0.432019 0.541489 0.020536
v 0.383965 0.621096 -0.014503
v 0.371822 0.532506 0.033818
v 0.366038 0.542798 0.047136
v 0.354211 0.531456 0.015384
v 0.363229 0.540714 0.006095
v 0.375917 0.540724 0.018592
v 0.343939 0.540673 0.023800
v 0.381126 0.638588 0.038091
v 0.374066 0.685593 0.016176
v 0.385512 0.685646 0.012095
v 0.396969 0.685126 -0.000512
v 0.351082 0.685447 0.003606
v 0.362613 0.685536 0.014531
v 0.398251 0.638402 0.031112
v 0.416061 0.637232 0.009154
v 0.345433 0.636842 0.015573
v 0.363448 0.638148 0.035361
v 0.427720 0.582321 0.017776
v 0.406827 0.584582 0.042657
v 0.386417 0.585274 0.049450
v 0.364823 0.585051 0.045965
v 0.343184 0.583355 0.022777
v 0.429155 0.530895 -0.014503
v 0.337361 0.582007 -0.014503
v 0.368985 0.699359 -0.014504
v 0.375313 0.699236 -0.014504
v 0.400781 0.684828 -0.014503
v 0.422146 0.635849 -0.014503
v 0.434257 0.580136 -0.014503
v 0.438502 0.540009 -0.014503
v 0.423877 0.531556 -0.042640
v 0.406447 0.532554 -0.062215
v 0.389460 0.532694 -0.066679
v 0.413080 0.540366 -0.033954
v 0.400631 0.540494 -0.047176
v 0.410089 0.543243 -0.074466
v 0.388660 0.543424 -0.080348
v 0.432019 0.541489 -0.049542
v 0.371822 0.532506 -0.062824
v 0.354211 0.531456 -0.044389
v 0.375917 0.540724 -0.047598
v 0.366038 0.542798 -0.076141
v 0.343939 0.540673 -0.052805
v 0.406827 0.584582 -0.071663
v 0.386417 0.585274 -0.078456
v 0.398251 0.638402 -0.060117
v 0.427720 0.582321 -0.046781
v 0.416061 0.637232 -0.038160
v 0.364823 0.585051 -0.074970
v 0.345433 0.636842 -0.044579
v 0.363448 0.638148 -0.064366
v 0.343184 0.583355 -0.051783
v 0.374066 0.685593 -0.045182
v 0.385512 0.685646 -0.041101
v 0.396969 0.685126 -0.028494
v 0.362613 0.685536 -0.043537
v 0.351082 0.685447 -0.032612
v 0.376150 0.698304 -0.020512
v 0.372332 0.698557 -0.021099
v 0.368570 0.698405 -0.021141
v 0.381127 0.638588 -0.067097
v 0.364157 0.697609 -0.021462
v 0.357112 0.694073 -0.027084
v 0.365170 0.693957 -0.034256
v 0.373127 0.693857 -0.035220
v 0.381022 0.693894 -0.032517
v 0.388867 0.693599 -0.024315
v 0.391365 0.693503 -0.014503
v 0.388866 0.693599 -0.004691
v 0.381022 0.693894 0.003511
v 0.373127 0.693857 0.006214
v 0.365170 0.693957 0.005250
v 0.357112 0.694073 -0.001922
v 0.363477 0.698045 -0.014504
v 0.364157 0.697609 -0.007545
v 0.368569 0.698405 -0.007871
v 0.372331 0.698557 -0.007913
v 0.376150 0.698304 -0.008499
v 0.380842 0.697343 -0.008831
v 0.380842 0.697343 -0.020176
v 0.392195 0.636657 -0.022266
v 0.379471 0.636650 -0.029367
v 0.366749 0.636643 -0.022266
v 0.363870 0.636640 -0.013765
v 0.366749 0.636643 -0.005264
v 0.379471 0.636650 0.001837
v 0.392195 0.636657 -0.005264
v 0.395073 0.636658 -0.013765
v 0.379560 0.479134 0.001400
v 0.367193 0.479127 -0.005502
v 0.364395 0.479125 -0.013765
v 0.367193 0.479127 -0.022029
v 0.391927 0.479140 -0.022029
v 0.394725 0.479142 -0.013765
v 0.391927 0.479140 -0.005501
v 0.392251 0.390568 -0.021888
v 0.380098 0.390535 -0.029004
v 0.367557 0.390516 -0.022160
v 0.364699 0.390529 -0.013911
v 0.367175 0.390541 -0.005485
v 0.379575 0.390543 0.001871
v 0.391919 0.390544 -0.004582
v 0.394868 0.390567 -0.013332
v 0.379565 0.473737 0.001400
v 0.391930 0.473744 -0.005502
v 0.394728 0.473745 -0.013765
v 0.391931 0.473744 -0.022029
v 0.379566 0.473737 -0.028930
v 0.367201 0.473730 -0.022029
v 0.364403 0.473728 -0.013765
v 0.367200 0.473730 -0.005502
v 0.391933 0.469006 -0.005502
v 0.394731 0.469007 -0.013765
v 0.391934 0.469006 -0.022029
v 0.367209 0.468992 -0.022029
v 0.364412 0.468991 -0.013765
v 0.367207 0.468992 -0.005502
v 0.379569 0.468999 0.001400
v 0.395418 0.381355 -0.015461
v 0.393123 0.381289 -0.005859
v 0.380803 0.380995 0.000877
v 0.366989 0.380625 -0.005721
v 0.364164 0.380523 -0.014394
v 0.366522 0.380562 -0.023028
v 0.372864 0.294084 0.073719
v 0.369996 0.293026 0.072639
v 0.378764 0.280951 0.067854
v 0.378953 0.286869 0.072603
v 0.375745 0.293054 0.074222
v 0.373091 0.299713 0.072123
v 0.367366 0.298006 0.069723
v 0.362858 0.288185 0.063301
v 0.377004 0.277893 0.060768
v 0.382975 0.279760 0.063509
v 0.384914 0.288926 0.070457
v 0.378620 0.297914 0.072995
v 0.370122 0.324671 0.038459
v 0.379666 0.325800 0.043886
v 0.388614 0.322608 0.045031
v 0.364421 0.314094 0.026008
v 0.394855 0.300918 0.029852
v 0.398186 0.310444 0.039354
v 0.385993 0.298530 0.024971
v 0.359592 0.322728 -0.001536
v 0.380942 0.359893 0.023856
v 0.373999 0.302399 0.015017
v 0.405468 0.322798 0.019966
v 0.367970 0.286212 0.069502
v 0.371201 0.280364 0.065515
v 0.369859 0.278974 0.058440
v 0.375297 0.302246 0.021241
v 0.373619 0.287198 -0.006784
v 0.400001 0.285965 -0.009023
v 0.396627 0.286502 -0.032516
v 0.370699 0.286103 -0.028943
v 0.358345 0.237449 -0.005986
v 0.366502 0.231923 -0.001424
v 0.373721 0.225758 -0.006236
v 0.370221 0.225089 -0.027180
v 0.355169 0.236478 -0.025138
v 0.356751 0.231591 -0.008671
v 0.361024 0.226402 -0.006911
v 0.366908 0.222294 -0.008402
v 0.365604 0.220216 -0.016022
v 0.364030 0.222066 -0.023508
v 0.354528 0.231000 -0.021989
v 0.357962 0.224485 -0.015362
v 0.400443 0.288891 0.020525
v 0.402075 0.286952 -0.001219
v 0.374462 0.289199 -0.000003
v 0.364810 0.233479 0.014050
v 0.366242 0.234116 0.019086
v 0.375241 0.227963 0.019616
v 0.375330 0.225872 0.013887
v 0.374582 0.226480 0.007823
v 0.369322 0.229237 0.007368
v 0.365521 0.233026 0.008759
v 0.368040 0.286183 -0.035363
v 0.393488 0.285745 -0.039648
v 0.356457 0.242492 -0.035367
v 0.364887 0.237477 -0.033658
v 0.371993 0.233228 -0.039244
v 0.365941 0.234954 -0.056585
v 0.357415 0.239020 -0.057238
v 0.351276 0.242941 -0.052099
v 0.352237 0.238095 -0.043674
v 0.355678 0.238176 -0.037810
v 0.360899 0.233656 -0.037832
v 0.366703 0.231152 -0.040798
v 0.362557 0.232633 -0.053241
v 0.356470 0.234871 -0.052664
v 0.352155 0.238610 -0.050038
v 0.401034 0.293009 0.019916
v 0.399345 0.286190 -0.004497
v 0.370623 0.287278 -0.032415
v 0.383110 0.284404 -0.034676
v 0.393099 0.286216 -0.036097
v 0.399327 0.291596 -0.031394
v 0.397735 0.291277 -0.036876
v 0.405057 0.291584 -0.005347
v 0.396371 0.291274 -0.042392
v 0.406089 0.292193 0.001337
v 0.403861 0.291250 -0.012276
v 0.362885 0.303085 -0.033878
v 0.365982 0.290370 -0.031983
v 0.406487 0.337703 0.000405
v 0.400774 0.337747 -0.040367
v 0.389123 0.338669 -0.055122
v 0.359730 0.337955 -0.036933
v 0.378374 0.337779 -0.056802
v 0.406309 0.336317 -0.020376
v 0.365566 0.369935 -0.028144
v 0.380085 0.370858 -0.037040
v 0.394971 0.371637 -0.027475
v 0.398217 0.372087 -0.017052
v 0.396715 0.371770 -0.002649
v 0.372295 0.356077 -0.045201
v 0.395189 0.357823 0.016505
v 0.402112 0.357616 -0.000260
v 0.403118 0.356081 -0.019080
v 0.398798 0.356674 -0.033925
v 0.387392 0.356950 -0.045887
v 0.365451 0.292016 -0.056355
v 0.408076 0.320344 0.000855
v 0.405685 0.293075 0.009733
v 0.404885 0.288365 0.009991
v 0.402270 0.305028 -0.037245
v 0.397014 0.306296 -0.051752
v 0.366991 0.304614 -0.056396
v 0.379120 0.294729 0.016946
v 0.367472 0.305505 0.004933
v 0.375153 0.292648 -0.062509
v 0.386606 0.292813 -0.060951
v 0.394707 0.292302 -0.052038
v 0.406920 0.319057 -0.021363
v 0.400840 0.320140 -0.043601
v 0.388490 0.320927 -0.059662
v 0.402520 0.291929 -0.021211
v 0.401242 0.286394 -0.020956
v 0.375441 0.222786 -0.017002
v 0.354202 0.231177 -0.015199
v 0.353856 0.238594 -0.015360
v 0.368013 0.287146 -0.017592
v 0.366962 0.291576 -0.017652
v 0.364578 0.303201 -0.018244
v 0.360208 0.319894 -0.038945
v 0.367712 0.336982 -0.052400
v 0.366644 0.318998 -0.055753
v 0.364762 0.370216 -0.005799
v 0.380883 0.371819 0.006527
v 0.357875 0.346012 -0.001242
v 0.369717 0.365232 0.010535
v 0.376389 0.288477 -0.003435
v 0.388352 0.284266 -0.003180
v 0.370946 0.292620 -0.004163
v 0.372295 0.294756 0.007741
v 0.402146 0.338534 0.020840
v 0.362601 0.369812 -0.016144
v 0.366884 0.356341 0.017712
v 0.366348 0.304419 -0.003866
v 0.362358 0.303555 -0.044402
v 0.388216 0.306672 -0.060546
v 0.405836 0.304739 -0.021582
v 0.407689 0.304902 -0.006160
v 0.407473 0.306271 0.008859
v 0.402550 0.305548 0.019988
v 0.387019 0.299167 0.023228
v 0.368129 0.339874 0.027846
v 0.350832 0.244085 -0.043229
v 0.353841 0.254542 -0.043768
v 0.362206 0.290915 -0.045818
v 0.365169 0.230283 -0.047456
v 0.371888 0.232168 -0.049087
v 0.373248 0.291312 0.008821
v 0.379325 0.291514 0.017920
v 0.392122 0.381268 -0.024135
v 0.373200 0.235216 0.025249
v 0.366150 0.238819 0.021565
v 0.363054 0.239439 0.013774
v 0.365202 0.237342 0.005719
v 0.371879 0.232780 0.001398
v 0.379798 0.228269 0.004197
v 0.383317 0.227095 0.013309
v 0.380498 0.230294 0.022225
v 0.365122 0.287828 -0.056276
v 0.385816 0.287388 -0.060810
v 0.362188 0.287257 -0.045621
v 0.393367 0.286857 -0.051711
v 0.365251 0.269168 -0.035436
v 0.358573 0.270388 -0.044993
v 0.361398 0.269985 -0.056096
v 0.382364 0.265817 -0.060718
v 0.389496 0.264484 -0.051102
v 0.387184 0.264802 -0.039228
v 0.393385 0.297105 0.057560
v 0.390310 0.285717 0.048006
v 0.371805 0.286984 0.038858
v 0.361503 0.298395 0.044774
v 0.367170 0.309984 0.056743
v 0.375736 0.311497 0.061157
v 0.383849 0.308906 0.062296
v 0.358060 0.340931 -0.018781
v 0.361466 0.362016 -0.004237
v 0.360042 0.359254 -0.017462
v 0.362788 0.357378 -0.032593
v 0.359753 0.321741 -0.018954
v 0.361728 0.321006 0.013887
v 0.374676 0.303475 0.018436
v 0.397639 0.303999 0.026018
v 0.401972 0.318628 0.031003
v 0.391381 0.337106 0.036229
v 0.379974 0.341683 0.035920
v 0.376499 0.267959 0.002242
v 0.373206 0.269748 0.012097
v 0.377481 0.269447 0.021980
v 0.387545 0.267091 0.026410
v 0.397476 0.263994 0.022204
v 0.401481 0.261918 0.011178
v 0.396798 0.262273 0.000564
v 0.380670 0.248337 0.027409
v 0.390064 0.243601 0.023259
v 0.394082 0.240647 0.012355
v 0.389465 0.241702 0.001445
v 0.370171 0.250465 0.003206
v 0.366982 0.252838 0.013261
v 0.371139 0.252086 0.023185
v 0.369427 0.265575 -0.006095
v 0.380862 0.263486 -0.001279
v 0.391741 0.260585 -0.006674
v 0.395800 0.258792 -0.018666
v 0.390604 0.259340 -0.030331
v 0.378754 0.261796 -0.034635
v 0.367778 0.264604 -0.028626
v 0.364206 0.266043 -0.016887
v 0.363355 0.248498 -0.005061
v 0.360566 0.252672 -0.034844
v 0.355022 0.253777 -0.054263
v 0.363149 0.250504 -0.060690
v 0.373883 0.246470 -0.059578
v 0.381297 0.244005 -0.050607
v 0.380316 0.244996 -0.038891
v 0.371268 0.248713 -0.032444
v 0.357786 0.249554 -0.015906
v 0.360211 0.247346 -0.027501
v 0.369593 0.242481 -0.033487
v 0.380730 0.237622 -0.029365
v 0.383557 0.238937 -0.006019
v 0.374012 0.244084 -0.000430
v 0.386464 0.236187 -0.017933
v 0.390984 0.353449 0.024838
v 0.224630 0.297502 -0.008764
v 0.167297 0.320078 -0.006922
v 0.249878 0.300899 -0.010898
v 0.241515 0.300811 -0.045692
v 0.213136 0.300774 -0.075152
v 0.167912 0.300774 -0.088827
v 0.124556 0.300774 -0.075842
v 0.094272 0.300774 -0.045962
v 0.094302 0.300777 0.022957
v 0.126858 0.300861 0.053890
v 0.168430 0.300982 0.066846
v 0.219565 0.301055 0.051816
v 0.242077 0.300999 0.023963
v 0.137475 0.297457 0.036954
v 0.108540 0.297345 -0.009650
v 0.235453 0.352786 -0.042378
v 0.243139 0.352783 -0.010741
v 0.235802 0.352720 0.020929
v 0.215260 0.352663 0.046270
v 0.168519 0.352637 0.059951
v 0.130509 0.352664 0.048252
v 0.100767 0.352722 0.020173
v 0.100961 0.352785 -0.042576
v 0.128751 0.352780 -0.069792
v 0.168433 0.352732 -0.081701
v 0.209694 0.352778 -0.069219
v 0.162231 0.082372 -0.009556
v 0.162342 0.084140 -0.006544
v 0.160351 0.082340 -0.012089
v 0.165041 0.077292 -0.009023
v 0.163050 0.087415 -0.006601
v 0.156681 0.074738 -0.000934
v 0.158339 0.077214 0.002107
v 0.169566 0.069740 0.008329
v 0.169248 0.067763 0.007781
v 0.169792 0.079833 -0.003642
v 0.158652 0.071575 0.002770
v 0.169525 0.077930 -0.006321
v 0.168392 0.079232 -0.004837
v 0.157430 0.071088 0.001136
v 0.168874 0.081177 -0.005139
v 0.156725 0.078466 -0.007486
v 0.158093 0.077765 -0.006162
v 0.156195 0.077636 -0.005530
v 0.168531 0.071980 0.003068
v 0.164434 0.078095 -0.000327
v 0.163993 0.076318 -0.001294
v 0.163112 0.076589 0.000532
v 0.163728 0.000459 -0.058078
v 0.163728 0.000469 -0.036812
v 0.163728 0.000536 -0.016830
v 0.163728 0.008338 0.003863
v 0.163728 0.005509 0.020123
v 0.163728 0.001223 0.048527
v 0.163728 0.000385 0.070747
v 0.163728 0.000385 0.089306
v 0.163728 0.009951 0.096822
v 0.197625 0.000417 -0.036005
v 0.193729 0.000515 -0.057402
v 0.179268 0.000451 -0.070427
v 0.181653 0.000385 0.082147
v 0.171820 0.000385 0.087696
v 0.191167 0.008718 -0.014608
v 0.177844 0.019267 -0.063512
v 0.187887 0.008338 0.004623
v 0.189583 0.018925 -0.013167
v 0.185462 0.009939 0.087044
v 0.189913 0.015330 0.022377
v 0.192726 0.018907 -0.030774
v 0.133968 0.000504 -0.016356
v 0.136227 0.001136 0.049100
v 0.139647 0.000385 0.071280
v 0.145804 0.000385 0.082147
v 0.134730 0.018907 -0.030774
v 0.139570 0.008338 0.004623
v 0.139897 0.005514 0.021077
v 0.137543 0.015330 0.022377
v 0.131292 0.011086 0.051518
v 0.141995 0.009939 0.087044
v 0.133727 0.000515 -0.057402
v 0.149612 0.019267 -0.063512
v 0.163732 0.070512 -0.068333
v 0.163728 0.057272 -0.077668
v 0.189981 0.056956 0.013381
v 0.167153 0.078335 -0.009677
v 0.178273 0.063104 0.014739
v 0.188213 0.069569 -0.004670
v 0.194400 0.068557 -0.014347
v 0.194008 0.068568 -0.047712
v 0.199098 0.056111 -0.051707
v 0.199052 0.038510 0.009320
v 0.201191 0.037175 -0.012631
v 0.200400 0.057301 -0.010234
v 0.194496 0.022468 0.006009
v 0.179875 0.072114 0.000165
v 0.201766 0.036695 -0.031180
v 0.203261 0.056216 -0.029465
v 0.197572 0.068264 -0.029499
v 0.181524 0.069537 -0.061288
v 0.184685 0.056670 -0.069074
v 0.163728 0.038602 -0.076967
v 0.182966 0.037792 -0.069392
v 0.196948 0.036852 -0.052866
v 0.141780 0.078285 -0.021184
v 0.134892 0.024131 0.006052
v 0.159668 0.080794 -0.008470
v 0.160700 0.071433 0.002438
v 0.160304 0.078335 -0.009677
v 0.149184 0.063104 0.014739
v 0.159962 0.073767 0.003612
v 0.133050 0.068556 -0.014340
v 0.139243 0.069569 -0.004670
v 0.127056 0.057301 -0.010234
v 0.132961 0.022468 0.006009
v 0.147581 0.072114 0.000165
v 0.148050 0.065603 0.015158
v 0.126265 0.037175 -0.012631
v 0.124190 0.056213 -0.029464
v 0.129826 0.068255 -0.029470
v 0.139309 0.077472 -0.030876
v 0.142778 0.056675 -0.069068
v 0.145981 0.069543 -0.061261
v 0.125690 0.036695 -0.031179
v 0.130508 0.036851 -0.052866
v 0.144490 0.037792 -0.069392
v 0.133417 0.068559 -0.047712
v 0.128341 0.056101 -0.051709
v 0.163720 0.064570 -0.031591
v 0.163728 0.065217 0.015734
v 0.163728 0.071433 0.002438
v 0.181646 0.080194 0.104167
v 0.194347 0.073725 0.096644
v 0.182908 0.047499 0.114731
v 0.199326 0.046585 0.102231
v 0.179544 0.068906 0.026106
v 0.194309 0.061339 0.025936
v 0.203180 0.040129 0.024532
v 0.179367 0.018331 0.103792
v 0.193392 0.017562 0.093127
v 0.197701 0.020370 0.022724
v 0.183469 0.088776 0.084017
v 0.202086 0.017095 0.076061
v 0.200251 0.077215 0.081835
v 0.210488 0.045852 0.080199
v 0.183793 0.085404 0.053001
v 0.201709 0.073854 0.052967
v 0.204259 0.017327 0.050427
v 0.212171 0.044412 0.051914
v 0.163728 0.082686 0.106899
v 0.163728 0.092730 0.084996
v 0.163728 0.089128 0.053268
v 0.163728 0.070610 0.026567
v 0.163728 0.047917 0.119396
v 0.163728 0.018564 0.107906
v 0.145811 0.080194 0.104167
v 0.133110 0.073725 0.096644
v 0.128130 0.046585 0.102231
v 0.144548 0.047499 0.114731
v 0.147912 0.068906 0.026106
v 0.133313 0.061556 0.025964
v 0.124371 0.040137 0.024375
v 0.148090 0.018331 0.103792
v 0.134065 0.017562 0.093127
v 0.143987 0.088776 0.084017
v 0.125370 0.017095 0.076061
v 0.127205 0.077215 0.081835
v 0.116968 0.045852 0.080199
v 0.115285 0.044412 0.051914
v 0.143663 0.085404 0.053001
v 0.125747 0.073854 0.052967
v 0.123197 0.017327 0.050427
v 0.129969 0.020495 0.022223
v 0.164301 0.216088 -0.050745
v 0.182071 0.215295 -0.043737
v 0.146538 0.215237 -0.043223
v 0.146529 0.211309 -0.008509
v 0.189484 0.213348 -0.026526
v 0.178979 0.256803 -0.033672
v 0.179010 0.331374 -0.018041
v 0.164302 0.332989 -0.023668
v 0.143460 0.327241 -0.003653
v 0.149591 0.323259 0.010205
v 0.164312 0.321659 0.015772
v 0.179010 0.323377 0.009796
v 0.185146 0.327410 -0.004239
v 0.164302 0.257820 -0.039404
v 0.143504 0.254199 -0.018996
v 0.149622 0.251690 -0.004857
v 0.164312 0.250682 0.000823
v 0.178979 0.251764 -0.005276
v 0.185102 0.254305 -0.019594
v 0.178908 0.215014 -0.040632
v 0.178908 0.211642 -0.012094
v 0.149692 0.211592 -0.011674
v 0.164302 0.068687 -0.054517
v 0.179367 0.068687 -0.048575
v 0.149241 0.068687 -0.048139
v 0.149234 0.068689 -0.018708
v 0.142954 0.068688 -0.033363
v 0.164312 0.068689 -0.012820
v 0.185652 0.068688 -0.033983
v 0.179367 0.068689 -0.019142
v 0.149687 0.222481 -0.038957
v 0.164302 0.223277 -0.045135
v 0.178921 0.222536 -0.039379
v 0.185020 0.220715 -0.025244
v 0.178921 0.218864 -0.010867
v 0.164312 0.218075 -0.004743
v 0.149679 0.218810 -0.010447
v 0.143585 0.220638 -0.024643
v 0.164301 0.206507 -0.051902
v 0.181938 0.205766 -0.044946
v 0.189296 0.203945 -0.027863
v 0.181938 0.202093 -0.010488
v 0.164314 0.201304 -0.003087
v 0.146662 0.202039 -0.009981
v 0.139310 0.203868 -0.027137
v 0.180130 0.124452 -0.016903
v 0.164313 0.124122 -0.010260
v 0.148470 0.124429 -0.016447
v 0.141872 0.125193 -0.031844
v 0.148478 0.125963 -0.047369
v 0.164302 0.126296 -0.054070
v 0.180130 0.125986 -0.047827
v 0.186733 0.125225 -0.032496
v 0.141013 0.170073 -0.029846
v 0.164301 0.172052 -0.052923
v 0.180736 0.171496 -0.046442
v 0.187593 0.170131 -0.030523
v 0.180736 0.168742 -0.014333
v 0.164313 0.168150 -0.007436
v 0.147864 0.168701 -0.013859
v 0.142623 0.085957 -0.032958
v 0.149008 0.086192 -0.047963
v 0.164302 0.086293 -0.054439
v 0.179600 0.086199 -0.048406
v 0.185982 0.085967 -0.033588
v 0.179600 0.085731 -0.018517
v 0.164312 0.085631 -0.012097
v 0.149001 0.085724 -0.018076
v 0.164604 0.086443 -0.008766
v 0.164192 0.087372 -0.001576
v 0.167685 0.085030 -0.008528
v 0.166978 0.085733 -0.001140
v 0.171323 0.073923 0.000712
v 0.157385 0.067360 0.007687
v 0.170797 0.074996 -0.001197
v 0.157174 0.069280 0.008392
v 0.130829 0.071082 -0.020436
v 0.123366 0.057802 -0.015024
v 0.122602 0.051922 -0.003683
v 0.158750 0.081091 0.000201
v 0.163783 0.083339 -0.004797
v 0.131313 0.070696 -0.017559
v 0.124237 0.054607 -0.004416
v 0.144464 0.071364 0.005708
v 0.148280 0.079069 -0.014335
v 0.158764 0.079281 -0.001423
v 0.175090 0.082795 -0.012060
v 0.183360 0.071546 0.006474
v 0.198762 0.062477 0.000750
v 0.285658 0.468840 -0.151569
v 0.285669 0.438650 -0.151960
v 0.160144 0.438650 -0.152452
v 0.160145 0.468840 -0.152039
v -0.000000 0.438650 -0.153630
v -0.000000 0.468840 -0.153358
v 0.098447 0.438650 -0.152219
v 0.098443 0.468840 -0.151964
v -0.083876 1.095436 0.197179
v -0.076170 1.102661 0.193274
v -0.073726 1.099133 0.193521
v -0.072863 1.094838 0.194361
v -0.073677 1.090607 0.195597
v -0.076055 1.087153 0.197022
v -0.079703 1.084872 0.198424
v -0.083778 1.084269 0.199558
v -0.088096 1.085294 0.200371
v -0.091793 1.087862 0.200661
v -0.094289 1.091600 0.200380
v -0.095164 1.095869 0.199574
v -0.094386 1.100168 0.198347
v -0.091970 1.103443 0.196993
v -0.088268 1.105646 0.195557
v -0.083964 1.106258 0.194335
v -0.079853 1.105253 0.193557
v -0.079802 1.095215 0.196136
v -0.076118 1.095015 0.195194
v -0.088028 1.095595 0.198060
v -0.091884 1.095743 0.198878
v -0.362788 0.570825 -0.139150
v -0.366693 0.614054 -0.143174
v -0.355206 0.571056 -0.152085
v -0.328867 0.569787 -0.159637
v -0.331456 0.614574 -0.162273
v -0.319696 0.570129 -0.112063
v -0.362262 0.569460 -0.095679
v -0.298651 0.570314 -0.127325
v -0.379142 0.688217 -0.158935
v -0.220838 0.569216 -0.162615
v -0.371885 0.649881 -0.099575
v -0.318380 0.569980 -0.082410
v -0.339182 0.687044 -0.170619
v -0.365174 0.708851 -0.165548
v -0.364808 0.568706 -0.021876
v -0.369996 0.651285 -0.024738
v -0.222525 0.650173 -0.175574
v -0.203923 0.570161 -0.129314
v -0.317457 0.570219 -0.019482
v -0.381799 0.769055 -0.165814
v -0.376797 0.770297 -0.107283
v -0.342421 0.767800 -0.184398
v -0.387448 0.839995 -0.177397
v -0.317050 0.571329 0.049737
v -0.386138 0.821874 -0.193302
v -0.352115 0.843204 -0.203314
v -0.359313 0.569117 0.058798
v -0.225647 0.766918 -0.191057
v -0.368502 0.649937 0.054273
v -0.375967 0.771407 -0.025353
v -0.378630 0.862035 -0.189994
v -0.000011 0.568846 -0.163433
v -0.379215 0.903146 -0.200546
v 0.000045 0.649465 -0.179067
v -0.315456 0.570468 0.081260
v -0.393354 0.924272 -0.189631
v -0.360701 0.569514 0.100208
v -0.366653 0.619284 0.101441
v -0.386777 0.885953 -0.118348
v -0.353700 0.920826 -0.223830
v -0.314847 0.570255 0.104646
v -0.361549 0.570713 0.135767
v -0.380213 0.770609 0.055537
v -0.399636 1.001101 -0.208318
v -0.359322 0.999345 -0.243136
v -0.229452 0.883200 -0.216812
v -0.342930 0.570552 0.148907
v 0.000064 0.570426 -0.129094
v -0.364174 0.621338 0.133165
v -0.379559 0.689303 0.104189
v -0.301428 0.570502 0.117501
v -0.385557 0.888930 -0.033879
v 0.000211 0.764115 -0.193435
v -0.381609 0.673673 0.141845
v -0.397741 1.010457 -0.143218
v -0.349867 0.648579 0.143915
v -0.259537 0.572310 0.151505
v -0.408582 1.081017 -0.220841
v -0.363940 1.072943 -0.258849
v -0.233237 0.995178 -0.244080
v -0.395405 1.058152 -0.237512
v -0.408855 1.090296 -0.259047
v -0.238690 0.570149 0.119494
v -0.380445 0.713747 0.139186
v -0.421537 1.149635 -0.246133
v -0.370847 1.143992 -0.282537
v -0.389211 0.770499 0.111579
v -0.389908 0.891355 0.047637
v -0.412625 1.163209 -0.275705
v -0.352835 0.732292 0.139345
v -0.398007 1.019375 -0.060019
v -0.001721 0.879010 -0.217515
v -0.411904 1.124375 -0.170766
v -0.373839 0.750825 0.131831
v -0.423438 1.217171 -0.265462
v -0.253765 0.683023 0.150682
v 0.203914 0.570283 -0.129247
v -0.397081 0.848754 0.111264
v 0.220803 0.568882 -0.162923
v -0.370844 1.212655 -0.305245
v -0.413771 1.225654 -0.304508
v -0.236618 1.106509 -0.271552
v -0.388588 0.797878 0.139410
v -0.433628 1.261107 -0.281393
v -0.371107 1.252296 -0.322245
v -0.097104 0.571010 0.120577
v -0.365287 0.796238 0.139598
v -0.419431 1.229028 -0.208596
v -0.295312 1.210599 -0.304488
v -0.411976 1.135946 -0.091217
v -0.402569 1.026844 0.023080
v -0.426937 1.262022 -0.240099
v -0.396645 0.827699 0.143961
v -0.001487 0.990609 -0.243811
v -0.310037 1.248747 -0.323108
v 0.222340 0.649830 -0.174686
v -0.418179 0.937927 0.108345
v -0.282268 0.791638 0.145439
v -0.376507 1.301669 -0.298483
v -0.381626 0.869633 0.134407
v -0.316560 1.272439 -0.326936
v -0.356791 0.847902 0.143630
v -0.105511 0.575252 0.154430
v -0.427247 1.243866 -0.124730
v -0.383461 0.913375 0.122537
v -0.420938 1.269360 -0.200903
v -0.276656 1.248760 -0.322113
v -0.296227 0.855619 0.141485
v -0.415712 1.145743 -0.006186
v -0.386373 1.298721 -0.231949
v -0.181916 1.208817 -0.306047
v -0.432887 1.285703 -0.159650
v -0.293216 1.287487 -0.302589
v -0.000823 1.106907 -0.273616
v -0.408706 0.957262 0.133724
v -0.362033 0.936162 0.141582
v -0.416169 1.032145 0.089794
v -0.168359 0.777884 0.148977
v 0.299598 0.570637 -0.131073
v 0.000003 0.574443 0.157494
v 0.223187 0.765563 -0.190082
v -0.200566 1.251310 -0.334016
v -0.399155 1.010334 0.124702
v -0.000024 0.570302 0.118869
v -0.307992 1.294515 -0.233570
v -0.098969 0.661267 0.155189
v -0.224303 0.825434 0.145689
v -0.135429 0.792214 0.013139
v -0.434756 1.115638 0.069713
v 0.328857 0.570015 -0.160380
v 0.330894 0.614680 -0.163008
v -0.429991 1.255335 -0.030316
v -0.445810 1.303553 -0.119161
v -0.208942 1.283391 -0.344865
v -0.397723 1.330495 -0.150726
v -0.075961 1.208988 -0.307412
v 0.097107 0.570495 0.119325
v -0.182389 1.296401 -0.303225
v -0.224001 0.934534 0.013174
v -0.299017 0.948510 0.131247
v -0.156269 1.243764 -0.320626
v -0.259216 0.888757 0.140235
v -0.383869 1.055424 0.106815
v -0.442858 1.306307 -0.070116
v 0.310315 0.570964 -0.123273
v -0.148765 1.268833 -0.326570
v -0.362305 1.033550 0.127150
v -0.411462 1.106123 0.113939
v 0.354186 0.571436 -0.150888
v -0.316937 1.313699 -0.148918
v -0.435389 1.193405 0.051740
v 0.000046 0.656721 0.155752
v 0.227068 0.878994 -0.215345
v -0.214329 0.865443 0.142095
v -0.061846 0.771947 0.013131
v 0.319723 0.570589 -0.111899
v -0.197202 0.866159 0.083181
v -0.159174 0.822593 0.145383
v -0.188072 1.297458 -0.235099
v 0.335288 0.687875 -0.171195
v -0.136533 0.893314 0.013136
v -0.431483 1.337388 -0.076036
v -0.149168 0.831336 0.085606
v -0.225304 0.922650 0.089146
v 0.361893 0.570962 -0.138074
v -0.243232 0.908656 0.139029
v -0.204235 0.891609 0.112701
v 0.356915 0.614747 -0.156288
v -0.257092 0.948537 0.133258
v -0.223934 0.911263 0.112597
v -0.098130 1.244913 -0.325431
v -0.000970 0.768309 0.013129
v -0.431172 1.146910 0.120700
v -0.077583 0.750416 0.150650
v -0.229094 0.917183 0.113851
v -0.161930 0.860049 0.118723
v 0.366475 0.614058 -0.142270
v 0.361213 0.570105 -0.095756
v -0.434765 1.181388 0.103430
v -0.216098 0.908832 0.119310
v -0.213566 0.888532 0.141076
v -0.204579 0.914362 0.092899
v 0.319161 0.570278 -0.082430
v -0.063349 0.803947 0.087871
v -0.228562 0.909853 0.139066
v -0.166150 0.852238 0.146252
v -0.237591 0.921439 0.136361
v -0.233433 0.915469 0.141771
v -0.384753 1.124461 0.129261
v -0.443460 1.310613 -0.006430
v -0.154019 0.859882 0.112941
v -0.055072 0.873037 0.013101
v -0.165076 0.844451 0.138797
v -0.236315 0.927392 0.141076
v -0.170304 0.844644 0.156594
v 0.365940 0.669723 -0.168995
v -0.239258 0.940524 0.135217
v -0.225708 0.913378 0.142174
v -0.451986 1.266064 0.052854
v -0.066840 0.826759 0.120894
v -0.291541 1.076261 0.118218
v -0.070508 1.248441 -0.332526
v 0.105522 0.575190 0.154399
v -0.168598 0.850449 0.164257
v -0.081623 1.288898 -0.306574
v -0.390727 1.339471 -0.054537
v -0.213712 0.931549 0.138603
v -0.220832 0.964338 0.133041
v -0.422187 1.219013 0.093153
v 0.359952 0.569610 -0.021791
v -0.000697 0.742642 0.151072
v -0.001320 1.206393 -0.306592
v -0.159732 0.888059 0.153407
v 0.234947 0.993518 -0.241856
v -0.194220 1.309020 -0.148189
v -0.064084 0.810454 0.173048
v 0.333759 0.768485 -0.184209
v -0.060142 0.834285 0.141451
v -0.009328 1.236545 -0.316282
v 0.318024 0.570375 -0.019476
v 0.368146 0.650071 -0.099020
v -0.065526 0.792295 0.147599
v 0.370704 0.689290 -0.154313
v -0.387129 1.201252 0.117811
v 0.099081 0.661264 0.155085
v 0.238711 0.570398 0.120601
v 0.060594 0.771823 0.013133
v -0.465025 1.326126 0.048369
v -0.067322 0.815272 0.146708
v -0.160043 0.955477 0.137907
v -0.075057 1.293699 -0.233735
v -0.432182 1.253851 0.091861
v 0.346383 0.846103 -0.205012
v -0.001145 0.798214 0.088588
v -0.066412 0.856868 0.178701
v -0.314172 1.328514 -0.054835
v 0.075575 1.207052 -0.307183
v 0.317695 0.570419 0.049835
v -0.451176 1.295266 0.096898
v -0.001305 0.787528 0.147989
v -0.001440 0.819853 0.120709
v 0.366637 0.650764 -0.024646
v -0.066888 0.811648 0.209229
v -0.387828 1.348032 0.025667
v -0.001538 0.809879 0.147277
v -0.405054 1.276748 0.108704
v -0.001599 0.818929 0.142296
v 0.259580 0.572398 0.151556
v 0.060502 1.246088 -0.329333
v -0.004386 1.272392 -0.296201
v 0.371829 0.769764 -0.151688
v 0.135762 0.791800 0.013142
v -0.176697 1.083728 0.115543
v -0.302099 1.236830 0.101217
v -0.448181 1.333412 0.082765
v 0.357144 0.568708 0.058786
v 0.077242 0.750327 0.150680
v -0.432156 1.348791 0.067128
v -0.068285 0.945570 0.146498
v 0.000323 0.831523 0.148775
v 0.001931 0.806102 0.183168
v 0.373426 0.770648 -0.101988
v 0.236217 1.105916 -0.270663
v 0.316445 0.570434 0.081299
v 0.302120 0.570111 0.120280
v 0.066997 0.815482 0.146808
v 0.253659 0.683104 0.151288
v -0.080185 1.307662 -0.147709
v 0.354652 0.919509 -0.224141
v -0.412842 1.339581 0.105050
v 0.068368 0.825474 0.143160
v 0.064759 0.792500 0.147662
v -0.000973 0.851368 0.186406
v 0.365450 0.650222 0.053614
v -0.397739 1.361146 0.070396
v 0.093492 1.245827 -0.322560
v 0.062783 0.803536 0.087769
v 0.357713 0.569777 0.100268
v 0.318192 0.570075 0.105119
v 0.002994 0.807508 0.219747
v -0.196206 1.324737 -0.053989
v 0.099055 1.266139 -0.326719
v -0.300504 1.338431 0.024264
v 0.079118 1.286442 -0.317554
v 0.000030 1.289846 -0.231709
v 0.379379 0.846443 -0.158566
v 0.374527 0.769144 -0.026010
v 0.066671 0.826775 0.120708
v 0.062479 0.833659 0.140228
v 0.342742 0.570691 0.150560
v 0.378448 0.864506 -0.187655
v 0.169000 0.778683 0.149349
v 0.149500 1.244077 -0.321959
v -0.184929 1.236259 0.099211
v 0.072265 0.805051 0.196600
v -0.074417 1.088458 0.114663
v 0.360152 0.570662 0.135000
v 0.068133 0.811215 0.171128
v -0.327353 1.344536 0.059080
v 0.363535 0.619690 0.101515
v -0.330379 1.334980 0.096444
v 0.377296 0.903413 -0.193896
v 0.177021 1.209803 -0.306051
v 0.139620 1.262767 -0.323668
v 0.070346 0.812320 0.207820
v -0.019413 0.890806 0.185064
v 0.075316 1.293939 -0.234322
v 0.364414 0.998166 -0.236257
v 0.151727 0.831813 0.085267
v 0.341560 0.647376 0.163116
v 0.000032 1.305445 -0.147102
v -0.036841 0.919276 0.220707
v -0.033122 0.912199 0.176902
v 0.000000 0.881844 0.189186
v -0.025019 0.892121 0.228401
v 0.064838 0.857214 0.178851
v 0.161213 0.825390 0.146426
v -0.081389 1.324403 -0.053754
v 0.363680 1.068124 -0.256120
v 0.019413 0.890811 0.185092
v 0.362247 0.622851 0.130995
v 0.153374 0.865355 0.113388
v 0.180831 1.254443 -0.332594
v 0.165830 0.862164 0.117117
v 0.384667 0.926316 -0.168683
v 0.382842 0.888526 -0.111692
v 0.166973 1.293512 -0.314120
v -0.022894 0.939776 0.170431
v -0.022699 0.942924 0.213778
v -0.264517 1.351785 0.064382
v -0.271034 1.333755 0.094490
v 0.169095 0.856226 0.145691
v 0.025019 0.892121 0.228404
v 0.188362 1.286732 -0.340362
v 0.373857 0.690446 0.102073
v 0.228741 0.889103 0.013169
v -0.191936 1.341382 0.040469
v -0.000000 0.952996 0.168676
v 0.167178 0.849601 0.136865
v 0.293983 1.210525 -0.303665
v -0.000507 1.089629 0.114453
v 0.168940 0.856980 0.166191
v -0.032765 0.907000 0.290059
v 0.000000 0.952855 0.211123
v 0.270950 1.249434 -0.321336
v 0.376384 0.770026 0.054564
v 0.036841 0.919276 0.220720
v 0.033120 0.912222 0.177027
v 0.384010 0.889698 -0.034104
v 0.281207 0.791920 0.146121
v 0.383855 0.669728 0.150363
v 0.399860 0.979011 -0.219516
v 0.194229 0.931517 0.013176
v -0.075529 1.237718 0.100216
v 0.022894 0.939780 0.170515
v 0.223824 0.826330 0.145521
v -0.048782 0.942658 0.273612
v 0.022699 0.942924 0.213781
v -0.026183 0.968200 0.261741
v 0.199580 0.867408 0.081573
v 0.158742 0.891864 0.152378
v 0.066819 0.946201 0.146452
v 0.341840 0.734694 0.155310
v 0.391585 1.003450 -0.184482
v 0.365887 1.143519 -0.279957
v 0.032765 0.907000 0.290059
v 0.000075 1.321714 -0.053072
v 0.204401 0.918578 0.093019
v 0.186597 1.296929 -0.235563
v 0.215523 0.868943 0.141626
v 0.080298 1.307157 -0.147412
v -0.216066 1.341846 0.101268
v 0.207836 0.894291 0.112088
v 0.218081 0.911042 0.116903
v -0.220489 1.365942 0.075585
v -0.032207 0.931376 0.337787
v 0.394101 1.009727 -0.134978
v 0.026183 0.968200 0.261741
v 0.214591 0.895007 0.142095
v 0.000000 0.976102 0.258290
v -0.051328 0.967355 0.317011
v 0.381257 0.716817 0.140930
v 0.159499 0.957475 0.137423
v 0.288893 1.285607 -0.306181
v 0.379130 0.771283 0.108547
v -0.155274 1.314980 0.090155
v 0.311420 1.245510 -0.323163
v 0.073449 1.089400 0.114459
v 0.214113 0.901050 0.136008
v 0.387932 0.891496 0.047622
v 0.314253 1.265603 -0.329058
v 0.228973 0.914070 0.136503
v -0.155127 1.332968 0.068956
v 0.048782 0.942658 0.273612
v 0.404222 1.079093 -0.213299
v 0.227337 0.918292 0.142977
v -0.075816 1.345200 0.039058
v 0.226247 0.922845 0.087700
v 0.224134 0.913128 0.113022
v 0.363748 1.211460 -0.304397
v -0.027146 0.993050 0.300130
v 0.257562 0.887037 0.140354
v 0.294149 0.855942 0.142486
v 0.363605 0.754148 0.130974
v 0.213866 0.935069 0.137757
v 0.353689 0.797663 0.146163
v -0.024436 0.951985 0.353400
v 0.230165 0.917684 0.111593
v 0.396841 1.019005 -0.059926
v 0.242329 0.908698 0.138567
v 0.364849 1.246935 -0.322583
v -0.039115 0.979366 0.337985
v 0.404809 1.163083 -0.279829
v 0.232679 0.917742 0.139972
v 0.032207 0.931376 0.337787
v 0.000000 1.000623 0.295359
v 0.396454 1.198422 -0.293638
v 0.000803 1.237473 0.098634
v 0.027146 0.993050 0.300130
v 0.390825 0.849247 0.111204
v 0.371297 0.792510 0.140868
v 0.000786 1.330334 0.029187
v 0.419283 1.150782 -0.244081
v -0.101006 1.342324 0.102081
v 0.194572 1.308496 -0.147965
v -0.022574 1.000406 0.321678
v 0.365147 1.272180 -0.322532
v 0.051328 0.967355 0.317011
v 0.221281 0.966208 0.132569
v 0.081166 1.325099 -0.051011
v -0.016211 0.972709 0.358395
v 0.235826 0.928744 0.139788
v 0.305000 1.294159 -0.234272
v 0.406568 1.227938 -0.309296
v 0.370894 1.294877 -0.298856
v -0.015521 0.999821 0.340247
v 0.409214 1.124515 -0.167841
v 0.240022 0.940065 0.135496
v -0.101069 1.366951 0.085530
v 0.176583 1.084034 0.115583
v 0.255246 0.946018 0.134049
v -0.016648 0.988245 0.351977
v 0.000000 1.006817 0.317489
v 0.024436 0.951985 0.353400
v 0.348789 0.847691 0.149719
v 0.295651 0.944160 0.133909
v 0.420709 1.217421 -0.274318
v 0.406929 1.261331 -0.312386
v 0.022574 1.000406 0.321678
v 0.381363 0.828916 0.149487
v -0.047877 1.332095 0.090953
v 0.000000 0.990028 0.354866
v 0.000000 1.002013 0.341952
v 0.016211 0.972709 0.358395
v 0.039115 0.979366 0.337985
v 0.401192 1.024855 0.020920
v 0.015521 0.999821 0.340247
v 0.076187 1.239501 0.099500
v -0.048928 1.348144 0.075803
v 0.016648 0.988245 0.351977
v 0.429967 1.254752 -0.287224
v 0.358098 0.936382 0.145531
v 0.409341 1.135984 -0.090741
v 0.372560 0.871051 0.141459
v 0.002218 1.321572 0.087307
v 0.417868 1.229194 -0.209105
v 0.416400 1.281178 -0.291991
v 0.415640 0.935750 0.101364
v 0.287326 1.075661 0.119916
v 0.001806 1.335825 0.069611
v 0.377086 0.915016 0.131935
v 0.380332 1.294973 -0.232852
v 0.076833 1.345651 0.036889
v 0.195604 1.326581 -0.050446
v 0.318921 1.315172 -0.149501
v 0.426067 1.264221 -0.242571
v 0.051000 1.360116 0.081093
v 0.185267 1.237791 0.098987
v 0.051434 1.348044 0.095984
v 0.353743 1.032329 0.134936
v 0.424712 1.243834 -0.124942
v 0.412331 1.145425 -0.006968
v 0.399739 0.960794 0.141907
v 0.421925 1.269856 -0.203989
v 0.190263 1.342311 0.039816
v 0.310923 1.330468 -0.052196
v 0.415336 1.029257 0.081501
v 0.100331 1.348326 0.097868
v 0.432861 1.286453 -0.158891
v 0.395769 1.012868 0.129359
v 0.100611 1.357895 0.084786
v 0.155218 1.312435 0.091358
v 0.401899 1.327810 -0.151024
v 0.156375 1.333963 0.072056
v 0.430700 1.112431 0.069047
v 0.385897 1.053866 0.112261
v 0.370097 1.119390 0.135909
v 0.422625 1.256719 -0.033009
v 0.300802 1.237619 0.101259
v 0.404184 1.097053 0.114208
v 0.297616 1.340950 0.030795
v 0.444357 1.304657 -0.121064
v 0.214238 1.344478 0.098867
v 0.391058 1.340103 -0.054030
v 0.439256 1.330138 -0.127792
v 0.214376 1.364699 0.084062
v 0.430616 1.190512 0.049620
v 0.441618 1.307940 -0.071504
v 0.270420 1.332586 0.093961
v 0.433980 1.338390 -0.076090
v 0.428388 1.138896 0.122718
v 0.266159 1.354613 0.075304
v 0.379401 1.200590 0.124802
v 0.427573 1.178262 0.108921
v 0.380238 1.348107 0.025257
v 0.433167 1.306660 -0.019698
v 0.327239 1.326533 0.087520
v 0.450094 1.265542 0.045256
v 0.325028 1.337445 0.060681
v 0.420196 1.215126 0.095113
v 0.395680 1.276782 0.118659
v 0.382192 1.360928 0.067218
v 0.433888 1.253176 0.096980
v 0.460070 1.320598 0.036264
v 0.390514 1.338925 0.110504
v 0.422441 1.354882 0.065733
v 0.452792 1.297365 0.107949
v -0.042837 0.915718 0.158061
v 0.446222 1.337242 0.091295
v -0.027111 0.948318 0.147205
v 0.042776 0.915778 0.158144
v 0.027118 0.948301 0.147197
v -0.000084 0.981619 0.140126
v 0.044470 0.971715 0.141085
v -0.042422 0.970417 0.141822
v -0.332332 0.565121 -0.120293
v -0.324270 0.573232 -0.115932
v -0.323886 0.565121 0.134471
v -0.316128 0.573232 0.128171
v -0.323339 0.565121 -0.142085
v -0.315940 0.573232 -0.135603
v -0.323574 0.573232 0.119407
v -0.331583 0.565121 0.123666
v -0.323339 0.480182 -0.142631
v -0.331583 0.480124 0.124116
v -0.332332 0.480127 -0.122035
v -0.323886 0.480124 0.134520
v 0.000000 0.573232 -0.137611
v 0.000000 0.565121 -0.142416
v 0.000000 0.480071 -0.142416
v 0.332332 0.565121 -0.120293
v 0.324270 0.573232 -0.115932
v 0.323886 0.565121 0.134471
v 0.316128 0.573232 0.128171
v 0.323339 0.565121 -0.142085
v 0.315940 0.573232 -0.135603
v 0.323574 0.573232 0.119407
v 0.331583 0.565121 0.123666
v 0.323339 0.480182 -0.142631
v 0.331583 0.480124 0.124116
v 0.332332 0.480127 -0.122035
v 0.323886 0.480124 0.134520
v -0.342101 0.353356 0.122752
v -0.337375 0.343569 0.119274
v -0.321317 0.342996 0.135114
v -0.342101 0.353356 -0.131111
v -0.337375 0.343570 -0.127634
v -0.321317 0.342996 -0.143474
v -0.324488 0.352781 -0.150391
v -0.304478 0.480782 0.098091
v -0.291374 0.480788 0.110555
v -0.304575 0.480782 -0.106493
v -0.342304 0.490285 0.123596
v -0.342397 0.490285 -0.131881
v 0.000000 0.353573 0.142031
v 0.000000 0.490287 0.142031
v 0.000000 0.480787 0.110555
v 0.000000 0.343553 0.135881
v 0.000000 0.343553 -0.144241
v 0.000000 0.353573 -0.150391
v 0.000000 0.490287 -0.150391
v 0.000000 0.480787 -0.118957
v 0.342101 0.353356 0.122752
v 0.337375 0.343569 0.119274
v 0.321317 0.342996 0.135114
v 0.324488 0.352781 0.142031
v 0.342101 0.353356 -0.131111
v 0.337375 0.343570 -0.127634
v 0.321317 0.342996 -0.143474
v 0.304478 0.480782 0.098091
v 0.304575 0.480782 -0.106493
v 0.323823 0.490284 0.142348
v 0.342397 0.490285 -0.131881
v -0.004272 0.394209 0.157679
v -0.020627 0.410938 0.158639
v -0.004461 0.390188 0.151676
v -0.047011 0.434053 0.152925
v -0.037962 0.435960 0.160132
v -0.040487 0.454517 0.152670
v -0.018787 0.501934 0.152063
v -0.016069 0.502333 0.158419
v -0.029929 0.479478 0.152398
v -0.024833 0.409021 0.151811
v -0.015434 0.437083 0.164326
v -0.018537 0.459681 0.163328
v -0.008937 0.412284 0.161604
v -0.003348 0.396697 0.144591
v -0.014429 0.411999 0.144348
v -0.003967 0.393382 0.145713
v -0.025410 0.434672 0.144607
v -0.021559 0.454238 0.144692
v -0.009130 0.502108 0.145461
v -0.015191 0.480246 0.145132
v -0.004062 0.526071 0.147643
v 0.000000 0.526603 0.155607
v -0.033408 0.456998 0.159855
v -0.025105 0.479638 0.146349
v -0.015438 0.501900 0.146302
v -0.007036 0.526002 0.147775
v -0.009089 0.502784 0.160836
v -0.025775 0.479886 0.159198
v -0.014795 0.480414 0.162613
v -0.002098 0.502816 0.160575
v -0.005875 0.480866 0.162803
v -0.009134 0.469231 0.163840
v -0.008076 0.526558 0.151023
v -0.007117 0.526566 0.155009
v -0.003424 0.526740 0.156002
v 0.000000 0.437216 0.165211
v 0.000000 0.454788 0.164335
v 0.000000 0.467295 0.163173
v 0.000000 0.480941 0.161196
v 0.000000 0.502700 0.157916
v 0.000000 0.412074 0.162215
v 0.000000 0.391625 0.157876
v 0.000000 0.387147 0.151963
v 0.000000 0.395021 0.144631
v 0.000000 0.411878 0.143828
v 0.000000 0.434689 0.143927
v 0.000000 0.454392 0.144306
v 0.000000 0.480754 0.145024
v 0.000000 0.502161 0.145525
v 0.000000 0.526172 0.147763
v 0.004461 0.390188 0.151676
v 0.024833 0.409021 0.151811
v 0.047011 0.434053 0.152925
v 0.033408 0.456998 0.159855
v 0.040487 0.454517 0.152670
v 0.018787 0.501934 0.152063
v 0.029929 0.479478 0.152398
v 0.025775 0.479886 0.159198
v 0.015434 0.437083 0.164326
v 0.018537 0.459681 0.163328
v 0.008937 0.412284 0.161604
v 0.004272 0.394209 0.157679
v 0.003348 0.396697 0.144591
v 0.014429 0.411999 0.144348
v 0.025410 0.434672 0.144607
v 0.021559 0.454238 0.144692
v 0.009130 0.502108 0.145461
v 0.015191 0.480246 0.145132
v 0.004062 0.526071 0.147643
v 0.037962 0.435960 0.160132
v 0.020627 0.410938 0.158639
v 0.021523 0.410318 0.145820
v 0.040474 0.434362 0.146627
v 0.034786 0.454020 0.146361
v 0.016069 0.502333 0.158419
v 0.009089 0.502784 0.160836
v 0.014795 0.480414 0.162613
v 0.002098 0.502816 0.160575
v 0.005875 0.480866 0.162803
v 0.009134 0.469231 0.163840
v 0.008076 0.526558 0.151023
v 0.007117 0.526566 0.155009
v 0.003424 0.526740 0.156002
v -0.017226 0.524839 0.150683
v -0.015810 0.526942 0.157285
v -0.021593 0.548740 0.153836
v -0.023971 0.547470 0.147447
v -0.024273 0.561708 0.149930
v -0.026163 0.561451 0.144805
v -0.013504 0.549576 0.156635
v -0.010296 0.527681 0.159402
v -0.014561 0.520844 0.150570
v -0.009283 0.519944 0.150232
v -0.009250 0.522591 0.157753
v -0.014021 0.523401 0.156290
v -0.014122 0.545912 0.141792
v -0.010286 0.524786 0.143676
v -0.017271 0.562387 0.144696
v -0.016172 0.562038 0.151409
v -0.009274 0.520772 0.144467
v 0.000000 0.549870 0.157439
v 0.000000 0.527981 0.159729
v 0.000000 0.522638 0.158117
v 0.000000 0.519939 0.149411
v 0.000000 0.520781 0.143542
v 0.000000 0.524893 0.142913
v 0.000000 0.546129 0.141655
v 0.000000 0.561909 0.145274
v 0.000000 0.561585 0.151866
v 0.017226 0.524839 0.150683
v 0.023971 0.547470 0.147447
v 0.015810 0.526942 0.157285
v 0.021593 0.548740 0.153836
v 0.024273 0.561708 0.149930
v 0.010296 0.527681 0.159402
v 0.009283 0.519944 0.150232
v 0.009250 0.522591 0.157753
v 0.014021 0.523401 0.156290
v 0.010286 0.524786 0.143676
v 0.024317 0.559869 0.139909
v 0.014122 0.545912 0.141792
v 0.021666 0.546081 0.142067
v 0.016172 0.562038 0.151409
v 0.017271 0.562387 0.144696
v 0.013504 0.549576 0.156635
v 0.009274 0.520772 0.144467
v -0.100080 0.688998 0.181043
v 0.081314 0.693150 0.181749
v 0.033494 0.694583 0.183556
v -0.006770 0.705001 0.179483
v -0.046778 0.691507 0.185017
v 0.076740 0.719546 0.194519
v -0.096191 0.711214 0.192489
v 0.033220 0.716116 0.191821
v -0.008083 0.716970 0.181611
v -0.048958 0.714203 0.194567
v -0.007689 0.736639 0.167773
v 0.033992 0.738953 0.169110
v -0.050398 0.735951 0.170975
v -0.101737 0.734731 0.171934
v 0.080903 0.739306 0.170602
v -0.134669 0.723762 0.166915
v 0.114436 0.726669 0.170439
v 0.128658 0.753899 0.144116
v 0.087896 0.767337 0.142758
v 0.036039 0.768351 0.138316
v -0.008217 0.765473 0.136606
v -0.053920 0.764718 0.140244
v -0.108549 0.762502 0.143678
v -0.148423 0.750941 0.142230
v -0.166257 0.725915 0.139539
v 0.146898 0.723732 0.143635
v -0.108821 0.672747 0.145780
v 0.089636 0.675413 0.145442
v -0.044554 0.672566 0.149897
v 0.031128 0.676049 0.147345
v -0.005555 0.685543 0.149164
v -0.153900 0.706239 0.141897
v 0.134168 0.705540 0.145416
v -0.016941 0.841345 0.154193
v -0.020438 0.746098 0.163628
v -0.052881 0.745349 0.158998
v -0.085001 0.749503 0.154857
v -0.109297 1.048468 0.205636
v -0.119150 1.050639 0.206601
v -0.127566 1.056431 0.206908
v -0.109103 1.100482 0.199610
v -0.135212 1.074965 0.205524
v -0.133125 1.084880 0.204183
v -0.090701 1.092449 0.198486
v -0.049738 1.233294 0.111982
v -0.046433 1.227534 0.112689
v -0.134707 1.192678 0.107825
v -0.214452 1.231058 0.114137
v -0.209933 1.233455 0.113797
v -0.203421 1.232358 0.113113
v -0.180842 1.183059 0.108818
v -0.190752 1.178453 0.109592
v -0.034629 0.565635 0.142446
v -0.019872 0.577680 0.128987
v -0.400631 0.540494 0.018171
v -0.388481 0.540506 0.021242
v -0.359460 0.540595 -0.014503
v -0.388481 0.540506 -0.050248
v -0.337361 0.582007 -0.014503
v -0.372086 0.699635 -0.014506
v -0.375313 0.699236 -0.014504
v -0.381309 0.697670 -0.014504
v -0.368985 0.699359 -0.014504
v -0.363477 0.698045 -0.014504
v -0.363229 0.540714 0.006095
v -0.379560 0.479134 -0.028930
v -0.379471 0.636650 -0.029367
v -0.379566 0.473737 -0.028930
v -0.382502 0.283881 0.042571
v -0.387019 0.299167 0.023228
v -0.383578 0.283475 -0.034767
v -0.374012 0.244084 -0.000430
v -0.369593 0.242481 -0.033487
v -0.361024 0.226402 -0.006911
v -0.358047 0.225930 -0.023962
v -0.386244 0.264850 -0.003448
v -0.368961 0.228844 0.014147
v -0.370214 0.230766 0.020423
v -0.374534 0.287664 -0.062524
v -0.363149 0.250504 -0.060690
v -0.357415 0.239020 -0.057238
v -0.388352 0.284266 -0.003180
v -0.378374 0.337779 -0.056802
v -0.379854 0.356496 -0.047509
v -0.379367 0.380905 -0.030175
v -0.377257 0.319810 -0.061031
v -0.380670 0.248337 0.027409
v -0.387545 0.267091 0.026410
v -0.388433 0.289866 0.023290
v -0.093400 0.352779 -0.011222
v -0.198455 0.297366 -0.054512
v -0.224630 0.297502 -0.008764
v -0.219104 0.297574 0.015950
v -0.203147 0.297607 0.035651
v -0.166358 0.297342 -0.064334
v -0.160464 0.086377 -0.005362
v -0.160351 0.082340 -0.012089
v -0.165410 0.081042 -0.002318
v -0.163050 0.087415 -0.006601
v -0.162918 0.083905 -0.012493
v -0.167327 0.082800 -0.003941
v -0.166915 0.079608 -0.009800
v -0.164311 0.080136 -0.008167
v -0.158339 0.077214 0.002107
v -0.159028 0.075433 0.002215
v -0.158049 0.074036 0.000389
v -0.163949 0.072590 0.005258
v -0.157572 0.075735 0.003503
v -0.156151 0.073907 0.001022
v -0.163068 0.072861 0.007083
v -0.168487 0.068252 0.009620
v -0.169566 0.069740 0.008329
v -0.169792 0.079833 -0.003642
v -0.168874 0.081177 -0.005139
v -0.169525 0.077930 -0.006321
v -0.157219 0.073009 0.001840
v -0.157430 0.071088 0.001136
v -0.159072 0.079161 -0.004337
v -0.163993 0.076318 -0.001294
v -0.157616 0.079463 -0.003048
v -0.169292 0.071491 0.001229
v -0.156195 0.077636 -0.005530
v -0.163112 0.076589 0.000532
v -0.168531 0.071980 0.003068
v -0.169610 0.073468 0.001777
v -0.191167 0.008718 -0.014608
v -0.163728 0.008800 -0.015192
v -0.163728 0.000536 -0.016830
v -0.191230 0.001136 0.049100
v -0.181653 0.000385 0.082147
v -0.163728 0.000385 0.089306
v -0.163728 0.000405 -0.074484
v -0.136290 0.008718 -0.014608
v -0.129831 0.000417 -0.036005
v -0.163728 0.019332 -0.067313
v -0.139570 0.008338 0.004623
v -0.136227 0.001136 0.049100
v -0.139647 0.000385 0.071280
v -0.155637 0.000385 0.087696
v -0.133727 0.000515 -0.057402
v -0.167788 0.080794 -0.008470
v -0.166716 0.067842 0.016368
v -0.191972 0.058764 0.013827
v -0.194496 0.022468 0.006009
v -0.179407 0.065603 0.015158
v -0.132961 0.022468 0.006009
v -0.148050 0.065603 0.015158
v -0.134730 0.018907 -0.030774
v -0.149612 0.019267 -0.063512
v -0.137095 0.019077 -0.051193
v -0.159668 0.080794 -0.008470
v -0.150749 0.079831 -0.011553
v -0.145876 0.079095 -0.015473
v -0.141780 0.078285 -0.021184
v -0.141937 0.077308 -0.043328
v -0.176511 0.077990 -0.052604
v -0.185639 0.078277 -0.021233
v -0.181568 0.079091 -0.015495
v -0.176707 0.079831 -0.011553
v -0.160700 0.071433 0.002438
v -0.161577 0.065217 0.015734
v -0.160304 0.078335 -0.009677
v -0.196165 0.011086 0.051518
v -0.193670 0.009902 0.074426
v -0.185462 0.009939 0.087044
v -0.131292 0.011086 0.051518
v -0.133786 0.009902 0.074426
v -0.141995 0.009939 0.087044
v -0.130575 0.038872 0.009157
v -0.149184 0.063104 0.014739
v -0.178273 0.063104 0.014739
v -0.165879 0.065217 0.015734
v -0.189981 0.056956 0.013381
v -0.196882 0.038872 0.009157
v -0.146538 0.215237 -0.043223
v -0.182071 0.211367 -0.009020
v -0.189484 0.213348 -0.026526
v -0.149699 0.214963 -0.040210
v -0.164302 0.215694 -0.046393
v -0.178908 0.215014 -0.040632
v -0.178908 0.211642 -0.012094
v -0.164312 0.210918 -0.005965
v -0.149692 0.211592 -0.011674
v -0.143603 0.213271 -0.025883
v -0.147872 0.171455 -0.045966
v -0.149008 0.086192 -0.047963
v -0.164872 0.084189 -0.006597
v -0.164604 0.086443 -0.008766
v -0.161118 0.081818 -0.001795
v -0.167685 0.085030 -0.008528
v -0.166978 0.085733 -0.001140
v -0.163901 0.081975 -0.007043
v -0.168830 0.077449 0.001413
v -0.169748 0.076104 0.002909
v -0.168347 0.075504 0.001715
v -0.157174 0.069280 0.008392
v -0.125976 0.057029 -0.014290
v -0.129628 0.057845 0.006126
v -0.130829 0.071082 -0.020436
v -0.146879 0.080536 -0.012505
v -0.147345 0.081428 -0.015113
v -0.123366 0.057802 -0.015024
v -0.129781 0.059034 0.003034
v -0.145960 0.071464 0.008902
v -0.132764 0.069094 -0.019375
v -0.125297 0.051826 -0.004309
v -0.146587 0.069548 0.006667
v -0.196361 0.067251 -0.007793
v -0.192251 0.063615 0.006842
v -0.175090 0.082795 -0.012060
v -0.188975 0.077026 -0.013983
v -0.198542 0.069150 -0.008171
v -0.201170 0.063694 0.001775
v -0.193768 0.064920 0.008850
v -0.182771 0.070639 0.009140
v -0.164619 0.083447 -0.006789
v -0.163428 0.081972 -0.007044
v -0.163562 0.083178 -0.005398
v -0.175354 0.081696 -0.009264
v -0.174197 0.080313 -0.011286
v -0.187583 0.074581 -0.013136
v -0.198762 0.062477 0.000750
v -0.198602 0.065347 0.001386
v -0.183360 0.071546 0.006474
v -0.170965 0.076329 0.000682
v -0.163888 0.081700 -0.006291
v 0.016941 0.841345 0.154193
v 0.020438 0.746098 0.163628
v 0.017315 0.740549 0.177081
v 0.085001 0.749503 0.154857
v 0.099216 1.050394 0.204229
v 0.118938 1.098692 0.201031
v 0.135212 1.074965 0.205524
v 0.133125 1.084880 0.204183
v 0.090701 1.092449 0.198486
v 0.090714 1.055930 0.202712
v 0.049738 1.233294 0.111982
v 0.069640 1.177272 0.110984
v 0.046433 1.227534 0.112689
v 0.056245 1.232120 0.111039
v 0.123815 1.248994 0.112505
v 0.134707 1.192678 0.107825
v 0.180842 1.183059 0.108818
v 0.190752 1.178453 0.109592
v 0.213331 1.227751 0.113888
v 0.034629 0.565635 0.142446
v 0.090279 0.513109 0.145525
v 0.089702 0.513177 0.132177
v 0.174240 0.577677 0.129519
v 0.019872 0.577680 0.128987
v 0.413080 0.540366 0.004949
v 0.416948 0.540281 -0.014503
v 0.388481 0.540506 0.021242
v 0.338292 0.539508 -0.014503
v 0.349223 0.530804 -0.014503
v 0.363229 0.540714 -0.035101
v 0.359460 0.540595 -0.014503
v 0.388481 0.540506 -0.050248
v 0.340370 0.635822 -0.014503
v 0.347248 0.685882 -0.014503
v 0.354446 0.694385 -0.014503
v 0.372086 0.699635 -0.014506
v 0.381309 0.697670 -0.014504
v 0.379572 0.468999 -0.028930
v 0.379560 0.479134 -0.028930
v 0.375040 0.280175 0.067016
v 0.373378 0.285987 0.072220
v 0.382502 0.283881 0.042571
v 0.383578 0.283475 -0.034767
v 0.358047 0.225930 -0.023962
v 0.361678 0.230920 -0.030472
v 0.386244 0.264850 -0.003448
v 0.389135 0.284416 -0.003244
v 0.368961 0.228844 0.014147
v 0.370214 0.230766 0.020423
v 0.382546 0.283504 -0.034495
v 0.377108 0.266767 -0.032875
v 0.371043 0.268118 -0.062412
v 0.374534 0.287664 -0.062524
v 0.357444 0.232363 -0.045249
v 0.388779 0.284868 -0.003195
v 0.379854 0.356496 -0.047509
v 0.379367 0.380905 -0.030175
v 0.379155 0.245937 -0.002540
v 0.376754 0.305582 -0.062039
v 0.388342 0.293050 0.022918
v 0.377257 0.319810 -0.061031
v 0.387884 0.297150 0.022414
v 0.388433 0.289866 0.023290
v 0.086199 0.300774 -0.011522
v 0.093400 0.352779 -0.011222
v 0.198455 0.297366 -0.054512
v 0.218653 0.297424 -0.033482
v 0.219104 0.297574 0.015950
v 0.203147 0.297607 0.035651
v 0.166919 0.297550 0.046235
v 0.114365 0.297373 0.014881
v 0.114230 0.297340 -0.034059
v 0.135656 0.297340 -0.055184
v 0.166358 0.297342 -0.064334
v 0.160464 0.086377 -0.005362
v 0.165410 0.081042 -0.002318
v 0.162918 0.083905 -0.012493
v 0.167327 0.082800 -0.003941
v 0.164455 0.081845 -0.005223
v 0.166915 0.079608 -0.009800
v 0.164311 0.080136 -0.008167
v 0.159028 0.075433 0.002215
v 0.158049 0.074036 0.000389
v 0.163949 0.072590 0.005258
v 0.157572 0.075735 0.003503
v 0.156151 0.073907 0.001022
v 0.164390 0.074367 0.006225
v 0.163068 0.072861 0.007083
v 0.168487 0.068252 0.009620
v 0.171368 0.077652 -0.005840
v 0.170841 0.078725 -0.007749
v 0.157219 0.073009 0.001840
v 0.159072 0.079161 -0.004337
v 0.169292 0.071491 0.001229
v 0.157616 0.079463 -0.003048
v 0.158384 0.080942 -0.004444
v 0.169610 0.073468 0.001777
v 0.163728 0.008800 -0.015192
v 0.193488 0.000504 -0.016356
v 0.187559 0.005514 0.021077
v 0.191230 0.001136 0.049100
v 0.187809 0.000385 0.071280
v 0.136290 0.008718 -0.014608
v 0.129831 0.000417 -0.036005
v 0.163728 0.000405 -0.074484
v 0.155637 0.000385 0.087696
v 0.148188 0.000451 -0.070427
v 0.188210 0.018318 0.005560
v 0.167788 0.080794 -0.008470
v 0.167495 0.073767 0.003612
v 0.166716 0.067842 0.016368
v 0.191972 0.058764 0.013827
v 0.179407 0.065603 0.015158
v 0.163728 0.019332 -0.067313
v 0.190362 0.019077 -0.051193
v 0.137873 0.018925 -0.013167
v 0.128404 0.038510 0.009320
v 0.135485 0.058764 0.013827
v 0.139246 0.018318 0.005560
v 0.160741 0.067842 0.016368
v 0.137095 0.019077 -0.051193
v 0.166757 0.071433 0.002438
v 0.163741 0.078889 -0.056868
v 0.151009 0.077982 -0.052589
v 0.163728 0.078335 -0.009677
v 0.150749 0.079831 -0.011553
v 0.145876 0.079095 -0.015473
v 0.141937 0.077308 -0.043328
v 0.176511 0.077990 -0.052604
v 0.185521 0.077302 -0.043334
v 0.188092 0.077462 -0.030923
v 0.185639 0.078277 -0.021233
v 0.181568 0.079091 -0.015495
v 0.176707 0.079831 -0.011553
v 0.196165 0.011086 0.051518
v 0.193670 0.009902 0.074426
v 0.174350 0.009955 0.094181
v 0.133786 0.009902 0.074426
v 0.153107 0.009955 0.094181
v 0.130575 0.038872 0.009157
v 0.137475 0.056956 0.013381
v 0.161577 0.065217 0.015734
v 0.165879 0.065217 0.015734
v 0.196882 0.038872 0.009157
v 0.192564 0.024131 0.006052
v 0.149629 0.256728 -0.033251
v 0.149598 0.331255 -0.017625
v 0.149699 0.214963 -0.040210
v 0.139122 0.213265 -0.025794
v 0.164314 0.210524 -0.001564
v 0.146670 0.205711 -0.044436
v 0.182071 0.211367 -0.009020
v 0.164302 0.215694 -0.046393
v 0.185002 0.213342 -0.026484
v 0.164312 0.210918 -0.005965
v 0.143603 0.213271 -0.025883
v 0.147872 0.171455 -0.045966
v 0.161560 0.080581 -0.008944
v 0.161118 0.081818 -0.001795
v 0.164352 0.078954 -0.008513
v 0.164872 0.084189 -0.006597
v 0.165096 0.085176 -0.003340
v 0.163907 0.080186 -0.001362
v 0.163720 0.082639 -0.003510
v 0.163901 0.081975 -0.007043
v 0.158608 0.067847 0.009321
v 0.169748 0.076104 0.002909
v 0.169481 0.074202 0.000230
v 0.168347 0.075504 0.001715
v 0.168830 0.077449 0.001413
v 0.131469 0.056900 0.004172
v 0.147345 0.081428 -0.015113
v 0.145960 0.071464 0.008902
v 0.129628 0.057845 0.006126
v 0.129781 0.059034 0.003034
v 0.163562 0.083178 -0.005398
v 0.146879 0.080536 -0.012505
v 0.132764 0.069094 -0.019375
v 0.124863 0.059257 -0.013052
v 0.125976 0.057029 -0.014290
v 0.125297 0.051826 -0.004309
v 0.156906 0.080829 -0.001775
v 0.146587 0.069548 0.006667
v 0.163888 0.081700 -0.006291
v 0.163558 0.084114 -0.007462
v 0.163428 0.081972 -0.007044
v 0.198542 0.069150 -0.008171
v 0.196361 0.067251 -0.007793
v 0.192251 0.063615 0.006842
v 0.188975 0.077026 -0.013983
v 0.201170 0.063694 0.001775
v 0.193768 0.064920 0.008850
v 0.182771 0.070639 0.009140
v 0.171109 0.078142 0.002509
v 0.164619 0.083447 -0.006789
v 0.175354 0.081696 -0.009264
v 0.174197 0.080313 -0.011286
v 0.188404 0.076239 -0.010724
v 0.187583 0.074581 -0.013136
v 0.196447 0.069437 -0.005802
v 0.198602 0.065347 0.001386
v 0.192895 0.066435 0.006515
v 0.182051 0.068987 0.007018
v 0.172440 0.078464 0.000226
v 0.170965 0.076329 0.000682
v -0.356612 0.615193 -0.153277
v -0.311399 0.570164 -0.123090
v -0.371452 0.669118 -0.168680
v -0.362821 0.747396 -0.169973
v -0.380375 0.788659 -0.188650
v -0.388997 0.939284 -0.226273
v -0.393526 0.977299 -0.236545
v -0.392136 1.021413 -0.224631
v -0.420895 1.126008 -0.274135
v -0.408162 1.196934 -0.288724
v -0.413773 1.252628 -0.312066
v -0.407594 1.273403 -0.313764
v -0.368847 1.277157 -0.322033
v -0.420566 1.287975 -0.290782
v -0.418647 1.286904 -0.247138
v -0.414532 1.289817 -0.207942
v -0.268389 1.271488 -0.325184
v -0.426811 1.309731 -0.168452
v -0.224782 0.901186 0.079238
v -0.439125 1.336175 -0.127814
v -0.230650 0.916288 0.135098
v -0.212462 0.896159 0.137801
v -0.169015 0.861503 0.141196
v -0.103677 1.267294 -0.326460
v -0.068638 0.825205 0.142672
v -0.070950 1.274765 -0.342973
v -0.424410 1.330473 -0.025242
v -0.066855 0.804681 0.199205
v 0.359661 0.710002 -0.165112
v -0.011311 1.254286 -0.315772
v -0.430466 1.342240 0.032563
v 0.357047 0.749691 -0.166421
v 0.055342 1.274804 -0.338904
v 0.375183 0.783769 -0.187739
v 0.003930 0.800688 0.208750
v 0.386128 0.823884 -0.196286
v 0.000012 0.877870 0.175632
v 0.171714 0.866839 0.140275
v 0.000000 0.879161 0.232170
v 0.392964 0.938642 -0.211869
v 0.173759 0.850133 0.159585
v 0.261425 1.269522 -0.326409
v 0.000000 0.892435 0.296482
v 0.225063 0.901676 0.079673
v 0.392116 1.017433 -0.216724
v -0.000005 0.961159 0.144989
v 0.393712 1.054447 -0.233504
v 0.000000 0.918142 0.344421
v 0.408282 1.090548 -0.260915
v 0.229858 0.919318 0.134069
v 0.413424 1.126484 -0.273840
v 0.236535 0.923753 0.133345
v 0.000000 0.942967 0.359222
v 0.000000 0.973309 0.361304
v 0.408006 1.241937 -0.312605
v 0.413126 1.288094 -0.249143
v 0.410520 1.285057 -0.208310
v 0.431188 1.303406 -0.163313
v 0.418858 1.329635 -0.025726
v 0.423288 1.341519 0.027190
v -0.025223 0.887646 0.169728
v 0.024783 0.887756 0.169686
v 0.000316 0.868722 0.013095
v 0.056333 0.873144 0.013104
v -0.230267 0.887955 0.013169
v -0.193347 0.927717 0.013173
v -0.192096 0.830487 0.013148
v 0.190939 0.831856 0.013155
v 0.228061 0.931153 0.013180
v 0.137913 0.895689 0.013141
v 0.000000 0.565121 0.133331
v 0.000000 0.573232 0.128729
v 0.000000 0.480071 0.133470
v -0.324488 0.352781 0.142031
v -0.323885 0.490283 -0.150593
v -0.323823 0.490284 0.142348
v -0.291520 0.480789 -0.119131
v 0.324488 0.352781 -0.150391
v 0.342304 0.490285 0.123596
v 0.291374 0.480788 0.110555
v 0.291520 0.480789 -0.119131
v 0.323885 0.490283 -0.150593
v -0.034786 0.454020 0.146361
v -0.040474 0.434362 0.146627
v -0.021523 0.410318 0.145820
v 0.000000 0.391059 0.145774
v 0.025105 0.479638 0.146349
v 0.015438 0.501900 0.146302
v 0.007036 0.526002 0.147775
v 0.003967 0.393382 0.145713
v -0.015721 0.524621 0.144791
v -0.021666 0.546081 0.142067
v -0.013933 0.521135 0.145303
v -0.016460 0.559526 0.139540
v 0.000000 0.559192 0.140056
v -0.024317 0.559869 0.139909
v 0.026163 0.561451 0.144805
v 0.014561 0.520844 0.150570
v 0.015721 0.524621 0.144791
v 0.013933 0.521135 0.145303
v 0.016460 0.559526 0.139540
vn 0.0792 0.2099 0.9745
vn 0.0810 0.2172 0.9728
vn 0.0798 0.2165 0.9730
vn 0.0658 0.2089 0.9757
vn 0.0550 0.1990 0.9785
vn 0.0526 0.2141 0.9754
vn 0.0266 0.2145 0.9764
vn 0.0480 0.2073 0.9771
vn 0.0555 0.2371 0.9699
vn 0.0408 0.2309 0.9721
vn 0.0667 0.2173 0.9738
vn 0.0695 0.2236 0.9722
vn 0.0821 0.2156 0.9730
vn 0.0685 0.2319 0.9703
vn 0.0680 0.2002 0.9774
vn 0.0274 0.2170 0.9758
vn 0.0381 0.2216 0.9744
vn 0.0397 0.2115 0.9766
vn 0.0255 0.2209 0.9750
vn 0.0249 0.2178 0.9757
vn 0.0289 0.2128 0.9767
vn 0.5596 -0.4818 -0.6743
vn 0.0773 -0.5968 -0.7986
vn 0.1231 -0.1087 -0.9864
vn 0.6571 -0.1016 -0.7469
vn -0.3537 -0.4381 -0.8265
vn -0.4137 -0.0744 -0.9074
vn 0.6741 -0.7184 0.1715
vn 0.9879 -0.0287 0.1525
vn -0.0583 -0.9944 0.0884
vn -0.7474 -0.6633 -0.0380
vn -0.9881 0.0287 -0.1513
vn -0.1326 0.0904 0.9870
vn -0.1440 -0.4310 0.8908
vn 0.3321 -0.3249 0.8855
vn 0.4274 0.0699 0.9013
vn -0.6453 0.0923 0.7584
vn -0.5701 -0.2748 0.7742
vn 0.5248 -0.4362 0.7309
vn 0.5832 -0.7952 0.1660
vn 0.2601 -0.8800 0.3975
vn 0.4731 -0.4549 0.7545
vn -0.0860 0.1942 0.9772
vn 0.2924 0.3822 0.8766
vn 0.8093 -0.1524 0.5673
vn 0.7065 -0.3159 0.6334
vn 0.6538 0.4954 0.5719
vn 0.7487 0.5766 0.3271
vn 0.5461 -0.3859 0.7436
vn 0.8861 -0.2596 0.3839
vn -0.3189 -0.1691 0.9326
vn 0.3671 -0.6324 0.6821
vn 0.3602 -0.7374 0.5714
vn -0.4513 -0.5761 0.6815
vn -0.4880 -0.7350 0.4707
vn -0.5697 0.7323 0.3731
vn -0.1332 0.9272 0.3501
vn -0.2025 0.9790 -0.0246
vn -0.5921 0.8046 -0.0448
vn 0.2257 0.9439 0.2411
vn 0.2932 0.9555 0.0312
vn -0.9057 0.4240 -0.0008
vn -0.8629 0.3223 0.3892
vn -0.9719 -0.1988 0.1261
vn -0.9514 -0.0637 0.3014
vn -0.3815 -0.2861 0.8790
vn -0.6425 -0.2940 0.7077
vn -0.5680 -0.4593 0.6830
vn -0.3942 -0.5396 0.7440
vn -0.8289 0.4650 0.3110
vn -0.7046 0.6591 0.2630
vn -0.7228 0.6870 0.0748
vn -0.8701 0.4821 0.1024
vn -0.5075 -0.7723 0.3820
vn -0.7045 -0.6072 0.3675
vn -0.7337 -0.6645 0.1419
vn -0.5249 -0.8409 0.1315
vn 0.5042 0.8241 0.2582
vn 0.7000 0.6614 0.2693
vn 0.7270 0.6838 0.0624
vn 0.5200 0.8536 0.0308
vn 0.1923 0.4739 0.8593
vn 0.2147 0.7159 0.6643
vn 0.0013 0.7395 0.6732
vn 0.0005 0.4872 0.8733
vn 0.4161 -0.1093 0.9027
vn 0.6832 -0.1370 0.7173
vn 0.7004 0.0630 0.7109
vn 0.4283 0.0835 0.8998
vn -0.4176 0.2708 0.8673
vn -0.6849 0.2650 0.6787
vn -0.7003 0.0664 0.7107
vn -0.4283 0.0835 0.8998
vn -0.1968 0.2828 0.9388
vn -0.0011 0.2915 0.9566
vn -0.1931 0.4721 0.8601
vn 0.1962 -0.1088 0.9745
vn 0.0011 -0.1144 0.9934
vn 0.0010 -0.3169 0.9485
vn 0.1928 -0.3058 0.9324
vn 0.4161 0.2690 0.8686
vn 0.6848 0.2650 0.6788
vn 0.6401 0.4262 0.6392
vn 0.3902 0.4477 0.8045
vn 0.4017 0.6656 0.6290
vn 0.2723 0.9232 0.2711
vn -0.0000 0.9601 0.2796
vn -0.2743 -0.8689 0.4120
vn -0.0000 -0.9041 0.4273
vn -0.0000 -0.5976 0.8018
vn -0.2168 -0.5756 0.7884
vn 0.5096 -0.7743 0.3752
vn 0.7068 -0.6074 0.3627
vn 0.5433 -0.4099 0.7327
vn 0.3953 -0.5309 0.7496
vn 0.8327 0.4591 0.3095
vn 0.5336 0.5537 0.6393
vn 0.8980 0.2733 0.3448
vn 0.9541 0.2710 0.1275
vn 0.8737 0.4758 0.1016
vn -0.8367 -0.3975 0.3768
vn -0.8997 -0.2112 0.3820
vn -0.9564 -0.2453 0.1584
vn -0.8801 -0.4480 0.1570
vn -0.8977 0.2706 0.3479
vn -0.9276 0.0303 0.3723
vn 0.8994 -0.2076 0.3848
vn 0.9276 0.0276 0.3726
vn -0.5067 0.8249 0.2508
vn -0.5433 0.5429 0.6404
vn -0.3954 0.6647 0.6339
vn -0.4141 -0.1067 0.9039
vn -0.6834 -0.1366 0.7171
vn -0.1972 -0.1078 0.9744
vn -0.2026 0.0908 0.9751
vn -0.1940 -0.3070 0.9317
vn -0.0000 0.0926 0.9957
vn -0.2723 0.9232 0.2711
vn -0.2920 0.9556 0.0389
vn -0.5264 0.8493 0.0396
vn -0.2168 0.7164 0.6632
vn -0.0000 0.9991 0.0421
vn 0.6358 -0.3024 0.7102
vn 0.8335 -0.4004 0.3806
vn 0.7278 -0.6691 0.1504
vn 0.8790 -0.4513 0.1541
vn 0.9576 -0.2428 0.1553
vn 0.9895 0.0117 0.1443
vn -0.9553 0.2680 0.1249
vn -0.6401 0.4291 0.6373
vn -0.9895 0.0117 0.1443
vn 0.2168 -0.5757 0.7884
vn 0.2743 -0.8689 0.4120
vn -0.0000 -0.9863 0.1649
vn 0.2952 -0.9428 0.1546
vn 0.5317 -0.8354 0.1396
vn -0.2952 -0.9428 0.1546
vn 0.2920 0.9556 0.0389
vn 0.1977 0.2818 0.9389
vn 0.2026 0.0908 0.9751
vn 0.3903 -0.2905 0.8737
vn -0.3918 0.4466 0.8044
vn 0.5596 0.5579 0.6129
vn 0.7088 0.3297 0.6236
vn 0.9016 0.3865 0.1944
vn 0.6972 0.6928 0.1841
vn 0.3386 0.7158 0.6107
vn 0.4031 0.8974 0.1794
vn 0.0877 0.7667 0.6359
vn 0.0645 0.9754 0.2110
vn -0.1933 0.7318 0.6535
vn -0.3102 0.9275 0.2085
vn -0.4563 0.5908 0.6654
vn -0.6528 0.7303 0.2012
vn -0.6298 0.3611 0.6878
vn -0.8809 0.4239 0.2105
vn -0.6972 0.0792 0.7125
vn -0.9735 0.0473 0.2238
vn -0.6530 -0.2153 0.7261
vn -0.9126 -0.3461 0.2176
vn -0.4901 -0.4654 0.7370
vn -0.6998 -0.6778 0.2254
vn -0.2295 -0.6313 0.7408
vn -0.3606 -0.9045 0.2274
vn 0.0686 -0.6820 0.7281
vn 0.0300 -0.9716 0.2348
vn 0.3476 -0.6265 0.6977
vn 0.4075 -0.8887 0.2101
vn 0.5758 -0.4550 0.6793
vn 0.7202 -0.6596 0.2152
vn 0.7245 -0.2084 0.6570
vn 0.9213 -0.3311 0.2042
vn 0.7695 0.0654 0.6352
vn 0.9812 0.0336 0.1900
vn 0.1590 0.2287 0.9604
vn 0.1189 0.2395 0.9636
vn 0.1114 0.1140 0.9872
vn 0.1491 0.1115 0.9825
vn 0.0702 0.1186 0.9905
vn 0.0689 0.1169 0.9908
vn 0.0684 0.2267 0.9716
vn 0.0236 0.1964 0.9802
vn 0.0157 0.0239 0.9996
vn 0.0636 -0.0025 0.9980
vn 0.1587 -0.0033 0.9873
vn 0.1173 -0.0142 0.9930
vn 0.1892 0.2022 0.9609
vn 0.2141 0.1638 0.9630
vn 0.2259 0.1097 0.9679
vn 0.1936 0.0717 0.9785
vn 0.1838 0.0248 0.9826
vn -0.0176 0.0662 0.9977
vn -0.0298 0.1167 0.9927
vn -0.0051 0.1564 0.9877
vn 0.1472 0.1093 0.9830
vn -0.1298 0.1149 0.9849
vn -0.7367 0.4093 0.5382
vn -0.7670 0.3356 0.5469
vn -0.1495 0.0355 0.9881
vn 0.5787 -0.2789 0.7664
vn 0.5676 -0.2882 0.7712
vn 0.1389 0.6077 0.7819
vn -0.4255 0.6520 0.6276
vn 0.6343 0.1531 0.7578
vn 0.4219 0.9062 0.0281
vn -0.2322 0.9707 -0.0623
vn 0.9078 0.4010 0.1227
vn 0.3890 0.5433 -0.7439
vn -0.2212 0.6599 -0.7181
vn 0.8231 0.0987 -0.5593
vn 0.1943 0.0367 -0.9803
vn -0.5444 0.3578 -0.7587
vn 0.7806 -0.2917 -0.5529
vn 0.1496 -0.0355 -0.9881
vn -0.5675 0.2882 -0.7713
vn 0.7671 -0.3356 -0.5467
vn 0.9056 -0.3970 0.1489
vn 0.8956 -0.4186 0.1506
vn -0.8956 0.4186 -0.1506
vn -0.8592 0.4911 -0.1432
vn -0.0211 0.0314 0.9993
vn -0.7441 -0.0140 0.6679
vn -0.7574 -0.0541 0.6507
vn -0.0000 -0.0829 0.9966
vn 0.7588 -0.0449 0.6498
vn 0.7574 -0.0541 0.6507
vn -0.0237 0.6009 0.7990
vn -0.6071 0.3780 0.6989
vn 0.6293 0.4007 0.6659
vn -0.0022 0.9965 0.0833
vn -0.6542 0.7537 0.0633
vn 0.6549 0.7532 0.0618
vn 0.0186 0.7157 -0.6981
vn -0.6232 0.5036 -0.5984
vn 0.6076 0.4856 -0.6285
vn 0.0189 0.1830 -0.9829
vn -0.7535 0.0648 -0.6543
vn 0.7390 0.0891 -0.6678
vn -0.0000 0.0829 -0.9966
vn -0.7509 0.0548 -0.6582
vn 0.7509 0.0548 -0.6582
vn 0.9999 0.0107 0.0001
vn 1.0000 -0.0000 -0.0000
vn -1.0000 -0.0000 -0.0000
vn -0.9999 0.0143 0.0022
vn 0.0512 0.0238 0.9984
vn -0.6365 -0.2755 0.7204
vn -0.6052 -0.3399 0.7199
vn 0.0973 -0.0421 0.9944
vn 0.7135 0.3600 0.6011
vn 0.7359 0.2834 0.6150
vn -0.1829 0.5204 0.8341
vn -0.6291 0.1414 0.7643
vn 0.3582 0.6483 0.6718
vn -0.4012 0.9127 0.0780
vn -0.8812 0.4597 0.1102
vn 0.1967 0.9803 0.0181
vn -0.3077 0.5986 -0.7396
vn -0.7718 0.2199 -0.5966
vn 0.2338 0.6832 -0.6918
vn -0.1153 0.1165 -0.9865
vn -0.7596 -0.2470 -0.6017
vn 0.5691 0.4350 -0.6978
vn -0.0973 0.0421 -0.9944
vn -0.7349 -0.2829 -0.6163
vn 0.6041 0.3395 -0.7210
vn 0.8569 0.5109 -0.0687
vn 0.9046 0.4205 -0.0707
vn -0.9046 -0.4205 0.0706
vn -0.9266 -0.3672 0.0813
vn 0.0411 -0.7926 0.6084
vn -0.5420 -0.1968 0.8170
vn -0.5745 -0.8184 0.0146
vn 0.0888 -0.9960 0.0005
vn 0.0028 0.4363 0.8998
vn 0.5422 -0.0571 0.8383
vn 0.5392 -0.8405 0.0525
vn 0.6732 0.0016 0.7395
vn 0.0020 0.7643 0.6448
vn -0.7026 -0.0961 0.7050
vn -0.7334 -0.6400 0.2291
vn 0.7066 -0.6058 0.3655
vn -0.0142 0.0085 0.9999
vn -0.0000 0.0090 1.0000
vn -0.0000 0.0089 1.0000
vn -0.0142 0.0084 0.9999
vn -0.0036 0.0131 0.9999
vn -0.0037 0.0137 0.9999
vn -0.0037 0.0136 0.9999
vn -0.0036 0.0130 0.9999
vn -1.0000 0.0087 -0.0000
vn -0.1818 -0.9793 0.0887
vn -0.1230 -0.9742 0.1892
vn -0.4926 -0.3439 0.7994
vn -0.8411 -0.3206 0.4357
vn -0.0085 -0.9821 0.1884
vn -0.0390 -0.3912 0.9195
vn -0.1416 -0.9899 -0.0000
vn -0.9426 -0.3339 -0.0000
vn 0.3713 -0.7177 -0.5891
vn 0.6717 -0.6659 -0.3246
vn 0.0183 -0.7213 -0.6924
vn 0.7823 -0.6229 -0.0000
vn -0.0440 -0.9990 -0.0000
vn 0.0686 -0.9858 0.1531
vn 0.4142 -0.4160 0.8096
vn 0.0955 -0.9944 0.0463
vn 0.7946 -0.4363 0.4223
vn 0.0278 -0.9996 -0.0000
vn 0.9002 -0.4354 -0.0000
vn -0.3547 -0.6912 -0.6296
vn -0.7122 -0.6082 -0.3504
vn -0.8429 -0.5381 -0.0000
vn -0.1042 0.3260 0.9396
vn -0.5625 0.3473 0.7503
vn -0.5613 0.1744 0.8090
vn -0.0773 0.1345 0.9879
vn 0.8890 0.1467 0.4338
vn 0.4583 0.2517 0.8524
vn 0.4651 0.0878 0.8809
vn 0.8956 0.0433 0.4427
vn 0.9952 0.0974 -0.0000
vn 0.9998 0.0182 -0.0000
vn -0.8536 0.3255 0.4067
vn -0.8890 0.1814 0.4204
vn -0.9531 0.3027 -0.0000
vn -0.9859 0.1671 -0.0000
vn -0.2868 0.8543 0.4336
vn -0.4531 0.5911 0.6673
vn -0.0718 0.5967 0.7992
vn -0.0521 0.8618 0.5046
vn -0.4963 0.8300 0.2545
vn -0.7302 0.5661 0.3826
vn -0.5591 0.8291 0.0002
vn -0.8268 0.5625 -0.0000
vn 0.2246 0.8464 0.4828
vn 0.3787 0.5505 0.7440
vn 0.7830 0.4515 0.4278
vn 0.5074 0.8081 0.2993
vn 0.9135 0.4068 -0.0000
vn 0.6054 0.7959 -0.0006
vn -0.1525 0.9656 0.2107
vn -0.0322 0.9703 0.2396
vn -0.0170 0.9999 -0.0000
vn -0.1726 0.9850 -0.0000
vn -0.2869 0.9443 0.1611
vn -0.3214 0.9469 0.0005
vn 0.1060 0.9684 0.2259
vn 0.1459 0.9893 -0.0000
vn 0.2363 0.9444 0.2286
vn 0.3090 0.9510 -0.0014
vn -0.1818 -0.9793 -0.0887
vn -0.8411 -0.3206 -0.4357
vn -0.4926 -0.3439 -0.7994
vn -0.1230 -0.9742 -0.1892
vn -0.0390 -0.3912 -0.9195
vn -0.0085 -0.9821 -0.1884
vn 0.3713 -0.7177 0.5891
vn 0.6717 -0.6659 0.3246
vn 0.0183 -0.7213 0.6924
vn 0.0686 -0.9858 -0.1531
vn 0.4142 -0.4160 -0.8096
vn 0.0955 -0.9944 -0.0463
vn 0.7946 -0.4363 -0.4223
vn -0.3547 -0.6912 0.6296
vn -0.7122 -0.6082 0.3504
vn -0.1042 0.3260 -0.9396
vn -0.0773 0.1345 -0.9879
vn -0.5613 0.1744 -0.8090
vn -0.5625 0.3473 -0.7503
vn 0.8890 0.1467 -0.4338
vn 0.8956 0.0433 -0.4427
vn 0.4651 0.0878 -0.8809
vn 0.4583 0.2517 -0.8524
vn -0.8890 0.1814 -0.4204
vn -0.8536 0.3255 -0.4067
vn -0.2882 0.8558 -0.4295
vn -0.0516 0.8617 -0.5047
vn -0.0718 0.5967 -0.7992
vn -0.4531 0.5911 -0.6673
vn -0.4905 0.8331 -0.2556
vn -0.7302 0.5661 -0.3826
vn 0.2243 0.8466 -0.4826
vn 0.5072 0.8084 -0.2986
vn 0.7830 0.4514 -0.4278
vn 0.3787 0.5504 -0.7440
vn -0.1623 0.9632 -0.2141
vn -0.0307 0.9704 -0.2396
vn -0.2741 0.9358 -0.2218
vn 0.1053 0.9682 -0.2271
vn 0.2394 0.9440 -0.2270
vn -0.0126 0.0762 -0.9970
vn -0.7909 0.0787 -0.6069
vn -0.7691 0.0013 -0.6391
vn 0.0005 0.0009 -1.0000
vn 0.7626 0.0688 -0.6432
vn 0.7689 -0.0018 -0.6394
vn 1.0000 -0.0029 -0.0000
vn 0.9993 0.0344 -0.0110
vn 0.7696 -0.0003 0.6385
vn 0.7854 0.0038 0.6190
vn 0.0293 -0.0361 0.9989
vn 0.0007 0.0042 1.0000
vn -0.7693 0.0039 0.6388
vn -0.7476 0.0069 0.6641
vn -1.0000 0.0012 -0.0006
vn -0.9988 0.0420 0.0233
vn -0.7686 -0.0023 0.6397
vn -0.7686 -0.0009 0.6397
vn 0.0001 -0.0014 1.0000
vn -0.0000 -0.0028 1.0000
vn 0.7686 -0.0021 0.6397
vn 0.7686 -0.0031 0.6397
vn 1.0000 -0.0025 -0.0000
vn 1.0000 -0.0033 -0.0000
vn 0.7686 -0.0022 -0.6397
vn 0.7686 -0.0031 -0.6397
vn 0.0001 -0.0014 -1.0000
vn -0.0000 -0.0028 -1.0000
vn -0.7686 -0.0009 -0.6397
vn -0.7686 -0.0023 -0.6397
vn -1.0000 -0.0008 -0.0000
vn -1.0000 -0.0022 -0.0000
vn -0.7686 0.0004 0.6397
vn -0.0000 -0.0001 1.0000
vn 0.7687 -0.0011 0.6396
vn 1.0000 -0.0017 -0.0000
vn 0.7686 -0.0013 -0.6397
vn -0.0000 -0.0000 -1.0000
vn -0.7687 0.0005 -0.6397
vn -1.0000 0.0006 -0.0000
vn -0.7095 0.2730 -0.6497
vn -0.9754 0.2043 -0.0826
vn -0.7817 0.2480 0.5722
vn 0.7590 0.0497 0.6492
vn 0.9949 0.0945 0.0353
vn 0.7929 0.2321 -0.5634
vn 0.2050 -0.4609 0.8635
vn 0.6292 -0.4204 0.6537
vn 0.5362 -0.0153 0.8440
vn 0.2488 0.0738 0.9657
vn 0.1056 -0.8340 0.5415
vn 0.4265 -0.7964 0.4289
vn -0.2373 -0.3891 0.8901
vn -0.2368 -0.7463 0.6220
vn 0.0020 -0.0766 0.9971
vn 0.7191 0.3291 0.6120
vn 0.2193 0.5197 0.8257
vn 0.9363 -0.2644 0.2312
vn 0.4951 -0.8633 -0.0982
vn -0.0682 -0.9975 0.0202
vn -0.5539 -0.7879 0.2691
vn -0.6955 -0.1991 0.6904
vn -0.3263 0.3619 0.8732
vn 0.7407 0.5406 0.3989
vn 0.1498 0.7369 0.6592
vn -0.4688 0.5648 0.6791
vn 0.9817 -0.1269 -0.1419
vn 0.4405 -0.7309 -0.5214
vn -0.1993 -0.8729 -0.4453
vn -0.7393 -0.6637 -0.1142
vn -0.9195 -0.0241 0.3924
vn 0.1784 0.6277 0.7577
vn -0.5048 0.4906 0.7102
vn 0.7585 0.4391 0.4815
vn 0.9825 -0.1802 -0.0466
vn -0.7256 -0.6613 -0.1903
vn -0.1681 -0.8629 -0.4766
vn -0.9397 -0.0166 0.3415
vn 0.7959 0.2618 0.5460
vn 0.1901 0.5031 0.8431
vn -0.5064 0.4336 0.7454
vn -0.9161 -0.0043 0.4009
vn -0.7493 -0.6299 0.2042
vn 0.9785 -0.1296 0.1606
vn 0.4604 -0.7629 -0.4539
vn 0.1190 -0.9133 0.3895
vn 0.6457 -0.7558 0.1090
vn -0.6521 -0.2616 -0.7116
vn -0.9473 -0.3173 -0.0442
vn -0.9640 -0.2327 -0.1286
vn -0.7312 -0.4472 -0.5152
vn 0.0649 -0.0312 -0.9974
vn 0.0769 0.0288 -0.9966
vn 0.7247 0.1825 -0.6645
vn 0.7753 -0.4720 -0.4196
vn 0.9610 0.2662 0.0745
vn 0.9912 -0.0312 0.1284
vn 0.6487 0.2076 0.7322
vn -0.0512 0.0238 0.9984
vn -0.0527 -0.0429 0.9977
vn 0.6191 0.2443 0.7464
vn -0.7102 -0.2162 0.6699
vn -0.6810 -0.3608 0.6372
vn -0.5463 -0.4030 -0.7343
vn -0.8600 -0.5053 -0.0711
vn 0.1188 -0.0733 -0.9902
vn 0.7431 0.2654 -0.6143
vn 0.9241 0.3663 0.1088
vn 0.7046 0.0983 0.7028
vn 0.1506 -0.2457 0.9576
vn 0.5329 -0.5574 0.6366
vn 0.8026 -0.2332 0.5491
vn -0.4357 -0.6499 0.6227
vn 0.0231 -0.8705 0.4917
vn -0.5523 -0.8319 -0.0536
vn -0.2441 -0.6798 -0.6916
vn 0.2101 -0.8542 -0.4757
vn 0.1052 -0.9936 0.0401
vn 0.3584 -0.3247 -0.8753
vn 0.6336 -0.6268 -0.4535
vn 0.8660 0.0631 -0.4961
vn 0.9315 -0.2451 -0.2689
vn 0.9547 -0.2561 0.1514
vn 0.9749 0.1755 0.1370
vn 0.6891 -0.7134 0.1272
vn -0.7080 -0.1075 0.6980
vn -0.0469 0.0982 0.9941
vn 0.1248 0.1162 0.9854
vn -0.6347 -0.0067 0.7727
vn -0.6730 -0.2152 -0.7076
vn -0.9734 -0.2283 -0.0160
vn -0.9840 -0.1593 0.0803
vn -0.7642 -0.5446 -0.3455
vn 0.0535 -0.0591 -0.9968
vn 0.0649 -0.0400 -0.9971
vn 0.8204 -0.5236 -0.2300
vn 0.7531 0.0389 -0.6567
vn 0.9848 0.1638 0.0584
vn 0.9654 -0.0612 0.2536
vn 0.2278 -0.3007 0.9261
vn -0.3328 -0.6322 0.6997
vn 0.1051 -0.8536 0.5102
vn 0.4920 -0.6561 0.5722
vn -0.5409 -0.8384 0.0675
vn 0.1154 -0.9844 0.1325
vn -0.2761 -0.7341 -0.6203
vn 0.1963 -0.9152 -0.3521
vn 0.3408 -0.4156 -0.8433
vn 0.5603 -0.7417 -0.3687
vn 0.8327 -0.0811 -0.5478
vn 0.8468 -0.4643 -0.2597
vn 0.9980 0.0304 0.0552
vn 0.8823 -0.4599 0.0999
vn 0.5880 -0.7991 0.1255
vn 0.7816 -0.4178 0.4631
vn -0.1888 -0.0264 0.9817
vn 0.5257 0.1296 0.8407
vn 0.6317 -0.3579 0.6876
vn -0.2582 -0.0363 0.9654
vn -0.7875 -0.2438 0.5661
vn -0.8560 -0.4582 0.2396
vn -0.9241 -0.2970 -0.2406
vn -0.9153 -0.2046 -0.3469
vn -0.4801 -0.0947 -0.8721
vn 0.2098 0.0292 -0.9773
vn 0.1911 0.0022 -0.9816
vn -0.4941 -0.1821 -0.8501
vn 0.7969 0.1034 -0.5952
vn 0.7844 0.1831 -0.5926
vn 0.9839 0.1150 0.1367
vn 0.9553 0.2386 0.1746
vn -0.1793 -0.1132 0.9772
vn 0.4959 0.1667 0.8522
vn -0.7659 -0.3886 0.5123
vn -0.8293 -0.4790 -0.2879
vn 0.2875 -0.0373 -0.9570
vn -0.3743 -0.3247 -0.8686
vn 0.8283 0.2311 -0.5104
vn 0.9190 0.2999 0.2559
vn 0.5800 -0.0560 0.8127
vn 0.0055 -0.4047 0.9144
vn 0.3238 -0.7402 0.5893
vn 0.6541 -0.4316 0.6212
vn -0.5089 -0.7198 0.4722
vn -0.0794 -0.9366 0.3413
vn -0.5221 -0.8132 -0.2572
vn 0.0024 -0.9937 -0.1123
vn -0.1321 -0.6180 -0.7750
vn 0.1685 -0.8473 -0.5036
vn 0.4481 -0.3379 -0.8276
vn 0.5515 -0.7117 -0.4351
vn 0.9095 -0.0376 -0.4140
vn 0.8504 -0.4785 -0.2187
vn 0.9597 0.0510 0.2765
vn 0.8555 -0.4687 0.2202
vn 0.5172 -0.8529 0.0704
vn 0.0153 -0.9683 -0.2495
vn -0.3880 -0.9216 -0.0137
vn -0.8252 -0.4963 0.2698
vn -0.1075 0.0259 0.9939
vn 0.3775 -0.9147 0.1445
vn -0.4438 -0.8959 -0.0209
vn -0.4360 -0.8960 -0.0845
vn 0.9476 0.3185 0.0262
vn 0.7335 0.1949 -0.6512
vn 0.1433 0.0967 0.9849
vn -0.6391 -0.0211 0.7689
vn 0.8830 -0.3965 0.2513
vn 0.8995 -0.2659 0.3467
vn 0.8260 -0.5048 0.2506
vn 0.9333 -0.3243 0.1544
vn 0.6817 -0.2855 0.6737
vn 0.3927 -0.8734 0.2881
vn 0.9416 -0.2990 0.1551
vn 0.9724 -0.2067 0.1083
vn 0.8510 -0.4913 0.1854
vn 0.9993 -0.0354 -0.0114
vn 0.7942 0.0777 -0.6026
vn -0.8857 -0.4170 -0.2040
vn -0.8836 -0.1967 -0.4249
vn -0.8459 -0.4638 -0.2635
vn -0.9043 -0.3300 -0.2708
vn -0.9467 -0.2693 -0.1766
vn -0.8817 -0.4522 -0.1346
vn -0.8758 -0.4614 -0.1417
vn -0.9190 -0.3941 0.0109
vn -0.9652 -0.1743 0.1947
vn -0.8212 -0.1851 0.5398
vn -0.9683 0.0072 0.2495
vn 0.6750 0.2688 -0.6871
vn 0.7407 0.0932 -0.6654
vn 0.1714 0.1450 -0.9745
vn 0.1320 0.3352 -0.9329
vn 0.9787 0.2052 -0.0116
vn 0.7758 0.3767 -0.5062
vn -0.0172 0.6052 -0.7959
vn 0.0387 0.3600 -0.9321
vn -0.7161 0.4214 -0.5563
vn -0.9449 0.3101 -0.1045
vn 0.9276 0.3083 0.2110
vn 0.9807 0.1097 0.1619
vn 0.9978 0.0401 -0.0535
vn 0.9797 0.1919 -0.0571
vn 0.9424 0.1310 -0.3078
vn 0.5208 0.4574 -0.7208
vn 0.8760 0.2680 -0.4010
vn -0.6637 0.6045 0.4405
vn -0.8961 0.3660 0.2509
vn -0.9799 0.1705 0.1038
vn -0.8800 0.3010 0.3674
vn 0.0648 0.5195 -0.8520
vn -0.4770 0.3005 -0.8259
vn -0.4258 0.5284 -0.7345
vn -0.8051 0.3666 -0.4662
vn -0.8819 0.1605 -0.4433
vn -0.7649 0.3878 0.5143
vn -0.0202 0.7165 0.6973
vn 0.0106 0.2037 0.9790
vn 0.1216 -0.0964 -0.9879
vn -0.5883 -0.3899 -0.7084
vn -0.8761 -0.4819 0.0134
vn -0.6130 -0.3308 0.7176
vn 0.0137 -0.0436 0.9990
vn -0.9931 -0.0888 -0.0769
vn -0.9496 -0.1564 -0.2718
vn -0.8439 -0.0602 -0.5331
vn -0.4501 0.0055 -0.8930
vn -0.4635 -0.0552 -0.8844
vn 0.1865 0.0526 -0.9811
vn 0.2166 0.0436 -0.9753
vn 0.7575 0.0425 -0.6514
vn 0.9846 -0.0166 -0.1741
vn 0.6780 -0.0395 0.7340
vn 0.7329 -0.5308 0.4255
vn 0.1630 -0.1971 0.9667
vn -0.4654 0.1397 -0.8740
vn -0.9018 0.0526 -0.4289
vn 0.8447 0.3731 0.3838
vn 0.7248 0.4727 0.5012
vn 0.5133 0.6582 0.5507
vn 0.0282 0.7171 0.6964
vn -0.9974 0.0395 0.0598
vn -0.9719 0.0157 0.2347
vn 0.9829 -0.1837 0.0116
vn 0.9770 -0.1874 0.1019
vn 0.9820 -0.0503 -0.1821
vn 0.7601 -0.0358 0.6489
vn 0.6396 0.2211 0.7363
vn 0.6576 0.2250 0.7190
vn 0.6443 0.1733 0.7449
vn -0.9728 -0.1539 -0.1729
vn -0.9880 -0.0109 -0.1540
vn -0.9855 0.1083 -0.1308
vn -0.9630 0.2458 -0.1105
vn 0.9842 -0.1415 0.1069
vn -0.4940 0.5574 0.6672
vn -0.8265 -0.5629 -0.0052
vn -0.7284 -0.5575 -0.3982
vn 0.0693 -0.9968 0.0401
vn 0.0838 -0.9965 0.0053
vn -0.7470 -0.5584 0.3608
vn 0.0747 -0.9967 -0.0311
vn -0.4697 -0.5421 0.6968
vn 0.0419 -0.9979 -0.0499
vn 0.0042 -0.5400 0.8416
vn -0.0010 -0.9979 -0.0654
vn 0.4220 -0.5512 0.7198
vn -0.0427 -0.9971 -0.0632
vn 0.7302 -0.5430 0.4148
vn -0.0572 -0.9981 -0.0240
vn 0.8334 -0.5527 -0.0020
vn -0.0702 -0.9975 0.0027
vn 0.7318 -0.5440 -0.4106
vn -0.0555 -0.9980 0.0310
vn 0.4255 -0.5521 -0.7170
vn -0.0383 -0.9972 0.0645
vn -0.0006 -0.5478 -0.8366
vn 0.0010 -0.9975 0.0714
vn -0.4340 -0.5578 -0.7075
vn 0.0434 -0.9966 0.0695
vn -0.8913 0.1318 0.4337
vn -0.9916 0.1293 -0.0046
vn -0.8690 0.1313 -0.4770
vn -0.5186 0.1307 -0.8450
vn -0.0031 0.1359 -0.9907
vn 0.5028 0.1389 -0.8532
vn 0.8610 0.1412 -0.4887
vn 0.9905 0.1372 -0.0023
vn 0.8578 0.1343 0.4961
vn 0.4993 0.1294 0.8567
vn 0.0065 0.1320 0.9912
vn -0.5478 0.1340 0.8258
vn 0.0007 -0.9999 -0.0123
vn 0.7890 0.3985 0.4676
vn 0.0264 -0.9880 -0.1521
vn 0.0172 -0.3546 0.9348
vn 0.8026 -0.2158 -0.5562
vn 0.0265 -0.4079 0.9126
vn 0.8132 -0.1624 -0.5588
vn 0.0588 -0.9932 -0.1006
vn 0.7960 0.4282 0.4277
vn -0.3731 0.4975 -0.7832
vn -0.3917 0.9163 -0.0839
vn -0.8987 0.3790 0.2206
vn -0.8755 0.0150 -0.4829
vn -0.8978 -0.3957 -0.1932
vn -0.6059 -0.5541 -0.5708
vn 0.0140 0.9780 -0.2080
vn 0.2445 0.8313 -0.4991
vn -0.0886 -0.5211 -0.8489
vn -0.5164 0.8485 0.1155
vn 0.2249 -0.6332 -0.7406
vn -0.6903 0.7108 -0.1348
vn 0.8576 -0.0078 0.5142
vn 0.6968 -0.0329 0.7165
vn 0.6128 -0.2357 0.7543
vn 0.6070 -0.3993 0.6871
vn -0.5976 0.1390 0.7897
vn 0.1323 0.9621 -0.2386
vn -0.3504 0.7806 -0.5176
vn -0.8093 -0.0072 0.5873
vn -0.6824 -0.3860 0.6208
vn 0.5819 0.8091 -0.0823
vn 0.8311 -0.5474 -0.0986
vn 0.4334 -0.6693 -0.6035
vn 0.0295 -0.5695 -0.8215
vn -0.6058 -0.5542 -0.5709
vn 0.0139 0.9780 -0.2080
vn 0.2248 -0.6332 -0.7406
vn 0.6969 -0.0329 0.7164
vn 0.6070 -0.3994 0.6871
vn -0.0015 -0.7752 0.6317
vn -0.5960 -0.5632 0.5723
vn -0.8180 -0.5752 0.0037
vn -0.0005 -1.0000 0.0014
vn -0.6811 -0.7315 -0.0329
vn -0.8420 -0.2252 0.4902
vn -0.0021 -0.7770 0.6296
vn -0.0008 -0.9954 -0.0959
vn -0.1735 -0.8748 0.4523
vn -0.0005 -0.9998 -0.0187
vn -0.0000 -0.8777 0.4792
vn 0.0004 -0.9869 -0.1611
vn -0.5899 -0.7871 -0.1802
vn 0.0003 -0.9955 -0.0947
vn -0.5490 -0.8311 -0.0883
vn -0.4815 -0.8627 0.1546
vn -0.3877 -0.8462 0.3657
vn -0.9739 -0.2024 0.1024
vn -0.9906 -0.1256 0.0545
vn -0.5020 -0.0113 -0.8648
vn -0.0012 -0.0293 -0.9996
vn -0.0016 -0.5151 -0.8572
vn -0.3946 -0.5238 -0.7550
vn -0.8250 -0.5311 -0.1931
vn -0.9253 -0.3727 -0.0697
vn -0.7726 -0.6312 -0.0681
vn -0.6913 -0.6828 0.2365
vn -0.5063 -0.6947 0.5110
vn -0.2752 -0.6995 0.6596
vn -0.0000 -0.7134 0.7008
vn -0.8933 -0.0352 -0.4480
vn -0.7339 -0.5223 -0.4342
vn -0.0005 -1.0000 0.0013
vn 0.8240 -0.5664 -0.0141
vn 0.5901 -0.5682 0.5735
vn 0.8330 -0.2064 0.5133
vn 0.7057 -0.7081 -0.0237
vn 0.1831 -0.8719 0.4543
vn 0.6120 -0.7694 -0.1829
vn 0.5634 -0.8204 -0.0974
vn 0.4900 -0.8611 0.1354
vn 0.3714 -0.8477 0.3789
vn 0.9906 -0.1289 0.0458
vn 0.9682 -0.2194 0.1202
vn 0.5030 -0.0103 -0.8642
vn 0.3958 -0.5247 -0.7537
vn 0.9248 -0.3791 -0.0324
vn 0.8199 -0.5264 -0.2250
vn 0.7616 -0.6440 -0.0725
vn 0.6961 -0.6818 0.2249
vn 0.4988 -0.6948 0.5181
vn 0.2781 -0.7032 0.6543
vn 0.7421 -0.5176 -0.4260
vn 0.8976 -0.0485 -0.4381
vn -0.7320 0.5878 -0.3445
vn -0.8887 0.1895 -0.4174
vn -0.9818 0.1858 -0.0388
vn -0.8156 0.5786 -0.0049
vn -0.8704 -0.2156 -0.4425
vn -0.9617 -0.2660 -0.0667
vn -0.9661 -0.2413 0.0912
vn -0.7055 -0.0864 0.7034
vn -0.5520 0.2752 0.7871
vn -0.9367 0.2602 0.2344
vn -0.7286 0.6472 0.2240
vn -0.5394 0.7691 0.3428
vn -0.1715 0.9851 -0.0099
vn -0.2105 0.9774 -0.0196
vn -0.2246 0.9738 -0.0365
vn -0.2152 0.9722 -0.0925
vn 0.0005 0.6827 -0.7307
vn -0.4712 0.6404 -0.6065
vn -0.1581 0.9804 -0.1178
vn 0.0006 0.9869 -0.1613
vn -0.5768 -0.6451 0.5011
vn -0.3680 0.8333 0.4126
vn 0.5098 0.7767 0.3699
vn 0.4619 0.8841 0.0701
vn -0.1429 0.9897 0.0077
vn -0.2579 0.4679 0.8453
vn 0.4309 0.4642 0.7738
vn 0.6008 0.7205 0.3464
vn 0.7551 0.6552 0.0223
vn 0.2209 0.9608 0.1673
vn -0.7167 -0.1706 0.6762
vn -0.6437 0.3553 0.6778
vn -0.6336 -0.4413 0.6355
vn -0.3242 0.7039 0.6320
vn -0.5749 0.2472 -0.7800
vn 0.0002 0.2698 -0.9629
vn 0.0001 -0.2285 -0.9735
vn -0.5515 -0.2186 -0.8050
vn 0.7314 0.5875 -0.3463
vn 0.8178 0.5754 -0.0059
vn 0.9821 0.1843 -0.0388
vn 0.8885 0.1891 -0.4180
vn 0.9616 -0.2662 -0.0666
vn 0.8703 -0.2158 -0.4426
vn 0.9661 -0.2414 0.0913
vn 0.9367 0.2598 0.2349
vn 0.5540 0.2769 0.7851
vn 0.7071 -0.0880 0.7016
vn 0.5407 0.7674 0.3446
vn 0.7299 0.6449 0.2267
vn 0.2076 0.9780 -0.0181
vn 0.1690 0.9855 -0.0124
vn 0.2240 0.9738 -0.0398
vn 0.2136 0.9724 -0.0940
vn 0.1571 0.9806 -0.1169
vn 0.4705 0.6415 -0.6059
vn 0.5766 -0.6456 0.5007
vn -0.5096 0.7769 0.3697
vn 0.3661 0.8333 0.4141
vn 0.1366 0.9906 0.0079
vn -0.4602 0.8849 0.0722
vn -0.4296 0.4617 0.7761
vn 0.2527 0.4699 0.8458
vn -0.6004 0.7203 0.3474
vn -0.7548 0.6556 0.0217
vn -0.2262 0.9611 0.1586
vn 0.6450 0.3503 0.6792
vn 0.7089 -0.1881 0.6798
vn 0.5883 -0.4642 0.6622
vn 0.3194 0.7097 0.6279
vn 0.5749 0.2481 -0.7797
vn 0.5515 -0.2184 -0.8051
vn -0.0000 0.8881 0.4596
vn -0.0000 0.5025 0.8646
vn -0.0000 0.9999 -0.0123
vn -0.0000 0.9994 -0.0348
vn -0.3844 0.9103 0.1539
vn -0.3881 0.6132 0.6880
vn -0.0000 0.6725 0.7401
vn -0.0000 0.9870 0.1605
vn -0.4173 -0.0294 0.9083
vn -0.0000 -0.0123 0.9999
vn -0.7135 0.4379 0.5469
vn -0.7620 -0.0381 0.6465
vn -0.7571 0.6083 -0.2384
vn -0.7918 0.5822 0.1845
vn -0.3429 0.8825 -0.3219
vn -0.9673 0.0001 0.2537
vn -0.8073 -0.5457 0.2249
vn -0.8261 -0.5543 -0.1013
vn -0.3436 -0.5788 0.7395
vn -0.6231 -0.5670 0.5387
vn -0.0000 -0.5776 0.8163
vn -0.9910 0.0393 -0.1279
vn -0.7920 -0.5428 -0.2794
vn -0.0000 0.9407 -0.3392
vn -0.9332 0.0664 -0.3531
vn -0.6526 0.6079 -0.4523
vn -0.2493 0.8342 -0.4918
vn -0.0033 0.8684 -0.4959
vn 0.3844 0.9103 0.1539
vn 0.3881 0.6132 0.6880
vn 0.4173 -0.0294 0.9083
vn 0.7135 0.4379 0.5469
vn 0.7620 -0.0381 0.6465
vn 0.7572 0.6082 -0.2384
vn 0.3429 0.8825 -0.3219
vn 0.7918 0.5822 0.1845
vn 0.9673 0.0001 0.2537
vn 0.8073 -0.5457 0.2249
vn 0.8258 -0.5545 -0.1029
vn 0.3436 -0.5788 0.7395
vn 0.6231 -0.5670 0.5387
vn 0.9909 0.0392 -0.1285
vn 0.7784 -0.5473 -0.3075
vn 0.9324 0.0645 -0.3556
vn 0.6483 0.6122 -0.4527
vn 0.2515 0.8360 -0.4877
vn -0.6950 0.1321 -0.7067
vn 0.0124 0.1843 -0.9828
vn 0.0125 0.1637 -0.9864
vn -0.6975 0.1166 -0.7070
vn -1.0000 0.0001 -0.0082
vn -1.0000 -0.0019 -0.0033
vn -0.7099 -0.1323 0.6918
vn -0.7074 -0.1196 0.6966
vn -0.0128 -0.1873 0.9822
vn -0.0127 -0.1683 0.9857
vn 0.6994 -0.1343 0.7020
vn 0.6969 -0.1214 0.7068
vn 1.0000 -0.0007 -0.0039
vn 1.0000 -0.0026 0.0009
vn 0.7055 0.1302 -0.6966
vn 0.7080 0.1149 -0.6968
vn -0.6885 0.1485 -0.7099
vn 0.0124 0.2049 -0.9787
vn 0.6992 0.1464 -0.6998
vn 0.9999 0.0029 -0.0166
vn 0.7056 -0.1462 0.6934
vn -0.0129 -0.2061 0.9784
vn -0.7159 -0.1441 0.6832
vn -0.9998 0.0038 -0.0208
vn -0.5474 0.6836 -0.4827
vn -0.4072 0.8515 -0.3303
vn 0.0082 0.8701 -0.4927
vn 0.0100 0.7104 -0.7037
vn 0.4174 0.8479 -0.3270
vn 0.5545 0.6850 -0.4726
vn 0.7829 0.6172 0.0775
vn 0.5922 0.8012 0.0859
vn 0.4216 0.7470 0.5140
vn 0.5442 0.5515 0.6322
vn -0.0068 0.7229 0.6910
vn -0.0094 0.5269 0.8499
vn -0.5514 0.5538 0.6239
vn -0.4291 0.7452 0.5104
vn -0.5912 0.8022 0.0835
vn -0.7839 0.6165 0.0737
vn 0.0123 0.0752 -0.9971
vn -0.6935 0.0445 -0.7191
vn 0.7040 0.0438 -0.7088
vn 0.7003 -0.1146 0.7046
vn 0.9994 -0.0341 -0.0099
vn -0.0126 -0.1466 0.9891
vn -0.9993 -0.0335 -0.0145
vn -0.7108 -0.1128 0.6943
vn 0.7045 0.0096 -0.7097
vn 0.0124 0.0274 -0.9995
vn -0.6939 0.0097 -0.7200
vn -0.9994 -0.0345 -0.0104
vn -0.7089 -0.0785 0.7009
vn -0.0126 -0.0970 0.9952
vn 0.6985 -0.0795 0.7112
vn 0.9994 -0.0346 -0.0060
vn -0.7061 -0.0374 0.7071
vn -0.0126 -0.0451 0.9989
vn -0.0126 -0.0557 0.9984
vn -0.7073 -0.0449 0.7055
vn 0.6956 -0.0379 0.7174
vn 0.6968 -0.0455 0.7158
vn 0.9998 -0.0192 0.0004
vn 0.9998 -0.0192 -0.0016
vn 0.7062 -0.0006 -0.7080
vn 0.7056 0.0068 -0.7085
vn 0.0124 0.0068 -0.9999
vn 0.0124 0.0172 -0.9998
vn -0.6957 -0.0006 -0.7183
vn -0.6951 0.0069 -0.7189
vn -0.9998 -0.0191 -0.0041
vn -0.9998 -0.0190 -0.0060
vn 0.9998 -0.0190 -0.0047
vn 0.7037 -0.0022 -0.7105
vn 0.0124 0.0044 -0.9999
vn -0.6931 -0.0023 -0.7208
vn -0.9998 -0.0190 -0.0089
vn -0.7084 -0.0356 0.7049
vn -0.0127 -0.0426 0.9990
vn 0.6980 -0.0360 0.7152
vn -0.2421 0.5935 0.7675
vn 0.8031 -0.1564 -0.5749
vn 0.3949 0.7132 -0.5791
vn 0.4858 -0.6115 0.6246
vn 0.4096 0.8160 0.4079
vn 0.4209 -0.8465 -0.3260
vn 0.9107 -0.0134 0.4128
vn -0.4122 0.5236 -0.7456
vn -0.3962 -0.8328 -0.3866
vn -0.8993 0.0690 -0.4319
vn -0.8000 0.1168 0.5885
vn -0.3312 -0.7233 0.6059
vn -0.5975 0.1391 0.7897
vn 0.1324 0.9620 -0.2386
vn -0.8093 -0.0072 0.5874
vn -0.6824 -0.3860 0.6207
vn 0.5819 0.8091 -0.0822
vn 0.8310 -0.5474 -0.0986
vn 0.0295 -0.5694 -0.8215
vn 0.0130 0.9126 -0.4087
vn 0.0383 0.7565 -0.6528
vn -0.4576 -0.8313 -0.3155
vn -0.0204 -0.9876 -0.1557
vn -0.6534 -0.6606 -0.3696
vn 0.4846 0.4256 -0.7642
vn -0.6983 -0.6247 -0.3495
vn 0.7939 -0.1975 -0.5751
vn -0.5831 -0.7917 -0.1821
vn 0.8083 -0.5494 0.2118
vn -0.6392 -0.7668 -0.0592
vn 0.4575 -0.1177 0.8814
vn -0.5966 -0.7955 -0.1063
vn -0.0346 0.2776 0.9601
vn -0.4158 -0.8777 -0.2384
vn -0.3640 0.5135 0.7771
vn 0.2279 0.8036 0.5498
vn 0.3685 -0.6717 -0.6427
vn 0.4160 0.2267 0.8807
vn 0.0280 0.1452 0.9890
vn 0.3523 0.3667 0.8610
vn 0.1161 0.6821 0.7220
vn 0.0983 0.9904 0.0973
vn 0.2531 0.7978 -0.5473
vn 0.5513 0.5415 -0.6347
vn 0.6530 0.4779 -0.5875
vn -0.1468 0.5956 -0.7897
vn 0.3513 -0.8518 -0.3887
vn -0.0255 0.7530 -0.6575
vn 0.3791 -0.8062 -0.4542
vn -0.4366 0.5282 -0.7283
vn 0.3251 -0.8469 -0.4208
vn -0.8565 0.2038 -0.4742
vn 0.1848 -0.9442 -0.2725
vn -0.9509 -0.1710 0.2580
vn 0.4134 -0.8977 -0.1524
vn -0.3844 -0.0797 0.9197
vn 0.4650 -0.8579 -0.2185
vn 0.1141 0.2051 0.9721
vn 0.4107 -0.8686 -0.2771
vn 0.3721 0.3936 0.8407
vn -0.2543 0.1856 0.9492
vn -0.0200 0.3497 0.9366
vn 0.3350 0.6039 0.7232
vn 0.2626 0.9553 0.1357
vn -0.1507 0.8714 -0.4669
vn -0.5271 0.6628 -0.5318
vn -0.7040 0.5053 -0.4991
vn -0.0038 0.0136 -0.9999
vn -0.0039 0.0129 -0.9999
vn -0.0039 0.0130 -0.9999
vn -0.0037 0.0137 -0.9999
vn -0.0000 0.0089 -1.0000
vn -0.0000 0.0090 -1.0000
vn -0.0142 0.0085 -0.9999
vn -0.0142 0.0084 -0.9999
vn -0.5596 -0.4818 -0.6743
vn -0.6571 -0.1016 -0.7469
vn -0.1231 -0.1087 -0.9864
vn -0.0773 -0.5968 -0.7986
vn 0.4137 -0.0744 -0.9074
vn 0.3537 -0.4381 -0.8265
vn -0.6741 -0.7184 0.1715
vn -0.9879 -0.0287 0.1525
vn 0.0583 -0.9944 0.0884
vn 0.7474 -0.6633 -0.0380
vn 0.9881 0.0287 -0.1513
vn 0.1326 0.0904 0.9870
vn -0.4274 0.0699 0.9013
vn -0.3321 -0.3249 0.8855
vn 0.1440 -0.4310 0.8908
vn 0.6453 0.0923 0.7584
vn 0.5701 -0.2748 0.7742
vn -0.5248 -0.4362 0.7309
vn -0.4731 -0.4549 0.7545
vn -0.2601 -0.8800 0.3975
vn -0.5832 -0.7952 0.1660
vn 0.0860 0.1942 0.9772
vn -0.2924 0.3822 0.8766
vn -0.7065 -0.3159 0.6334
vn -0.8093 -0.1524 0.5673
vn -0.6538 0.4954 0.5719
vn -0.7487 0.5766 0.3271
vn -0.8861 -0.2596 0.3839
vn -0.5461 -0.3859 0.7436
vn 0.3189 -0.1691 0.9326
vn -0.3602 -0.7374 0.5714
vn -0.3671 -0.6324 0.6821
vn 0.4513 -0.5761 0.6815
vn 0.4880 -0.7350 0.4707
vn 0.5697 0.7323 0.3731
vn 0.5921 0.8046 -0.0448
vn 0.2025 0.9790 -0.0246
vn 0.1332 0.9272 0.3501
vn -0.2932 0.9555 0.0312
vn -0.2257 0.9439 0.2411
vn 0.8629 0.3223 0.3892
vn 0.9057 0.4240 -0.0008
vn 0.9514 -0.0637 0.3014
vn 0.9719 -0.1988 0.1261
vn 0.3815 -0.2861 0.8790
vn 0.3942 -0.5396 0.7440
vn 0.5680 -0.4593 0.6830
vn 0.6425 -0.2940 0.7077
vn 0.8289 0.4650 0.3110
vn 0.8701 0.4821 0.1024
vn 0.7228 0.6870 0.0748
vn 0.7046 0.6591 0.2630
vn 0.5075 -0.7723 0.3820
vn 0.5249 -0.8409 0.1315
vn 0.7337 -0.6645 0.1419
vn 0.7045 -0.6072 0.3675
vn -0.5042 0.8241 0.2582
vn -0.5200 0.8536 0.0308
vn -0.7270 0.6838 0.0624
vn -0.7000 0.6614 0.2693
vn -0.1923 0.4739 0.8593
vn -0.0005 0.4872 0.8733
vn -0.0013 0.7395 0.6732
vn -0.2147 0.7159 0.6643
vn -0.4161 -0.1093 0.9027
vn -0.7004 0.0630 0.7109
vn -0.6832 -0.1370 0.7173
vn 0.4176 0.2708 0.8673
vn 0.7003 0.0664 0.7107
vn 0.6849 0.2650 0.6787
vn 0.1968 0.2828 0.9388
vn 0.1931 0.4721 0.8601
vn 0.0011 0.2915 0.9566
vn -0.1962 -0.1088 0.9745
vn -0.1928 -0.3058 0.9324
vn -0.0010 -0.3169 0.9485
vn -0.0011 -0.1144 0.9934
vn -0.4161 0.2690 0.8686
vn -0.3902 0.4477 0.8045
vn -0.6401 0.4262 0.6392
vn -0.6848 0.2650 0.6788
vn -0.4017 0.6656 0.6290
vn 0.2168 -0.5756 0.7884
vn -0.5096 -0.7743 0.3752
vn -0.3953 -0.5309 0.7496
vn -0.5433 -0.4099 0.7327
vn -0.7068 -0.6074 0.3627
vn -0.8327 0.4591 0.3095
vn -0.5336 0.5537 0.6393
vn -0.8980 0.2733 0.3448
vn -0.8737 0.4758 0.1016
vn -0.9541 0.2710 0.1275
vn 0.8367 -0.3975 0.3768
vn 0.8997 -0.2112 0.3820
vn 0.8801 -0.4480 0.1570
vn 0.9564 -0.2453 0.1584
vn 0.8977 0.2706 0.3479
vn 0.9276 0.0303 0.3723
vn -0.8994 -0.2076 0.3848
vn -0.9276 0.0276 0.3726
vn 0.5067 0.8249 0.2508
vn 0.3954 0.6647 0.6339
vn 0.5433 0.5429 0.6404
vn 0.4141 -0.1067 0.9039
vn 0.6834 -0.1366 0.7171
vn 0.1972 -0.1078 0.9744
vn 0.1940 -0.3070 0.9317
vn 0.5264 0.8493 0.0396
vn 0.2168 0.7164 0.6632
vn -0.6358 -0.3024 0.7102
vn -0.8335 -0.4004 0.3806
vn -0.8790 -0.4513 0.1541
vn -0.7278 -0.6691 0.1504
vn -0.9576 -0.2428 0.1553
vn 0.9553 0.2680 0.1249
vn 0.6401 0.4291 0.6373
vn -0.2168 -0.5757 0.7884
vn -0.5317 -0.8354 0.1396
vn -0.1977 0.2818 0.9389
vn -0.3903 -0.2905 0.8737
vn 0.3918 0.4466 0.8044
vn -0.5596 0.5578 0.6129
vn -0.6972 0.6928 0.1841
vn -0.9016 0.3865 0.1944
vn -0.7088 0.3297 0.6236
vn -0.3386 0.7158 0.6107
vn -0.4031 0.8974 0.1794
vn -0.0877 0.7667 0.6359
vn -0.0645 0.9754 0.2110
vn 0.1933 0.7318 0.6535
vn 0.3102 0.9275 0.2085
vn 0.4563 0.5908 0.6654
vn 0.6528 0.7303 0.2012
vn 0.6298 0.3611 0.6878
vn 0.8809 0.4239 0.2105
vn 0.6972 0.0792 0.7125
vn 0.9735 0.0473 0.2238
vn 0.6530 -0.2153 0.7261
vn 0.9126 -0.3461 0.2176
vn 0.4901 -0.4654 0.7370
vn 0.6998 -0.6778 0.2254
vn 0.2295 -0.6313 0.7408
vn 0.3606 -0.9046 0.2274
vn -0.0686 -0.6820 0.7281
vn -0.0300 -0.9716 0.2348
vn -0.3476 -0.6265 0.6977
vn -0.4075 -0.8887 0.2101
vn -0.5758 -0.4551 0.6793
vn -0.7202 -0.6596 0.2152
vn -0.7245 -0.2084 0.6570
vn -0.9213 -0.3311 0.2042
vn -0.7695 0.0654 0.6352
vn -0.9812 0.0336 0.1900
vn -0.1590 0.2287 0.9604
vn -0.1491 0.1115 0.9825
vn -0.1114 0.1140 0.9872
vn -0.1189 0.2395 0.9636
vn -0.0702 0.1186 0.9905
vn -0.0236 0.1964 0.9802
vn -0.0684 0.2267 0.9716
vn -0.0689 0.1169 0.9908
vn -0.0157 0.0239 0.9996
vn -0.0636 -0.0025 0.9980
vn -0.1587 -0.0033 0.9873
vn -0.1173 -0.0142 0.9930
vn -0.1892 0.2022 0.9609
vn -0.2141 0.1638 0.9630
vn -0.2259 0.1097 0.9679
vn -0.1936 0.0717 0.9785
vn -0.1838 0.0248 0.9826
vn 0.0176 0.0662 0.9977
vn 0.0298 0.1167 0.9927
vn 0.0051 0.1564 0.9877
vn -0.1472 0.1093 0.9830
vn 0.1298 0.1149 0.9849
vn 0.1496 0.0355 0.9881
vn 0.7670 0.3356 0.5469
vn 0.7367 0.4093 0.5382
vn -0.5787 -0.2789 0.7664
vn -0.5676 -0.2882 0.7712
vn -0.1389 0.6077 0.7819
vn 0.4255 0.6520 0.6276
vn -0.6343 0.1531 0.7578
vn -0.4219 0.9062 0.0281
vn 0.2322 0.9707 -0.0623
vn -0.9078 0.4010 0.1227
vn -0.3890 0.5433 -0.7439
vn 0.2212 0.6599 -0.7181
vn -0.8231 0.0987 -0.5593
vn -0.1943 0.0367 -0.9803
vn 0.5444 0.3578 -0.7587
vn -0.7806 -0.2917 -0.5529
vn -0.1496 -0.0355 -0.9881
vn 0.5675 0.2882 -0.7713
vn -0.7671 -0.3356 -0.5467
vn -0.8956 -0.4186 0.1506
vn -0.9056 -0.3970 0.1488
vn 0.8956 0.4186 -0.1506
vn 0.8592 0.4911 -0.1432
vn 0.0211 0.0314 0.9993
vn 0.7441 -0.0140 0.6679
vn -0.7588 -0.0449 0.6498
vn 0.0237 0.6009 0.7990
vn 0.6071 0.3780 0.6989
vn -0.6293 0.4007 0.6659
vn 0.0022 0.9965 0.0833
vn 0.6542 0.7537 0.0633
vn -0.6549 0.7532 0.0618
vn -0.0186 0.7157 -0.6981
vn 0.6232 0.5036 -0.5984
vn -0.6076 0.4856 -0.6285
vn -0.0189 0.1830 -0.9829
vn 0.7535 0.0648 -0.6543
vn -0.7390 0.0891 -0.6678
vn -0.9999 0.0107 0.0001
vn 0.9999 0.0143 0.0022
vn -0.0973 -0.0421 0.9944
vn 0.6052 -0.3399 0.7199
vn 0.6365 -0.2755 0.7204
vn -0.7135 0.3600 0.6011
vn -0.7359 0.2834 0.6150
vn 0.1829 0.5204 0.8341
vn 0.6291 0.1415 0.7643
vn -0.3582 0.6483 0.6719
vn 0.4012 0.9127 0.0780
vn 0.8812 0.4597 0.1102
vn -0.1967 0.9803 0.0181
vn 0.3077 0.5986 -0.7396
vn 0.7718 0.2199 -0.5966
vn -0.2338 0.6832 -0.6918
vn 0.1153 0.1165 -0.9865
vn 0.7596 -0.2470 -0.6017
vn -0.5691 0.4350 -0.6978
vn 0.0973 0.0421 -0.9944
vn 0.7349 -0.2829 -0.6163
vn -0.6041 0.3395 -0.7210
vn -0.9046 0.4205 -0.0707
vn -0.8569 0.5109 -0.0687
vn 0.9046 -0.4205 0.0706
vn 0.9266 -0.3672 0.0813
vn -0.0411 -0.7926 0.6084
vn -0.0888 -0.9960 0.0005
vn 0.5745 -0.8184 0.0146
vn 0.5420 -0.1968 0.8170
vn -0.0028 0.4363 0.8998
vn -0.5422 -0.0571 0.8383
vn -0.5392 -0.8405 0.0525
vn -0.0020 0.7643 0.6448
vn -0.6732 0.0016 0.7395
vn 0.7026 -0.0961 0.7050
vn 0.7334 -0.6400 0.2291
vn -0.7066 -0.6058 0.3655
vn 0.0142 0.0085 0.9999
vn 0.0142 0.0084 0.9999
vn 0.0036 0.0131 0.9999
vn 0.0036 0.0130 0.9999
vn 0.0037 0.0136 0.9999
vn 0.0037 0.0137 0.9999
vn 1.0000 0.0087 -0.0000
vn 0.1818 -0.9793 0.0887
vn 0.8411 -0.3206 0.4357
vn 0.4926 -0.3439 0.7994
vn 0.1230 -0.9742 0.1892
vn 0.0390 -0.3912 0.9195
vn 0.0085 -0.9821 0.1884
vn 0.1416 -0.9899 -0.0000
vn 0.9426 -0.3339 -0.0000
vn -0.3713 -0.7177 -0.5891
vn -0.6717 -0.6659 -0.3246
vn -0.0183 -0.7213 -0.6924
vn -0.7823 -0.6229 -0.0000
vn 0.0440 -0.9990 -0.0000
vn -0.0686 -0.9858 0.1531
vn -0.4142 -0.4160 0.8096
vn -0.0955 -0.9944 0.0463
vn -0.7946 -0.4363 0.4223
vn -0.0278 -0.9996 -0.0000
vn -0.9002 -0.4354 -0.0000
vn 0.3547 -0.6912 -0.6296
vn 0.7122 -0.6082 -0.3504
vn 0.8429 -0.5381 -0.0000
vn 0.1042 0.3260 0.9396
vn 0.0773 0.1345 0.9879
vn 0.5613 0.1744 0.8090
vn 0.5625 0.3473 0.7503
vn -0.8890 0.1467 0.4338
vn -0.8956 0.0433 0.4427
vn -0.4651 0.0878 0.8809
vn -0.4583 0.2517 0.8524
vn -0.9952 0.0974 -0.0000
vn -0.9998 0.0182 -0.0000
vn 0.8890 0.1814 0.4204
vn 0.8536 0.3255 0.4067
vn 0.9859 0.1671 -0.0000
vn 0.9531 0.3027 -0.0000
vn 0.2868 0.8543 0.4336
vn 0.0521 0.8618 0.5046
vn 0.0718 0.5967 0.7992
vn 0.4531 0.5911 0.6673
vn 0.4963 0.8300 0.2545
vn 0.7302 0.5661 0.3826
vn 0.5591 0.8291 0.0002
vn 0.8268 0.5625 -0.0000
vn -0.2246 0.8464 0.4828
vn -0.5074 0.8081 0.2993
vn -0.7830 0.4515 0.4278
vn -0.3787 0.5505 0.7440
vn -0.6054 0.7959 -0.0006
vn -0.9135 0.4068 -0.0000
vn 0.1525 0.9656 0.2107
vn 0.1726 0.9850 -0.0000
vn 0.0170 0.9999 -0.0000
vn 0.0322 0.9703 0.2396
vn 0.2869 0.9443 0.1611
vn 0.3214 0.9469 0.0005
vn -0.1060 0.9684 0.2259
vn -0.1459 0.9893 -0.0000
vn -0.2363 0.9444 0.2286
vn -0.3090 0.9510 -0.0014
vn 0.1818 -0.9793 -0.0887
vn 0.1230 -0.9742 -0.1892
vn 0.4926 -0.3439 -0.7994
vn 0.8411 -0.3206 -0.4357
vn 0.0085 -0.9821 -0.1884
vn 0.0390 -0.3912 -0.9195
vn -0.3713 -0.7176 0.5891
vn -0.6717 -0.6659 0.3246
vn -0.0183 -0.7213 0.6924
vn -0.0686 -0.9858 -0.1531
vn -0.4142 -0.4160 -0.8096
vn -0.0955 -0.9944 -0.0463
vn -0.7946 -0.4363 -0.4223
vn 0.3547 -0.6912 0.6296
vn 0.7122 -0.6082 0.3504
vn 0.1042 0.3260 -0.9396
vn 0.5625 0.3473 -0.7503
vn 0.5613 0.1744 -0.8090
vn 0.0773 0.1345 -0.9879
vn -0.8890 0.1467 -0.4338
vn -0.4583 0.2517 -0.8524
vn -0.4651 0.0878 -0.8809
vn -0.8956 0.0433 -0.4427
vn 0.8536 0.3255 -0.4067
vn 0.8890 0.1814 -0.4204
vn 0.2882 0.8558 -0.4295
vn 0.4531 0.5911 -0.6673
vn 0.0718 0.5967 -0.7992
vn 0.0516 0.8617 -0.5047
vn 0.4905 0.8331 -0.2556
vn 0.7302 0.5661 -0.3826
vn -0.2243 0.8466 -0.4826
vn -0.3787 0.5504 -0.7440
vn -0.7830 0.4514 -0.4278
vn -0.5072 0.8084 -0.2986
vn 0.1623 0.9632 -0.2141
vn 0.0307 0.9704 -0.2396
vn 0.2741 0.9358 -0.2218
vn -0.1053 0.9682 -0.2271
vn -0.2394 0.9440 -0.2270
vn 0.0126 0.0762 -0.9970
vn -0.0005 0.0009 -1.0000
vn 0.7691 0.0013 -0.6391
vn 0.7909 0.0787 -0.6069
vn -0.7626 0.0688 -0.6432
vn -0.7689 -0.0018 -0.6394
vn -0.9993 0.0344 -0.0110
vn -1.0000 -0.0029 -0.0000
vn -0.7854 0.0038 0.6190
vn -0.7696 -0.0003 0.6385
vn -0.0293 -0.0361 0.9989
vn -0.0007 0.0042 1.0000
vn 0.7476 0.0069 0.6641
vn 0.7693 0.0039 0.6388
vn 0.9988 0.0420 0.0233
vn 1.0000 0.0012 -0.0006
vn 0.7686 -0.0023 0.6397
vn -0.0001 -0.0014 1.0000
vn 0.7686 -0.0009 0.6397
vn -0.7686 -0.0031 0.6397
vn -0.7686 -0.0021 0.6397
vn -1.0000 -0.0033 -0.0000
vn -1.0000 -0.0025 -0.0000
vn -0.7686 -0.0031 -0.6397
vn -0.7686 -0.0022 -0.6397
vn -0.0001 -0.0014 -1.0000
vn 0.7686 -0.0023 -0.6397
vn 0.7686 -0.0009 -0.6397
vn 1.0000 -0.0022 -0.0000
vn 1.0000 -0.0008 -0.0000
vn 0.7686 0.0004 0.6397
vn -0.7687 -0.0011 0.6396
vn -1.0000 -0.0017 -0.0000
vn -0.7686 -0.0013 -0.6397
vn 0.7687 0.0005 -0.6397
vn 1.0000 0.0006 -0.0000
vn 0.9754 0.2043 -0.0826
vn 0.7095 0.2730 -0.6497
vn 0.7817 0.2480 0.5722
vn -0.9949 0.0945 0.0353
vn -0.7590 0.0497 0.6492
vn -0.7929 0.2321 -0.5634
vn -0.2050 -0.4609 0.8635
vn -0.2488 0.0738 0.9657
vn -0.5362 -0.0153 0.8440
vn -0.6292 -0.4204 0.6537
vn -0.4265 -0.7964 0.4289
vn -0.1056 -0.8340 0.5415
vn 0.2368 -0.7463 0.6220
vn 0.2373 -0.3891 0.8901
vn -0.0020 -0.0766 0.9971
vn -0.2193 0.5197 0.8257
vn -0.7191 0.3291 0.6120
vn -0.9363 -0.2644 0.2312
vn -0.4951 -0.8633 -0.0982
vn 0.0682 -0.9975 0.0202
vn 0.5539 -0.7879 0.2691
vn 0.6955 -0.1991 0.6904
vn 0.3263 0.3619 0.8732
vn -0.7407 0.5406 0.3989
vn -0.1498 0.7369 0.6592
vn 0.4688 0.5648 0.6791
vn -0.9817 -0.1269 -0.1419
vn -0.4405 -0.7309 -0.5214
vn 0.1993 -0.8729 -0.4453
vn 0.7393 -0.6637 -0.1142
vn 0.9195 -0.0241 0.3924
vn -0.1784 0.6277 0.7577
vn 0.5048 0.4906 0.7102
vn -0.7585 0.4391 0.4815
vn -0.9825 -0.1802 -0.0466
vn 0.1681 -0.8629 -0.4766
vn 0.7256 -0.6613 -0.1903
vn 0.9397 -0.0166 0.3415
vn -0.1901 0.5031 0.8431
vn -0.7959 0.2618 0.5460
vn 0.5064 0.4336 0.7454
vn 0.7493 -0.6299 0.2042
vn 0.9161 -0.0043 0.4009
vn -0.9785 -0.1296 0.1606
vn -0.4604 -0.7629 -0.4539
vn -0.1190 -0.9133 0.3895
vn -0.6457 -0.7558 0.1090
vn 0.6521 -0.2616 -0.7116
vn 0.7312 -0.4472 -0.5152
vn 0.9640 -0.2327 -0.1286
vn 0.9473 -0.3173 -0.0442
vn -0.0649 -0.0312 -0.9974
vn -0.0769 0.0288 -0.9966
vn -0.7247 0.1825 -0.6645
vn -0.7753 -0.4720 -0.4196
vn -0.9610 0.2662 0.0745
vn -0.9912 -0.0312 0.1284
vn -0.6487 0.2076 0.7322
vn -0.6191 0.2443 0.7464
vn 0.0527 -0.0429 0.9977
vn 0.6810 -0.3608 0.6372
vn 0.7102 -0.2162 0.6699
vn 0.8600 -0.5053 -0.0711
vn 0.5463 -0.4030 -0.7343
vn -0.1188 -0.0733 -0.9902
vn -0.7431 0.2654 -0.6143
vn -0.9241 0.3663 0.1088
vn -0.7046 0.0983 0.7028
vn -0.8026 -0.2332 0.5491
vn -0.5329 -0.5574 0.6366
vn -0.1506 -0.2457 0.9576
vn -0.0231 -0.8705 0.4916
vn 0.4357 -0.6499 0.6227
vn 0.5523 -0.8319 -0.0536
vn -0.1052 -0.9936 0.0401
vn -0.2101 -0.8542 -0.4757
vn 0.2441 -0.6798 -0.6916
vn -0.6336 -0.6268 -0.4535
vn -0.3584 -0.3247 -0.8753
vn -0.9315 -0.2451 -0.2689
vn -0.8660 0.0631 -0.4961
vn -0.9547 -0.2561 0.1514
vn -0.9749 0.1755 0.1370
vn -0.6891 -0.7134 0.1272
vn 0.7080 -0.1075 0.6980
vn 0.6347 -0.0067 0.7727
vn -0.1248 0.1162 0.9854
vn 0.0469 0.0982 0.9941
vn 0.6730 -0.2152 -0.7076
vn 0.7642 -0.5446 -0.3455
vn 0.9840 -0.1593 0.0803
vn 0.9734 -0.2283 -0.0160
vn -0.0535 -0.0591 -0.9968
vn -0.0649 -0.0400 -0.9971
vn -0.7531 0.0389 -0.6567
vn -0.8204 -0.5236 -0.2300
vn -0.9848 0.1638 0.0584
vn -0.9654 -0.0612 0.2536
vn -0.2278 -0.3007 0.9261
vn -0.4920 -0.6561 0.5722
vn -0.1051 -0.8536 0.5102
vn 0.3328 -0.6322 0.6997
vn -0.1154 -0.9844 0.1325
vn 0.5409 -0.8384 0.0675
vn -0.1963 -0.9152 -0.3521
vn 0.2761 -0.7341 -0.6203
vn -0.5603 -0.7417 -0.3687
vn -0.3408 -0.4156 -0.8433
vn -0.8468 -0.4643 -0.2597
vn -0.8327 -0.0811 -0.5478
vn -0.8823 -0.4599 0.0999
vn -0.9980 0.0304 0.0552
vn -0.5880 -0.7991 0.1255
vn -0.7816 -0.4178 0.4631
vn 0.1888 -0.0264 0.9817
vn 0.2582 -0.0363 0.9654
vn -0.6317 -0.3579 0.6876
vn -0.5257 0.1296 0.8407
vn 0.7875 -0.2438 0.5661
vn 0.8560 -0.4582 0.2396
vn 0.9241 -0.2970 -0.2406
vn 0.9153 -0.2046 -0.3469
vn 0.4801 -0.0947 -0.8721
vn 0.4941 -0.1821 -0.8501
vn -0.1911 0.0022 -0.9816
vn -0.2098 0.0292 -0.9773
vn -0.7844 0.1831 -0.5926
vn -0.7969 0.1034 -0.5952
vn -0.9553 0.2386 0.1746
vn -0.9839 0.1150 0.1367
vn 0.1793 -0.1132 0.9772
vn -0.4959 0.1667 0.8522
vn 0.7659 -0.3886 0.5123
vn 0.8293 -0.4790 -0.2879
vn -0.2875 -0.0373 -0.9570
vn 0.3743 -0.3247 -0.8686
vn -0.8283 0.2311 -0.5104
vn -0.9190 0.2999 0.2559
vn -0.5800 -0.0560 0.8127
vn -0.6541 -0.4316 0.6212
vn -0.3238 -0.7402 0.5893
vn -0.0055 -0.4047 0.9144
vn 0.0794 -0.9366 0.3413
vn 0.5089 -0.7198 0.4722
vn -0.0024 -0.9937 -0.1123
vn 0.5221 -0.8132 -0.2572
vn -0.1685 -0.8473 -0.5036
vn 0.1321 -0.6180 -0.7750
vn -0.5515 -0.7117 -0.4351
vn -0.4481 -0.3379 -0.8276
vn -0.8504 -0.4785 -0.2187
vn -0.9095 -0.0376 -0.4140
vn -0.8555 -0.4687 0.2202
vn -0.9597 0.0510 0.2765
vn -0.5172 -0.8529 0.0704
vn -0.0153 -0.9683 -0.2495
vn 0.1075 0.0259 0.9939
vn 0.8252 -0.4963 0.2698
vn 0.3880 -0.9216 -0.0137
vn -0.3775 -0.9147 0.1445
vn 0.4438 -0.8959 -0.0209
vn 0.4360 -0.8960 -0.0845
vn -0.7335 0.1949 -0.6512
vn -0.9476 0.3185 0.0262
vn -0.1433 0.0967 0.9849
vn 0.6391 -0.0211 0.7689
vn -0.8830 -0.3965 0.2513
vn -0.9333 -0.3243 0.1544
vn -0.8260 -0.5048 0.2506
vn -0.8995 -0.2659 0.3467
vn -0.6817 -0.2855 0.6737
vn -0.3927 -0.8734 0.2881
vn -0.9724 -0.2067 0.1083
vn -0.9416 -0.2990 0.1551
vn -0.8510 -0.4913 0.1854
vn -0.9993 -0.0354 -0.0114
vn -0.7942 0.0777 -0.6026
vn 0.8836 -0.1967 -0.4249
vn 0.8857 -0.4170 -0.2040
vn 0.8459 -0.4638 -0.2635
vn 0.9043 -0.3300 -0.2708
vn 0.9467 -0.2693 -0.1766
vn 0.8817 -0.4522 -0.1346
vn 0.8758 -0.4614 -0.1417
vn 0.9190 -0.3941 0.0109
vn 0.9652 -0.1743 0.1947
vn 0.9683 0.0072 0.2495
vn 0.8212 -0.1851 0.5398
vn -0.6750 0.2688 -0.6871
vn -0.1320 0.3352 -0.9329
vn -0.1714 0.1450 -0.9745
vn -0.7407 0.0932 -0.6654
vn -0.7758 0.3767 -0.5062
vn -0.9787 0.2052 -0.0116
vn -0.0387 0.3600 -0.9321
vn 0.0172 0.6052 -0.7959
vn 0.9449 0.3101 -0.1045
vn 0.7161 0.4214 -0.5563
vn -0.9276 0.3083 0.2110
vn -0.9797 0.1919 -0.0571
vn -0.9978 0.0401 -0.0535
vn -0.9807 0.1097 0.1619
vn -0.9424 0.1310 -0.3078
vn -0.8760 0.2680 -0.4010
vn -0.5208 0.4574 -0.7208
vn 0.6637 0.6045 0.4405
vn 0.8800 0.3010 0.3674
vn 0.9799 0.1705 0.1038
vn 0.8961 0.3660 0.2509
vn -0.0648 0.5195 -0.8520
vn 0.4258 0.5284 -0.7345
vn 0.4770 0.3005 -0.8259
vn 0.8051 0.3666 -0.4662
vn 0.8819 0.1605 -0.4433
vn 0.7649 0.3878 0.5143
vn -0.0106 0.2037 0.9790
vn 0.0202 0.7165 0.6973
vn -0.1216 -0.0964 -0.9879
vn 0.5883 -0.3899 -0.7084
vn 0.8761 -0.4819 0.0134
vn 0.6130 -0.3308 0.7176
vn -0.0137 -0.0436 0.9990
vn 0.9931 -0.0888 -0.0769
vn 0.9496 -0.1564 -0.2718
vn 0.4635 -0.0552 -0.8844
vn 0.4501 0.0055 -0.8930
vn 0.8439 -0.0602 -0.5331
vn -0.2166 0.0436 -0.9753
vn -0.1865 0.0526 -0.9811
vn -0.7575 0.0425 -0.6514
vn -0.9846 -0.0166 -0.1741
vn -0.1630 -0.1971 0.9667
vn -0.7329 -0.5308 0.4255
vn -0.6780 -0.0395 0.7340
vn 0.4654 0.1397 -0.8740
vn 0.9018 0.0526 -0.4289
vn -0.8447 0.3731 0.3838
vn -0.7248 0.4727 0.5012
vn -0.0282 0.7171 0.6964
vn -0.5133 0.6582 0.5507
vn 0.9974 0.0395 0.0598
vn 0.9719 0.0157 0.2347
vn -0.9829 -0.1837 0.0116
vn -0.9770 -0.1874 0.1019
vn -0.9820 -0.0503 -0.1821
vn -0.7601 -0.0358 0.6489
vn -0.6576 0.2250 0.7190
vn -0.6396 0.2211 0.7363
vn -0.6443 0.1733 0.7449
vn 0.9728 -0.1539 -0.1729
vn 0.9880 -0.0109 -0.1540
vn 0.9855 0.1083 -0.1308
vn 0.9630 0.2458 -0.1105
vn -0.9842 -0.1415 0.1069
vn 0.4940 0.5574 0.6672
vn 0.8265 -0.5629 -0.0052
vn -0.0838 -0.9965 0.0053
vn -0.0693 -0.9968 0.0401
vn 0.7284 -0.5575 -0.3982
vn 0.7470 -0.5584 0.3608
vn -0.0747 -0.9967 -0.0311
vn 0.4697 -0.5421 0.6968
vn -0.0419 -0.9979 -0.0499
vn -0.0042 -0.5400 0.8416
vn 0.0010 -0.9979 -0.0654
vn -0.4220 -0.5512 0.7198
vn 0.0427 -0.9971 -0.0632
vn -0.7302 -0.5430 0.4148
vn 0.0572 -0.9981 -0.0240
vn -0.8334 -0.5527 -0.0020
vn 0.0702 -0.9975 0.0027
vn -0.7318 -0.5440 -0.4106
vn 0.0555 -0.9980 0.0310
vn -0.4255 -0.5521 -0.7170
vn 0.0383 -0.9972 0.0645
vn 0.0006 -0.5478 -0.8366
vn -0.0010 -0.9975 0.0714
vn 0.4340 -0.5578 -0.7075
vn -0.0434 -0.9966 0.0695
vn 0.8913 0.1318 0.4337
vn 0.9916 0.1293 -0.0046
vn 0.8690 0.1313 -0.4770
vn 0.5186 0.1307 -0.8450
vn 0.0031 0.1359 -0.9907
vn -0.5028 0.1389 -0.8532
vn -0.8610 0.1412 -0.4887
vn -0.9905 0.1372 -0.0023
vn -0.8578 0.1343 0.4961
vn -0.4993 0.1294 0.8567
vn -0.0065 0.1320 0.9912
vn 0.5478 0.1340 0.8258
vn -0.0007 -0.9999 -0.0123
vn -0.7890 0.3985 0.4676
vn -0.8026 -0.2158 -0.5562
vn -0.0172 -0.3546 0.9348
vn -0.0264 -0.9880 -0.1521
vn -0.0265 -0.4079 0.9126
vn -0.8132 -0.1624 -0.5588
vn -0.0588 -0.9932 -0.1006
vn -0.7960 0.4282 0.4277
vn 0.3731 0.4975 -0.7832
vn 0.3917 0.9163 -0.0839
vn 0.8987 0.3790 0.2205
vn 0.8755 0.0150 -0.4829
vn 0.8978 -0.3957 -0.1932
vn -0.2445 0.8313 -0.4991
vn -0.0140 0.9780 -0.2080
vn 0.6059 -0.5541 -0.5708
vn 0.0886 -0.5211 -0.8489
vn 0.5164 0.8485 0.1155
vn -0.2249 -0.6332 -0.7406
vn 0.6903 0.7108 -0.1348
vn -0.8576 -0.0078 0.5142
vn -0.6968 -0.0329 0.7165
vn -0.6128 -0.2357 0.7543
vn -0.6070 -0.3993 0.6871
vn 0.5976 0.1390 0.7897
vn 0.8093 -0.0072 0.5873
vn 0.3504 0.7806 -0.5176
vn -0.1323 0.9621 -0.2386
vn -0.5819 0.8091 -0.0823
vn 0.6824 -0.3860 0.6208
vn -0.8311 -0.5474 -0.0986
vn -0.4334 -0.6693 -0.6035
vn -0.0295 -0.5695 -0.8215
vn -0.0139 0.9780 -0.2080
vn 0.6058 -0.5542 -0.5709
vn -0.2248 -0.6332 -0.7406
vn -0.6969 -0.0329 0.7164
vn -0.6070 -0.3994 0.6871
vn 0.0015 -0.7752 0.6317
vn 0.0005 -1.0000 0.0014
vn 0.8180 -0.5752 0.0037
vn 0.5960 -0.5632 0.5723
vn 0.6811 -0.7315 -0.0329
vn 0.0008 -0.9954 -0.0959
vn 0.0021 -0.7770 0.6296
vn 0.8420 -0.2252 0.4902
vn 0.0005 -0.9998 -0.0187
vn 0.1735 -0.8748 0.4523
vn 0.5899 -0.7871 -0.1802
vn -0.0004 -0.9869 -0.1611
vn 0.5490 -0.8311 -0.0883
vn -0.0003 -0.9955 -0.0947
vn 0.4815 -0.8627 0.1546
vn 0.3877 -0.8462 0.3657
vn 0.9739 -0.2024 0.1024
vn 0.9906 -0.1256 0.0545
vn 0.5020 -0.0113 -0.8648
vn 0.3946 -0.5238 -0.7550
vn 0.0016 -0.5151 -0.8572
vn 0.0012 -0.0293 -0.9996
vn 0.8250 -0.5311 -0.1931
vn 0.9253 -0.3727 -0.0697
vn 0.7726 -0.6312 -0.0681
vn 0.6913 -0.6828 0.2365
vn 0.5063 -0.6947 0.5110
vn 0.2752 -0.6995 0.6596
vn 0.8933 -0.0352 -0.4480
vn 0.7339 -0.5223 -0.4342
vn 0.0005 -1.0000 0.0013
vn -0.8240 -0.5664 -0.0141
vn -0.5901 -0.5682 0.5735
vn -0.8330 -0.2064 0.5133
vn -0.7057 -0.7081 -0.0237
vn -0.1831 -0.8719 0.4543
vn -0.6120 -0.7694 -0.1829
vn -0.5634 -0.8204 -0.0974
vn -0.4900 -0.8611 0.1354
vn -0.3714 -0.8477 0.3789
vn -0.9682 -0.2194 0.1202
vn -0.9906 -0.1289 0.0458
vn -0.3958 -0.5247 -0.7537
vn -0.5030 -0.0103 -0.8642
vn -0.9248 -0.3791 -0.0324
vn -0.8199 -0.5264 -0.2250
vn -0.7616 -0.6440 -0.0725
vn -0.6961 -0.6818 0.2249
vn -0.4988 -0.6948 0.5181
vn -0.2781 -0.7032 0.6543
vn -0.8976 -0.0485 -0.4381
vn -0.7421 -0.5176 -0.4260
vn 0.7320 0.5878 -0.3445
vn 0.8156 0.5786 -0.0049
vn 0.9818 0.1858 -0.0388
vn 0.8887 0.1895 -0.4174
vn 0.9617 -0.2660 -0.0667
vn 0.8704 -0.2156 -0.4425
vn 0.9661 -0.2413 0.0912
vn 0.9367 0.2602 0.2344
vn 0.5520 0.2752 0.7871
vn 0.7055 -0.0864 0.7034
vn 0.7286 0.6472 0.2240
vn 0.2105 0.9774 -0.0196
vn 0.1715 0.9851 -0.0099
vn 0.5394 0.7691 0.3428
vn 0.2152 0.9722 -0.0925
vn 0.2246 0.9738 -0.0365
vn -0.0005 0.6827 -0.7307
vn -0.0006 0.9869 -0.1613
vn 0.1581 0.9804 -0.1178
vn 0.4712 0.6404 -0.6065
vn 0.5768 -0.6451 0.5011
vn 0.3680 0.8333 0.4126
vn 0.1429 0.9897 0.0077
vn -0.4619 0.8841 0.0701
vn -0.5098 0.7767 0.3699
vn -0.4309 0.4642 0.7738
vn 0.2579 0.4679 0.8453
vn -0.7551 0.6552 0.0223
vn -0.6008 0.7205 0.3464
vn -0.2209 0.9608 0.1673
vn 0.6437 0.3553 0.6778
vn 0.7167 -0.1706 0.6762
vn 0.6336 -0.4413 0.6355
vn 0.3242 0.7039 0.6320
vn 0.5749 0.2472 -0.7800
vn -0.0002 0.2698 -0.9629
vn 0.5515 -0.2186 -0.8050
vn -0.0001 -0.2285 -0.9735
vn -0.7314 0.5875 -0.3463
vn -0.8885 0.1891 -0.4180
vn -0.9821 0.1843 -0.0388
vn -0.8178 0.5754 -0.0059
vn -0.8703 -0.2158 -0.4426
vn -0.9616 -0.2662 -0.0666
vn -0.9661 -0.2414 0.0913
vn -0.7071 -0.0880 0.7016
vn -0.5540 0.2769 0.7851
vn -0.9367 0.2598 0.2349
vn -0.5407 0.7674 0.3446
vn -0.1690 0.9855 -0.0124
vn -0.2076 0.9780 -0.0181
vn -0.7299 0.6449 0.2267
vn -0.2240 0.9738 -0.0398
vn -0.2136 0.9724 -0.0940
vn -0.1571 0.9806 -0.1169
vn -0.4705 0.6415 -0.6059
vn -0.5766 -0.6456 0.5007
vn 0.5096 0.7769 0.3697
vn 0.4602 0.8849 0.0722
vn -0.1366 0.9906 0.0079
vn -0.3661 0.8333 0.4141
vn -0.2527 0.4699 0.8458
vn 0.4296 0.4617 0.7761
vn 0.6004 0.7203 0.3474
vn 0.7548 0.6556 0.0217
vn 0.2262 0.9611 0.1586
vn -0.7089 -0.1881 0.6798
vn -0.6450 0.3503 0.6792
vn -0.5883 -0.4642 0.6622
vn -0.3194 0.7097 0.6279
vn -0.5749 0.2481 -0.7797
vn -0.5515 -0.2184 -0.8051
vn 0.7571 0.6083 -0.2384
vn 0.8261 -0.5543 -0.1013
vn 0.9910 0.0393 -0.1279
vn 0.7920 -0.5428 -0.2794
vn 0.9332 0.0664 -0.3531
vn 0.6526 0.6079 -0.4523
vn 0.2493 0.8342 -0.4918
vn 0.0033 0.8684 -0.4959
vn -0.7572 0.6082 -0.2384
vn -0.8258 -0.5545 -0.1029
vn -0.9909 0.0392 -0.1285
vn -0.7784 -0.5473 -0.3075
vn -0.9324 0.0645 -0.3556
vn -0.6483 0.6122 -0.4527
vn -0.2515 0.8360 -0.4877
vn 0.6950 0.1321 -0.7067
vn 0.6975 0.1166 -0.7070
vn -0.0125 0.1637 -0.9864
vn -0.0124 0.1843 -0.9828
vn 1.0000 0.0001 -0.0082
vn 1.0000 -0.0019 -0.0033
vn 0.7099 -0.1323 0.6918
vn 0.7074 -0.1196 0.6966
vn 0.0128 -0.1873 0.9822
vn 0.0127 -0.1683 0.9857
vn -0.6994 -0.1343 0.7020
vn -0.6969 -0.1214 0.7068
vn -1.0000 -0.0007 -0.0039
vn -1.0000 -0.0026 0.0009
vn -0.7055 0.1302 -0.6966
vn -0.7080 0.1149 -0.6968
vn 0.6885 0.1485 -0.7099
vn -0.0124 0.2049 -0.9787
vn -0.6992 0.1464 -0.6998
vn -0.9999 0.0029 -0.0166
vn -0.7056 -0.1462 0.6934
vn 0.0129 -0.2061 0.9784
vn 0.7159 -0.1441 0.6832
vn 0.9998 0.0038 -0.0208
vn 0.5474 0.6836 -0.4827
vn -0.0100 0.7104 -0.7037
vn -0.0082 0.8701 -0.4927
vn 0.4072 0.8515 -0.3303
vn -0.5545 0.6850 -0.4726
vn -0.4174 0.8479 -0.3270
vn -0.7829 0.6172 0.0775
vn -0.5442 0.5515 0.6322
vn -0.4216 0.7470 0.5140
vn -0.5922 0.8012 0.0859
vn 0.0094 0.5269 0.8499
vn 0.0068 0.7229 0.6910
vn 0.5514 0.5538 0.6239
vn 0.7839 0.6165 0.0737
vn 0.5912 0.8022 0.0835
vn 0.4291 0.7452 0.5104
vn -0.0123 0.0752 -0.9971
vn 0.6935 0.0445 -0.7191
vn -0.7040 0.0438 -0.7088
vn -0.7003 -0.1146 0.7046
vn -0.9994 -0.0341 -0.0099
vn 0.0126 -0.1466 0.9891
vn 0.9993 -0.0335 -0.0145
vn 0.7108 -0.1128 0.6943
vn -0.7045 0.0096 -0.7097
vn -0.0124 0.0274 -0.9995
vn 0.6939 0.0097 -0.7200
vn 0.9994 -0.0345 -0.0104
vn 0.7089 -0.0785 0.7009
vn 0.0126 -0.0970 0.9952
vn -0.6985 -0.0795 0.7112
vn -0.9994 -0.0346 -0.0060
vn 0.7061 -0.0374 0.7071
vn 0.7073 -0.0449 0.7055
vn 0.0126 -0.0557 0.9984
vn 0.0126 -0.0451 0.9989
vn -0.6968 -0.0455 0.7158
vn -0.6956 -0.0379 0.7174
vn -0.9998 -0.0192 -0.0016
vn -0.9998 -0.0192 0.0004
vn -0.7056 0.0068 -0.7085
vn -0.7062 -0.0006 -0.7080
vn -0.0124 0.0172 -0.9998
vn -0.0124 0.0068 -0.9999
vn 0.6951 0.0069 -0.7189
vn 0.6957 -0.0006 -0.7183
vn 0.9998 -0.0190 -0.0060
vn 0.9998 -0.0191 -0.0041
vn -0.9998 -0.0190 -0.0047
vn -0.7037 -0.0022 -0.7105
vn -0.0124 0.0044 -0.9999
vn 0.6931 -0.0023 -0.7208
vn 0.9998 -0.0190 -0.0089
vn 0.7084 -0.0356 0.7049
vn 0.0127 -0.0426 0.9990
vn -0.6980 -0.0360 0.7152
vn 0.2421 0.5935 0.7675
vn -0.4858 -0.6115 0.6246
vn -0.3949 0.7132 -0.5791
vn -0.8031 -0.1564 -0.5749
vn -0.4096 0.8160 0.4079
vn -0.4209 -0.8465 -0.3260
vn -0.9107 -0.0134 0.4128
vn 0.4122 0.5236 -0.7456
vn 0.8993 0.0690 -0.4319
vn 0.3962 -0.8328 -0.3866
vn 0.8000 0.1168 0.5885
vn 0.3312 -0.7233 0.6059
vn 0.5975 0.1391 0.7897
vn 0.8093 -0.0072 0.5874
vn -0.1324 0.9620 -0.2386
vn -0.5819 0.8091 -0.0822
vn 0.6824 -0.3860 0.6207
vn -0.8310 -0.5474 -0.0986
vn -0.0295 -0.5694 -0.8215
vn -0.0130 0.9126 -0.4087
vn 0.0204 -0.9876 -0.1557
vn 0.4576 -0.8313 -0.3155
vn -0.0383 0.7565 -0.6528
vn 0.6534 -0.6606 -0.3696
vn -0.4846 0.4256 -0.7642
vn 0.6983 -0.6247 -0.3495
vn -0.7939 -0.1975 -0.5751
vn 0.5831 -0.7917 -0.1821
vn -0.8083 -0.5494 0.2118
vn 0.6392 -0.7668 -0.0592
vn -0.4575 -0.1177 0.8814
vn 0.5966 -0.7955 -0.1063
vn 0.0346 0.2776 0.9601
vn 0.4158 -0.8777 -0.2384
vn 0.3640 0.5134 0.7771
vn -0.3685 -0.6717 -0.6427
vn -0.2279 0.8036 0.5498
vn -0.4160 0.2267 0.8807
vn -0.0280 0.1452 0.9890
vn -0.3523 0.3667 0.8610
vn -0.1161 0.6821 0.7220
vn -0.0983 0.9904 0.0973
vn -0.2531 0.7978 -0.5473
vn -0.5513 0.5415 -0.6347
vn -0.6530 0.4779 -0.5875
vn 0.1468 0.5956 -0.7897
vn 0.0255 0.7530 -0.6575
vn -0.3513 -0.8518 -0.3887
vn 0.4366 0.5282 -0.7283
vn -0.3791 -0.8062 -0.4542
vn 0.8565 0.2038 -0.4742
vn -0.3251 -0.8469 -0.4208
vn 0.9509 -0.1710 0.2580
vn -0.1848 -0.9442 -0.2725
vn 0.3844 -0.0797 0.9197
vn -0.4134 -0.8977 -0.1524
vn -0.1141 0.2051 0.9721
vn -0.4650 -0.8579 -0.2185
vn -0.3721 0.3936 0.8407
vn -0.4107 -0.8686 -0.2771
vn 0.2543 0.1856 0.9492
vn 0.0200 0.3497 0.9366
vn -0.3350 0.6039 0.7232
vn -0.2626 0.9553 0.1357
vn 0.1507 0.8714 -0.4669
vn 0.5271 0.6628 -0.5318
vn 0.7040 0.5053 -0.4991
vn 0.0038 0.0136 -0.9999
vn 0.0037 0.0137 -0.9999
vn 0.0039 0.0130 -0.9999
vn 0.0039 0.0129 -0.9999
vn 0.0142 0.0084 -0.9999
vn 0.0142 0.0085 -0.9999
vn 0.2462 0.2227 0.9433
vn 0.2520 0.2314 0.9397
vn 0.2500 0.2292 0.9407
vn 0.2296 0.2221 0.9476
vn 0.2293 0.2073 0.9510
vn 0.2311 0.2255 0.9464
vn 0.2116 0.2254 0.9510
vn 0.2259 0.2132 0.9505
vn 0.2350 0.2488 0.9396
vn 0.2249 0.2433 0.9435
vn 0.2405 0.2326 0.9424
vn 0.2417 0.2374 0.9409
vn 0.2529 0.2266 0.9406
vn 0.2426 0.2444 0.9389
vn 0.2372 0.2105 0.9484
vn 0.2132 0.2269 0.9503
vn 0.2244 0.2340 0.9460
vn 0.2240 0.2175 0.9500
vn 0.2127 0.2341 0.9487
vn 0.2105 0.2279 0.9507
vn 0.2168 0.2191 0.9513
vn -0.9232 -0.1730 -0.3433
vn -0.5138 -0.2132 -0.8310
vn -0.4579 -0.6542 -0.6020
vn -0.7004 -0.6879 -0.1904
vn -0.1644 -0.1324 -0.9775
vn -0.1219 -0.7146 -0.6888
vn -0.0047 -1.0000 0.0011
vn 0.0007 -0.9999 -0.0154
vn 0.0016 -0.9999 0.0162
vn -0.6604 -0.7508 -0.0157
vn -0.9950 -0.0963 0.0270
vn 0.0180 -0.9998 -0.0053
vn -0.9206 -0.0180 -0.3901
vn -0.5684 -0.1390 -0.8110
vn -0.1064 -0.0898 -0.9903
vn -0.0458 -0.1427 -0.9887
vn -0.0249 -0.7653 -0.6432
vn -0.0012 -0.9996 0.0299
vn -0.2943 -0.0401 -0.9549
vn 0.0314 -0.9995 0.0098
vn -0.6788 -0.7343 0.0065
vn -0.9425 -0.2216 -0.2502
vn -0.3749 -0.2253 -0.8993
vn -0.9974 -0.0709 0.0081
vn -0.1277 -0.2692 -0.9546
vn -0.9973 -0.0557 0.0486
vn -0.6408 -0.2958 -0.7084
vn -0.9924 -0.0082 -0.1228
vn -0.7908 -0.0951 -0.6047
vn 0.0457 -0.9989 -0.0096
vn -0.6366 -0.7711 0.0091
vn -0.2036 -0.1707 -0.9640
vn -0.0347 -0.1808 -0.9829
vn -0.9933 -0.1125 -0.0257
vn -0.9961 -0.0798 0.0374
vn -0.9977 -0.0646 -0.0201
vn -0.6294 -0.0917 -0.7717
vn -0.0004 -0.7851 -0.6194
vn 0.0003 -0.9989 0.0460
vn -0.0159 -0.2293 -0.9732
vn -0.6641 -0.3102 -0.6803
vn -0.1602 -0.3219 -0.9331
vn 0.0008 -0.1530 -0.9882
vn 0.0291 -0.9995 -0.0107
vn -0.6558 -0.7549 -0.0050
vn -0.9729 -0.1789 -0.1466
vn -0.9882 -0.1524 -0.0114
vn -0.6385 -0.3454 -0.6878
vn 0.0102 -0.9999 0.0065
vn -0.6813 -0.6233 0.3839
vn -0.8401 -0.1449 0.5227
vn -0.9911 -0.0867 -0.1006
vn -0.9886 -0.0587 -0.1384
vn -0.6660 -0.1091 -0.7379
vn -0.1813 -0.1471 -0.9724
vn 0.0109 -0.9996 0.0279
vn -0.2327 -0.6342 0.7373
vn -0.9902 -0.1075 -0.0888
vn -0.1737 -0.0392 0.9840
vn -0.9957 -0.0908 -0.0179
vn -0.7199 -0.1017 -0.6866
vn 0.0018 -0.1658 -0.9862
vn -0.7563 -0.0936 0.6474
vn -0.9950 -0.0970 0.0254
vn -0.9864 -0.1382 0.0884
vn 0.0084 -0.9970 0.0772
vn -0.0223 -0.6761 0.7365
vn -0.9748 -0.2148 -0.0606
vn -0.6793 -0.4040 -0.6127
vn -0.1596 -0.3353 -0.9285
vn -0.0133 -0.2369 -0.9714
vn -0.0524 0.0249 0.9983
vn -0.6738 -0.4508 -0.5855
vn -0.9931 -0.1128 0.0333
vn -0.6956 0.0527 0.7165
vn -0.9982 -0.0553 -0.0227
vn -0.7500 -0.2400 -0.6163
vn -0.0929 -0.2865 -0.9536
vn -0.0154 -0.2796 -0.9600
vn -0.9789 -0.1296 -0.1583
vn -0.5182 0.0416 0.8542
vn -0.6908 -0.1069 -0.7151
vn -0.1290 0.0564 0.9900
vn -0.9940 -0.1079 -0.0163
vn 0.0011 -0.2190 -0.9757
vn -0.6039 -0.3150 -0.7321
vn -0.1023 -0.3782 -0.9201
vn -0.9781 -0.1674 -0.1234
vn 0.0247 -0.7669 -0.6413
vn 0.0016 -0.9991 0.0426
vn -0.9968 -0.0110 0.0792
vn -0.0036 -0.9926 0.1215
vn -0.0189 -0.6624 0.7489
vn 0.0431 -0.1353 -0.9899
vn -0.5983 -0.3729 -0.7092
vn -0.6553 -0.2236 0.7215
vn -0.9796 0.0770 -0.1855
vn -0.5870 -0.0662 -0.8069
vn -0.1281 -0.1871 -0.9739
vn -0.0431 -0.0821 0.9957
vn -0.7397 -0.0388 0.6719
vn -0.9969 -0.0769 0.0182
vn -0.0170 0.0229 0.9996
vn -0.4693 0.3348 -0.8171
vn -0.1268 0.3851 -0.9141
vn -0.0053 -0.3685 -0.9296
vn -0.9916 -0.1296 -0.0045
vn -0.6665 0.6788 -0.3083
vn -0.9804 -0.1328 -0.1458
vn -0.9870 0.0988 0.1266
vn -0.0407 0.0187 0.9990
vn 0.0027 -0.2391 -0.9710
vn 0.0051 -0.2970 -0.9549
vn 0.0330 -0.1812 -0.9829
vn -0.9573 -0.1937 0.2148
vn -0.7000 0.7125 0.0491
vn -0.0560 0.0339 0.9979
vn -0.1135 0.9230 -0.3676
vn -0.6351 0.1584 0.7560
vn 0.0321 0.3652 -0.9304
vn -0.1677 0.9773 -0.1294
vn -0.9572 -0.0032 0.2895
vn -0.9816 -0.1868 -0.0381
vn -0.5948 -0.1048 0.7970
vn 0.0388 0.9348 -0.3530
vn -0.9844 0.1152 -0.1332
vn -0.0276 -0.2930 -0.9557
vn -0.7742 0.5908 -0.2271
vn -0.0993 0.4055 -0.9087
vn -0.0068 0.0518 0.9986
vn -0.9805 -0.1351 -0.1426
vn 0.0033 -0.3932 -0.9194
vn -0.9681 -0.0396 -0.2474
vn 0.0014 -0.2835 -0.9590
vn -0.6555 -0.0108 0.7551
vn -0.1274 0.0210 0.9916
vn 0.0222 -0.4105 -0.9116
vn -0.0095 0.0577 0.9983
vn -0.0131 0.0648 0.9978
vn -0.6940 0.5176 -0.5005
vn 0.1523 -0.7103 -0.6872
vn 0.0088 -0.9995 0.0319
vn -0.0019 -0.9943 0.1066
vn -0.0008 -0.6591 0.7520
vn -0.0000 0.0615 0.9981
vn 0.0123 -0.2252 -0.9742
vn -0.0792 0.4788 -0.8743
vn -0.5543 0.2548 0.7924
vn 0.0379 0.1156 0.9926
vn 0.0431 0.9910 -0.1267
vn 0.9192 0.3541 -0.1725
vn 0.6644 0.6660 -0.3391
vn 0.5630 0.6200 0.5465
vn 0.7749 0.2214 0.5920
vn -0.0365 0.0907 0.9952
vn 0.4168 0.8009 -0.4299
vn 0.3377 0.7889 0.5134
vn -0.9854 -0.1705 0.0024
vn 0.1399 -0.1323 -0.9813
vn -0.9781 -0.1864 -0.0923
vn -0.9967 -0.0237 -0.0781
vn -0.0024 0.9499 -0.3126
vn -0.1457 0.1371 0.9798
vn 0.0004 0.0364 0.9993
vn -0.0061 -0.3981 -0.9173
vn -0.6238 0.7536 -0.2072
vn 0.0043 -0.9917 0.1285
vn 0.0189 -0.6601 0.7510
vn 0.0433 0.9620 -0.2697
vn 0.5758 -0.7821 -0.2382
vn 0.4547 -0.7177 0.5275
vn 0.1796 0.8686 -0.4618
vn 0.1451 0.8384 0.5254
vn 0.0719 -0.3559 -0.9318
vn -0.5596 -0.0280 0.8283
vn -0.9952 0.0831 0.0512
vn 0.4618 -0.6746 -0.5759
vn 0.0071 -0.9999 0.0080
vn 0.1081 0.2684 -0.9572
vn -0.0485 0.1148 0.9922
vn -0.3110 -0.7376 0.5994
vn -0.4685 -0.8273 -0.3100
vn -0.5929 -0.3070 0.7445
vn 0.0983 0.9754 -0.1975
vn -0.9963 -0.0766 -0.0377
vn 0.0613 0.0965 0.9934
vn 0.5572 -0.2096 -0.8035
vn 0.0209 -0.2328 -0.9723
vn -0.0288 0.0613 0.9977
vn -0.1248 0.0447 0.9912
vn 0.6899 -0.6976 -0.1931
vn -0.0065 -0.9998 -0.0207
vn -0.1214 -0.3144 -0.9415
vn -0.0133 0.0305 0.9994
vn -0.0088 0.9963 -0.0856
vn -0.9684 -0.2480 0.0278
vn 0.1190 -0.0708 -0.9904
vn -0.3117 -0.7078 0.6339
vn -0.3523 -0.8094 -0.4699
vn -0.5669 0.8212 0.0655
vn 0.1369 -0.2842 -0.9489
vn 0.7892 0.6129 0.0399
vn 0.6832 0.7178 -0.1344
vn 0.7945 -0.5444 -0.2692
vn 0.0044 0.9981 -0.0621
vn -0.1499 0.3331 -0.9309
vn 0.0066 0.8841 -0.4673
vn 0.0073 0.8385 0.5449
vn -0.7025 -0.0515 0.7098
vn -0.0897 0.1836 0.9789
vn 0.4790 0.8538 -0.2040
vn 0.0152 0.0223 0.9996
vn 0.9576 -0.1309 -0.2567
vn -0.0003 0.0615 0.9981
vn 0.6715 -0.7409 0.0054
vn -0.0091 -0.9999 -0.0068
vn -0.8443 0.2529 0.4725
vn -0.5315 -0.7748 -0.3422
vn -0.0025 0.0562 0.9984
vn 0.1025 0.1816 0.9780
vn 0.3041 0.3364 0.8913
vn 0.6646 0.7191 0.2029
vn 0.5959 0.6008 0.5329
vn 0.3720 0.1250 0.9198
vn -0.7478 -0.5885 0.3073
vn 0.0574 0.2250 0.9727
vn -0.0981 -0.0402 0.9944
vn -0.9471 0.2403 -0.2127
vn -0.4287 -0.8237 -0.3712
vn 0.4130 0.7497 0.5171
vn -0.2869 0.1665 0.9434
vn -0.6074 -0.7726 0.1847
vn 0.6266 -0.0646 -0.7767
vn 0.9977 -0.0660 0.0156
vn -0.3249 -0.0416 0.9448
vn 0.2122 0.9446 -0.2503
vn -0.0085 -0.3999 -0.9165
vn -0.4599 -0.1989 0.8654
vn 0.0375 0.4275 -0.9033
vn -0.5552 0.8300 -0.0534
vn 0.0923 0.9428 -0.3204
vn -0.0447 0.1413 0.9890
vn 0.0317 0.1996 0.9794
vn -0.0444 0.2076 0.9772
vn 0.9642 0.0260 -0.2638
vn -0.9227 0.3720 -0.1007
vn 0.0848 0.9860 -0.1438
vn 0.1823 0.7762 0.6035
vn -0.1719 0.8641 -0.4731
vn -0.1344 0.8343 0.5346
vn -0.7705 0.0545 0.6351
vn 0.6712 -0.7412 0.0122
vn -0.0182 -0.9998 0.0009
vn -0.0261 -0.3355 -0.9417
vn -0.0962 0.2779 0.9558
vn 0.0207 -0.2836 -0.9587
vn -0.6979 -0.2589 0.6678
vn 0.0134 0.9874 -0.1574
vn -0.0920 -0.9088 -0.4070
vn -0.2548 -0.9475 0.1932
vn -0.0546 -0.8845 -0.4633
vn -0.0096 -0.1975 -0.9803
vn -0.2854 -0.1975 0.9378
vn -0.1266 0.1792 0.9756
vn -0.1263 -0.7770 0.6166
vn 0.5018 0.0377 -0.8642
vn -0.0116 -0.9969 0.0778
vn -0.0259 -0.6982 0.7154
vn 0.0323 0.3815 -0.9238
vn -0.0006 0.0511 0.9987
vn -0.0017 0.0598 0.9982
vn 0.0074 -0.7828 0.6223
vn -0.0035 -0.8900 -0.4559
vn -0.0600 0.1978 0.9784
vn 0.0723 0.9878 -0.1382
vn 0.1961 -0.1651 -0.9666
vn -0.4008 0.8741 -0.2745
vn -0.0520 0.9183 -0.3924
vn 0.6071 -0.2319 -0.7600
vn -0.1027 0.4492 0.8875
vn 0.0259 -0.3812 -0.9241
vn 0.6452 -0.7640 0.0068
vn -0.0379 -0.9993 -0.0054
vn -0.7338 -0.0835 0.6742
vn -0.6827 0.5570 0.4729
vn 0.0024 0.9603 -0.2789
vn 0.9971 -0.0744 0.0172
vn -0.0167 0.9800 -0.1985
vn -0.0008 0.2533 0.9674
vn 0.0131 0.9863 -0.1644
vn -0.1486 -0.0050 0.9889
vn 0.0006 0.8374 0.5467
vn 0.0292 -0.3616 -0.9319
vn 0.9789 -0.1626 -0.1240
vn -0.4249 0.7879 -0.4458
vn -0.3480 0.7792 0.5213
vn 0.0021 0.1313 0.9913
vn -0.0012 0.0538 0.9986
vn 0.0723 0.0991 0.9924
vn -0.0995 0.4195 -0.9023
vn 0.6882 -0.3921 -0.6104
vn -0.2138 0.9412 -0.2618
vn -0.4366 0.8949 0.0924
vn -0.0628 0.2686 0.9612
vn 0.0280 0.9831 -0.1808
vn -0.0040 -0.9212 -0.3891
vn 0.0119 -0.9781 0.2077
vn -0.0035 0.9753 -0.2208
vn -0.0344 0.1850 0.9821
vn 0.9980 -0.0605 -0.0160
vn 0.8196 -0.1092 -0.5625
vn 0.0138 -0.3908 -0.9204
vn 0.1267 -0.7728 0.6219
vn 0.0643 -0.8822 -0.4665
vn -0.1855 0.7668 0.6145
vn -0.0011 0.8976 -0.4408
vn 0.6531 -0.7572 -0.0123
vn -0.0265 -0.9996 0.0026
vn 0.0111 -0.1954 0.9807
vn -0.0077 -0.9993 0.0364
vn 0.3071 -0.6677 0.6781
vn -0.0379 0.0332 0.9987
vn 0.0243 0.9863 -0.1631
vn 0.2937 -0.1778 -0.9392
vn 0.2910 -0.2876 -0.9125
vn -0.1843 0.5319 0.8265
vn -0.0014 0.4916 0.8708
vn 0.9948 -0.0993 -0.0214
vn -0.0517 0.9902 0.1295
vn 0.0990 -0.3093 -0.9458
vn 0.7078 -0.6244 0.3303
vn -0.0012 -1.0000 0.0036
vn 0.1558 0.1527 -0.9759
vn 0.9984 -0.0487 0.0301
vn 0.9970 -0.0759 -0.0146
vn 0.1107 -0.9033 -0.4144
vn -0.6890 0.6552 -0.3098
vn -0.5737 0.5924 0.5656
vn 0.8616 0.0239 -0.5070
vn 0.0096 0.0524 0.9986
vn -0.0883 -0.3253 -0.9415
vn 0.0147 0.0850 0.9963
vn 0.2949 -0.9387 0.1785
vn -0.0064 0.1507 0.9886
vn 0.0868 0.9948 0.0535
vn 0.0965 0.9711 -0.2183
vn 0.9885 -0.1474 -0.0347
vn 0.9962 -0.0855 -0.0153
vn 0.1245 0.6092 0.7831
vn 0.8508 -0.2617 -0.4558
vn 0.3116 -0.7163 0.6244
vn 0.3480 -0.8029 -0.4839
vn -0.1001 0.0911 -0.9908
vn 0.2861 -0.2006 0.9370
vn -0.0051 -0.2926 0.9562
vn -0.0063 -0.9935 0.1140
vn -0.6657 -0.7275 0.1663
vn -0.4425 -0.0607 0.8947
vn 0.0120 0.0469 0.9988
vn -0.0659 0.9882 -0.1380
vn 0.0841 0.4516 0.8882
vn -0.1108 0.9226 -0.3696
vn 0.8922 -0.2628 0.3672
vn 0.9943 -0.0962 -0.0465
vn -0.4921 0.8251 -0.2777
vn 0.2275 -0.1144 0.9670
vn 0.0022 0.9857 -0.1684
vn -0.7152 -0.6989 0.0005
vn -0.9882 -0.0178 -0.1523
vn -0.9684 -0.0708 0.2390
vn -0.0000 -0.9977 0.0677
vn -0.0644 0.2292 0.9712
vn 0.0284 0.9838 -0.1771
vn 0.1581 -0.3479 -0.9241
vn 0.4577 -0.0691 0.8864
vn 0.6751 -0.7189 0.1656
vn 0.4341 -0.8085 -0.3973
vn 0.0153 0.5731 -0.8193
vn -0.0610 -0.3436 -0.9371
vn 0.8468 -0.2989 -0.4400
vn -0.4632 0.7584 0.4585
vn 0.9919 -0.1267 -0.0011
vn -0.7020 0.6704 -0.2403
vn -0.7165 0.6654 0.2093
vn -0.1260 0.9902 0.0608
vn -0.0838 0.5266 0.8460
vn 0.8854 -0.0763 -0.4586
vn 0.6378 -0.6985 0.3246
vn 0.7152 -0.6989 0.0004
vn 0.9866 -0.0822 -0.1412
vn -0.9272 0.3489 -0.1361
vn -0.7590 0.2534 0.5998
vn 0.0106 0.9950 -0.0990
vn 0.0575 0.4559 0.8882
vn 0.7106 0.6747 0.1994
vn 0.2760 0.5091 0.8153
vn 0.0072 0.5639 0.8258
vn 0.0152 0.9803 0.1971
vn -0.0210 0.9866 -0.1621
vn -0.0015 -0.3842 -0.9233
vn 0.3744 -0.0234 0.9270
vn -0.7228 -0.6584 0.2098
vn -0.9858 0.0566 -0.1584
vn -0.0000 -0.9392 0.3433
vn -0.0000 0.9630 -0.2696
vn -0.0055 -0.3457 -0.9383
vn 0.0665 0.3215 0.9446
vn 0.9882 -0.0179 -0.1524
vn 0.9694 -0.0765 0.2332
vn 0.9952 -0.0929 -0.0305
vn -0.0008 0.9913 0.1315
vn -0.0061 0.0670 0.9977
vn 0.0143 0.0705 0.9974
vn 0.8456 -0.1311 0.5174
vn 0.2651 -0.7849 0.5601
vn 0.3962 -0.8656 -0.3063
vn 0.0067 0.0820 0.9966
vn 0.7021 0.6703 -0.2403
vn 0.0447 0.0435 0.9981
vn 0.9821 -0.0902 0.1656
vn -0.5876 0.6836 -0.4329
vn 0.0848 0.3063 -0.9481
vn -0.7003 0.6901 -0.1826
vn 0.0610 0.9667 -0.2486
vn 0.0598 0.1963 0.9787
vn 0.0597 0.2701 0.9610
vn 0.2171 0.1531 0.9641
vn 0.9960 -0.0820 0.0354
vn 0.0537 -0.2965 -0.9535
vn 0.9117 -0.1044 -0.3973
vn 0.0045 0.9123 -0.4096
vn 0.7228 -0.6584 0.2098
vn -0.0000 0.8671 -0.4982
vn 0.0580 -0.4143 -0.9083
vn -0.0008 0.9901 -0.1401
vn 0.7706 -0.3629 -0.5239
vn -0.1901 0.3084 0.9321
vn -0.6664 0.6757 0.3152
vn 0.1230 -0.0845 0.9888
vn 0.4927 -0.8082 -0.3225
vn -0.6547 -0.7323 -0.1872
vn -0.5798 -0.6210 0.5275
vn 0.9858 0.0566 -0.1584
vn -0.6858 -0.4971 0.5315
vn -0.9748 0.1929 0.1121
vn 0.9930 -0.1160 -0.0200
vn 0.7573 -0.6281 0.1789
vn 0.8666 0.1870 0.4626
vn 0.0024 0.1635 0.9865
vn 0.0105 0.1111 0.9937
vn 0.5876 0.6836 -0.4329
vn -0.5780 0.7571 -0.3043
vn -0.0000 -0.7391 0.6736
vn -0.0190 0.9861 -0.1650
vn 0.0017 0.3497 0.9369
vn 0.6832 -0.4241 -0.5945
vn -0.7406 0.6716 -0.0202
vn -0.0289 -0.3776 -0.9255
vn 0.0035 0.2305 0.9731
vn 0.0218 0.2254 0.9740
vn 0.6775 -0.1984 -0.7083
vn 0.9781 -0.1497 -0.1448
vn -0.0075 0.2564 -0.9665
vn 0.4655 -0.1094 0.8782
vn -0.0113 0.9316 0.3632
vn -0.0210 0.9886 -0.1488
vn -0.0793 0.3476 0.9343
vn 0.6773 0.1504 0.7202
vn -0.0335 0.9824 -0.1839
vn 0.9783 -0.2065 -0.0145
vn 0.6858 -0.4971 0.5315
vn 0.0413 0.2316 0.9719
vn -0.0094 0.1303 0.9914
vn 0.0046 0.1522 0.9883
vn -0.0000 0.9086 -0.4177
vn 0.1204 -0.2272 -0.9664
vn 0.0109 0.0903 0.9959
vn 0.0863 0.0600 0.9945
vn -0.0454 0.0568 0.9974
vn -0.6278 0.7487 0.2127
vn -0.7707 -0.3353 -0.5419
vn 0.0332 0.1384 0.9898
vn -0.1337 0.9531 0.2714
vn 0.9920 -0.1222 0.0315
vn -0.5511 -0.1889 0.8128
vn -0.8096 0.3664 0.4586
vn 0.9939 -0.1059 -0.0315
vn -0.3336 0.3545 0.8735
vn 0.1711 0.4086 -0.8965
vn -0.5346 0.8451 0.0040
vn 0.6404 -0.2849 0.7133
vn 0.5781 -0.1829 -0.7952
vn 0.2303 0.4120 0.8816
vn 0.9748 0.1929 0.1121
vn 0.4174 -0.3630 -0.8330
vn -0.0000 -0.3311 0.9436
vn -0.0137 0.0247 0.9996
vn 0.5780 0.7571 -0.3043
vn 0.9824 -0.0879 0.1648
vn -0.0101 0.0816 0.9966
vn -0.0240 0.9815 -0.1902
vn 0.9947 -0.0729 -0.0720
vn -0.0000 0.9970 -0.0779
vn 0.2518 0.1398 0.9576
vn 0.5511 -0.1889 0.8128
vn -0.3762 0.1177 0.9190
vn -0.4015 0.5173 0.7558
vn 0.0815 0.1651 0.9829
vn 0.5250 -0.1231 -0.8422
vn 0.5050 -0.4055 -0.7619
vn 0.1342 0.9058 -0.4019
vn -0.3785 0.8266 0.4164
vn 0.0230 0.1101 0.9937
vn 0.6652 -0.0782 0.7425
vn -0.0000 0.1290 0.9916
vn -0.0000 0.8886 0.4587
vn -0.0190 0.9848 -0.1726
vn -0.1103 0.1019 0.9887
vn -0.0811 0.1017 0.9915
vn 0.9411 -0.2328 -0.2453
vn 0.4869 0.2714 -0.8302
vn 0.5346 0.8451 0.0040
vn 0.3762 0.1177 0.9190
vn 0.8096 0.3664 0.4586
vn -0.0854 0.9737 -0.2112
vn -0.0696 0.4038 0.9122
vn 0.2082 0.4127 0.8868
vn -0.0000 0.5600 0.8285
vn -0.0124 0.9662 -0.2574
vn 0.1405 0.9808 -0.1355
vn 0.9802 -0.1242 -0.1541
vn 0.3785 0.8266 0.4164
vn 0.4015 0.5173 0.7558
vn 0.2800 0.9183 0.2797
vn 0.6318 0.6701 -0.3896
vn -0.1400 0.9556 0.2593
vn 0.9593 0.0506 -0.2778
vn -0.0153 0.0870 0.9961
vn 0.0706 0.0010 0.9975
vn 0.9928 -0.1194 0.0007
vn 0.6216 0.0997 0.7770
vn 0.9949 -0.1004 0.0125
vn 0.9717 -0.1802 0.1530
vn 0.6370 -0.1276 0.7603
vn -0.2067 0.4606 0.8632
vn 0.9800 0.1872 0.0676
vn 0.5928 0.8053 0.0097
vn 0.9859 -0.0323 0.1644
vn -0.2069 0.9609 0.1839
vn 0.0968 0.9299 -0.3548
vn 0.0755 0.1280 0.9889
vn 0.9795 -0.2011 -0.0085
vn 0.9837 -0.1118 -0.1408
vn 0.6109 -0.0333 0.7910
vn 0.9651 0.1965 -0.1731
vn -0.1116 0.1308 0.9851
vn 0.6693 0.6916 -0.2716
vn -0.0831 0.9798 -0.1817
vn -0.0788 0.9858 -0.1481
vn 0.1597 0.4821 0.8614
vn 0.6348 0.2773 0.7212
vn 0.9757 -0.1082 -0.1908
vn 0.2306 0.9579 0.1711
vn -0.0068 0.2772 0.9608
vn 0.7770 0.4252 -0.4641
vn -0.0289 0.9126 0.4079
vn 0.9873 -0.1589 0.0057
vn 0.6118 0.0105 0.7910
vn 0.0704 -0.0161 0.9974
vn 0.9782 -0.1899 -0.0844
vn 0.6240 -0.3064 0.7189
vn 0.0164 0.9931 -0.1160
vn 0.9962 -0.0471 -0.0738
vn -0.0756 0.3750 0.9239
vn 0.0223 0.9984 -0.0521
vn 0.1075 0.1597 0.9813
vn 0.6706 0.6957 -0.2574
vn -0.0918 0.9570 0.2753
vn 0.9945 -0.0924 -0.0498
vn 0.9907 0.0202 0.1348
vn 0.1730 0.3989 0.9005
vn 0.9647 -0.2527 -0.0745
vn 0.6064 0.7908 0.0837
vn 0.7508 -0.0952 0.6537
vn 0.2077 0.9452 0.2521
vn 0.8270 0.2440 0.5065
vn -0.0057 0.9830 -0.1835
vn 0.9699 0.2012 -0.1374
vn -0.1546 0.6033 0.7824
vn -0.0614 0.9751 0.2130
vn 0.6151 0.7883 0.0150
vn 0.8140 0.0086 0.5808
vn 0.9132 0.3331 -0.2346
vn 0.0513 0.0243 0.9984
vn -0.1168 0.9881 0.1001
vn 0.3902 0.8666 -0.3110
vn 0.7148 -0.3576 0.6010
vn -0.0778 0.5661 0.8206
vn 0.3347 0.9419 0.0293
vn 0.7363 -0.0299 0.6760
vn 0.6397 0.6303 0.4399
vn -0.3340 0.3860 0.8599
vn -0.2895 0.5061 0.8125
vn 0.3994 0.3229 0.8580
vn -0.0247 0.2206 0.9750
vn -0.3026 0.7460 -0.5932
vn -0.5293 0.3755 -0.7608
vn -0.9032 0.3863 -0.1871
vn -0.6737 0.7303 -0.1129
vn -0.6336 0.7488 0.1946
vn -0.8786 0.3798 0.2894
vn -0.4399 0.3696 0.8185
vn -0.2069 0.7150 0.6678
vn -0.0012 0.2567 0.9665
vn -0.0023 0.4946 0.8691
vn -0.0004 0.2659 -0.9640
vn -0.0000 0.5097 -0.8603
vn -0.0007 0.0005 -1.0000
vn -0.5482 0.0082 -0.8363
vn -0.9787 0.0042 -0.2053
vn -0.9492 0.0003 0.3147
vn -0.4485 0.0006 0.8938
vn -0.0001 0.0015 1.0000
vn 0.5282 0.3760 -0.7613
vn 0.2999 0.7466 -0.5938
vn 0.6732 0.7311 -0.1108
vn 0.9036 0.3863 -0.1851
vn 0.8743 0.3858 0.2946
vn 0.6365 0.7410 0.2142
vn 0.2251 0.7123 0.6647
vn 0.4439 0.3765 0.8132
vn 0.5473 0.0047 -0.8369
vn 0.9791 0.0018 -0.2036
vn 0.9489 0.0017 0.3155
vn 0.4494 0.0019 0.8933
vn -0.6705 0.6911 0.2700
vn -0.6698 0.6924 -0.2683
vn -0.9006 -0.2467 -0.3580
vn -0.9005 -0.2449 0.3593
vn -0.3838 -0.2979 0.8741
vn -0.5608 -0.8060 0.1895
vn -0.2010 -0.8553 0.4776
vn -0.5608 -0.8060 -0.1895
vn 0.0007 -0.8724 0.4888
vn 0.0006 -0.2717 0.9624
vn -0.2687 0.6925 0.6695
vn -0.0001 0.8028 0.5962
vn -0.3819 -0.2997 -0.8743
vn -0.2003 -0.8551 -0.4782
vn -0.0006 -0.2717 -0.9624
vn -0.0007 -0.8724 -0.4888
vn -0.2657 0.6948 -0.6683
vn -0.0000 0.8029 -0.5961
vn 0.0574 0.9708 -0.2329
vn 0.1991 0.9776 -0.0690
vn -0.0001 0.9574 -0.2888
vn 0.0568 0.9705 0.2344
vn -0.0000 0.9572 0.2893
vn 0.1996 0.9776 0.0670
vn 0.9006 -0.2466 0.3580
vn 0.9004 -0.2450 -0.3595
vn 0.6704 0.6909 -0.2706
vn 0.6696 0.6926 0.2680
vn 0.5608 -0.8060 0.1895
vn 0.3820 -0.2999 0.8742
vn 0.2003 -0.8551 0.4782
vn 0.5608 -0.8060 -0.1895
vn 0.2667 0.6941 0.6686
vn 0.2010 -0.8553 -0.4776
vn 0.3838 -0.2977 -0.8741
vn 0.2680 0.6933 -0.6689
vn -0.1987 0.9777 -0.0673
vn -0.0559 0.9709 -0.2330
vn -0.0578 0.9704 0.2345
vn -0.1998 0.9775 0.0682
vn -0.7309 -0.6823 0.0142
vn -0.6118 -0.7910 0.0088
vn -0.4011 -0.5006 0.7672
vn -0.4338 -0.4192 0.7976
vn -0.5103 0.1792 0.8411
vn -0.9427 0.3331 -0.0181
vn -0.9801 -0.1946 0.0398
vn -0.4470 -0.1006 0.8888
vn -0.6244 0.3457 0.7005
vn -0.9162 0.3960 -0.0613
vn -0.9111 0.4048 -0.0779
vn -0.6336 0.3208 0.7040
vn -0.5991 0.2440 0.7626
vn -0.9192 0.3896 -0.0569
vn -0.0000 0.0414 0.9991
vn -0.1642 0.0467 0.9853
vn -0.1273 -0.0541 0.9904
vn -0.0000 -0.0338 0.9994
vn -0.1439 -0.1927 0.9706
vn -0.0000 -0.1760 0.9844
vn 0.0094 -0.6119 0.7909
vn 0.0014 -0.9988 0.0491
vn -0.1576 -0.1748 -0.9719
vn -0.1055 -0.0783 -0.9913
vn -0.0000 -0.0194 -0.9998
vn -0.0000 -0.2025 -0.9793
vn -0.0898 -0.0073 -0.9959
vn -0.0000 0.0077 -1.0000
vn -0.0735 0.0292 -0.9969
vn -0.0000 0.0233 -0.9997
vn -0.0000 0.0206 -0.9998
vn -0.0669 0.0335 -0.9972
vn -0.0619 0.0673 -0.9958
vn -0.0000 0.0567 -0.9984
vn -0.0067 0.0956 -0.9954
vn -0.0000 0.0928 -0.9957
vn 0.4307 0.1170 0.8949
vn -0.0000 0.1216 0.9926
vn 0.0074 0.1803 0.9836
vn -0.4563 -0.4042 -0.7927
vn -0.5024 -0.1263 -0.8554
vn -0.4506 0.1499 -0.8801
vn -0.4779 0.2095 -0.8531
vn -0.5195 0.2229 -0.8249
vn -0.5081 0.2588 -0.8215
vn -0.0600 0.2150 0.9748
vn -0.1461 0.1740 0.9738
vn -0.1733 0.1073 0.9790
vn -0.4151 -0.5408 -0.7316
vn -0.0076 -0.6714 -0.7410
vn 0.1245 0.0650 0.9901
vn -0.0009 0.0657 0.9978
vn -0.0000 0.1148 0.9934
vn -0.0000 0.0649 0.9979
vn 0.6148 -0.7882 0.0265
vn 0.7276 -0.6858 0.0168
vn 0.4325 -0.4261 0.7946
vn 0.4091 -0.5049 0.7600
vn 0.9499 0.3124 -0.0039
vn 0.5247 0.1808 0.8318
vn 0.4631 -0.0878 0.8820
vn 0.9829 -0.1789 0.0441
vn 0.9285 0.3664 -0.0600
vn 0.6398 0.3446 0.6869
vn 0.6423 0.3184 0.6971
vn 0.9088 0.4128 -0.0601
vn 0.9218 0.3835 -0.0557
vn 0.6013 0.2555 0.7571
vn 0.1225 -0.0583 0.9908
vn 0.1590 0.0535 0.9858
vn 0.1439 -0.1927 0.9706
vn 0.1576 -0.1748 -0.9719
vn 0.1055 -0.0783 -0.9913
vn 0.0898 -0.0073 -0.9959
vn 0.0735 0.0292 -0.9969
vn 0.0636 0.0706 -0.9955
vn 0.0669 0.0335 -0.9972
vn 0.0131 0.0887 -0.9960
vn -0.4290 0.1205 0.8952
vn 0.5058 -0.1207 -0.8542
vn 0.4563 -0.4042 -0.7927
vn 0.4558 0.1538 -0.8767
vn 0.4790 0.1944 -0.8560
vn 0.5128 0.2363 -0.8253
vn 0.5190 0.2312 -0.8229
vn 0.0465 0.2081 0.9770
vn 0.1427 0.1727 0.9746
vn 0.1733 0.1073 0.9790
vn 0.4172 -0.5361 -0.7339
vn -0.1245 0.0650 0.9901
vn 0.0009 0.0657 0.9978
vn -0.6638 -0.2658 0.6991
vn -0.6827 0.0319 0.7300
vn -0.9782 -0.2055 0.0301
vn -0.9053 -0.4186 0.0716
vn -0.5730 0.6336 0.5197
vn -0.8045 0.5832 -0.1124
vn -0.1996 0.2195 0.9550
vn -0.1907 -0.1222 0.9740
vn -0.1381 -0.6916 0.7090
vn -0.5216 -0.6226 0.5834
vn -0.5368 -0.8352 0.1194
vn -0.0759 -0.9922 0.0986
vn -0.1289 -0.1732 -0.9764
vn -0.6495 -0.3485 -0.6758
vn -0.5847 -0.2424 -0.7742
vn -0.0287 -0.1246 -0.9918
vn -0.5172 0.3982 -0.7576
vn -0.0202 0.4404 -0.8976
vn -0.1053 0.7931 0.5999
vn -0.0425 0.9736 -0.2241
vn -0.0000 0.2629 0.9648
vn -0.0000 -0.0943 0.9955
vn -0.0039 -0.9975 0.0707
vn -0.0048 -0.6948 0.7191
vn -0.0000 -0.1183 -0.9930
vn -0.0000 -0.1004 -0.9950
vn -0.0000 0.4625 -0.8866
vn -0.0001 0.8250 0.5652
vn -0.0001 0.9778 -0.2096
vn -0.0000 -0.6974 -0.7166
vn -0.1240 -0.7377 -0.6636
vn -0.4469 -0.7159 -0.5365
vn 0.6845 0.0220 0.7287
vn 0.6703 -0.2567 0.6962
vn 0.9099 -0.4089 0.0701
vn 0.9774 -0.2091 0.0306
vn 0.5710 0.6352 0.5200
vn 0.8149 0.5712 -0.0980
vn 0.1996 0.2195 0.9550
vn 0.1907 -0.1222 0.9740
vn 0.4956 -0.6477 0.5787
vn 0.1547 -0.6942 0.7029
vn 0.0923 -0.9901 0.1055
vn 0.5223 -0.8420 0.1346
vn 0.1289 -0.1732 -0.9764
vn 0.0287 -0.1246 -0.9918
vn 0.5875 -0.2384 -0.7733
vn 0.6495 -0.3485 -0.6758
vn 0.0008 0.4292 -0.9032
vn 0.5423 0.3489 -0.7643
vn 0.0233 0.9784 -0.2056
vn 0.1055 0.7930 0.6000
vn 0.1240 -0.7377 -0.6636
vn 0.4469 -0.7159 -0.5365
vn 0.1374 -0.8609 0.4898
vn 0.0162 -0.8518 0.5235
vn -0.0029 -0.5354 0.8446
vn 0.1539 -0.6620 0.7336
vn -0.1004 -0.8848 0.4550
vn -0.1024 -0.6618 0.7426
vn -0.3213 -0.8219 0.4704
vn -0.3022 -0.6551 0.6925
vn 0.2731 -0.8382 0.4721
vn 0.3115 -0.5676 0.7621
vn -0.6314 -0.2111 0.7462
vn -0.5886 0.1692 0.7905
vn -0.2695 0.0838 0.9593
vn -0.1676 0.6651 0.7277
vn 0.1679 0.6144 0.7709
vn 0.4657 0.1947 0.8632
vn 0.4438 0.1627 0.8812
vn 0.1015 0.1833 0.9778
vn -0.1281 0.1822 0.9749
vn 0.0408 0.2417 0.9695
vn 0.4033 0.5316 0.7448
vn 0.0815 0.6956 0.7138
vn 0.0124 0.6743 0.7384
vn 0.0178 0.7336 0.6793
vn -0.0738 0.7098 0.7005
vn -0.0178 0.7333 0.6797
vn 0.0227 0.7278 0.6854
vn -0.0563 0.7259 0.6854
vn -0.1269 0.6726 0.7290
vn -0.4308 0.3704 0.8230
vn 0.5754 -0.4331 0.6938
vn 0.6371 0.0072 0.7708
vn -0.1672 0.0131 0.9858
vt 0.573242 0.631348
vt 0.579102 0.637207
vt 0.580566 0.634277
vt 0.581543 0.631348
vt 0.580566 0.628418
vt 0.579102 0.625977
vt 0.576172 0.624023
vt 0.573242 0.623535
vt 0.570312 0.624023
vt 0.567871 0.625977
vt 0.565918 0.628418
vt 0.565430 0.631348
vt 0.565918 0.634277
vt 0.567871 0.637207
vt 0.570312 0.638672
vt 0.573242 0.639160
vt 0.576172 0.638672
vt 0.576172 0.631348
vt 0.578613 0.631348
vt 0.570312 0.631348
vt 0.567871 0.631348
vt 0.101868 0.611816
vt 0.087769 0.611816
vt 0.149292 0.611328
vt 0.148926 0.565430
vt 0.145142 0.562012
vt 0.128418 0.562012
vt 0.111267 0.562988
vt 0.107727 0.566406
vt 0.108215 0.611816
vt 0.143066 0.611328
vt 0.142822 0.568848
vt 0.113892 0.569824
vt 0.128540 0.611328
vt 0.128296 0.568359
vt 0.114441 0.611816
vt 0.619141 0.511231
vt 0.623047 0.530762
vt 0.636231 0.527832
vt 0.587402 0.546875
vt 0.560547 0.531738
vt 0.621582 0.547852
vt 0.639160 0.551269
vt 0.583008 0.587891
vt 0.584473 0.567383
vt 0.561035 0.579102
vt 0.556152 0.550293
vt 0.541504 0.549316
vt 0.600586 0.567383
vt 0.604981 0.585449
vt 0.616211 0.563965
vt 0.628906 0.570312
vt 0.569336 0.560547
vt 0.606445 0.505371
vt 0.596191 0.524902
vt 0.608398 0.527832
vt 0.602539 0.547852
vt 0.583496 0.520996
vt 0.574707 0.541016
vt 0.591797 0.500977
vt 0.571777 0.515625
vt 0.564941 0.502930
vt 0.544434 0.522461
vt 0.466797 0.781250
vt 0.481445 0.797363
vt 0.480957 0.701660
vt 0.388184 0.796387
vt 0.387695 0.703613
vt 0.435059 0.790039
vt 0.434815 0.709473
vt 0.394531 0.750000
vt 0.475830 0.749512
vt 0.433838 0.683594
vt 0.434326 0.815430
vt 0.501953 0.749512
vt 0.368164 0.750000
vt 0.435303 0.749512
vt 0.409424 0.750000
vt 0.402832 0.807617
vt 0.402588 0.692383
vt 0.458740 0.724121
vt 0.460693 0.736328
vt 0.447022 0.735840
vt 0.381348 0.733398
vt 0.458984 0.785644
vt 0.461670 0.799316
vt 0.474121 0.763184
vt 0.488770 0.766602
vt 0.410400 0.763184
vt 0.423828 0.763672
vt 0.458984 0.774902
vt 0.460693 0.762695
vt 0.411865 0.724609
vt 0.410400 0.736328
vt 0.474121 0.735840
vt 0.395996 0.736328
vt 0.394775 0.709961
vt 0.395020 0.789551
vt 0.466797 0.717773
vt 0.411621 0.785644
vt 0.411377 0.713867
vt 0.399902 0.775391
vt 0.450928 0.685547
vt 0.451416 0.813477
vt 0.489746 0.787109
vt 0.489502 0.711914
vt 0.379395 0.750000
vt 0.380127 0.786621
vt 0.379883 0.713379
vt 0.447754 0.749512
vt 0.435059 0.776856
vt 0.435059 0.722168
vt 0.435059 0.735352
vt 0.435303 0.763672
vt 0.423340 0.749512
vt 0.461670 0.749512
vt 0.371582 0.730469
vt 0.371582 0.769531
vt 0.498291 0.729004
vt 0.498535 0.769531
vt 0.490967 0.749512
vt 0.434815 0.805176
vt 0.417969 0.813477
vt 0.466065 0.808106
vt 0.434570 0.694336
vt 0.417480 0.686035
vt 0.465576 0.690918
vt 0.396240 0.763184
vt 0.474853 0.709473
vt 0.475098 0.790039
vt 0.403320 0.781250
vt 0.403076 0.718262
vt 0.458740 0.713867
vt 0.399658 0.724121
vt 0.470215 0.723633
vt 0.446289 0.723144
vt 0.387940 0.718262
vt 0.447022 0.789062
vt 0.449463 0.803223
vt 0.420898 0.695801
vt 0.423584 0.710449
vt 0.448975 0.695801
vt 0.461426 0.700195
vt 0.421143 0.803711
vt 0.408203 0.798828
vt 0.470459 0.775391
vt 0.481934 0.781738
vt 0.488770 0.732422
vt 0.381348 0.766602
vt 0.412109 0.774902
vt 0.424560 0.776367
vt 0.447266 0.763184
vt 0.423828 0.735840
vt 0.424316 0.723144
vt 0.446533 0.776367
vt 0.388184 0.781250
vt 0.481690 0.717285
vt 0.423828 0.789062
vt 0.446777 0.710449
vt 0.407715 0.700684
vt 0.979981 0.579102
vt 0.971191 0.592285
vt 0.958008 0.601074
vt 0.942383 0.604492
vt 0.926758 0.601562
vt 0.913086 0.592773
vt 0.904297 0.579590
vt 0.900879 0.563477
vt 0.903809 0.547852
vt 0.912598 0.534180
vt 0.926269 0.525391
vt 0.942383 0.522461
vt 0.958008 0.525391
vt 0.971680 0.534668
vt 0.979981 0.547852
vt 0.983398 0.563477
vt 0.960449 0.570801
vt 0.900391 0.495605
vt 0.949707 0.581543
vt 0.892578 0.503418
vt 0.934570 0.582031
vt 0.881348 0.503906
vt 0.927734 0.577637
vt 0.876465 0.500488
vt 0.923340 0.555664
vt 0.873535 0.484619
vt 0.949707 0.544922
vt 0.892578 0.476807
vt 0.956055 0.549316
vt 0.897461 0.479980
vt 0.960449 0.555664
vt 0.900391 0.484619
vt 0.961914 0.563477
vt 0.901367 0.490234
vt 0.887207 0.490234
vt 0.976562 0.577637
vt 0.979492 0.562988
vt 0.976562 0.548828
vt 0.968750 0.536621
vt 0.956543 0.528809
vt 0.941894 0.525879
vt 0.927734 0.528809
vt 0.915527 0.536621
vt 0.907227 0.548828
vt 0.904297 0.563477
vt 0.907227 0.577637
vt 0.915527 0.589844
vt 0.927734 0.598144
vt 0.941894 0.600586
vt 0.956543 0.597656
vt 0.968750 0.589844
vt 0.881836 0.490234
vt 0.876953 0.490234
vt 0.892090 0.490234
vt 0.896973 0.490234
vt 0.965332 0.480469
vt 0.967773 0.480469
vt 0.970215 0.480469
vt 0.965332 0.505371
vt 0.967773 0.505371
vt 0.970215 0.505371
vt 0.965820 0.506348
vt 0.967773 0.506836
vt 0.970215 0.506348
vt 0.984863 0.506836
vt 0.965332 0.506836
vt 0.979981 0.506836
vt 0.970215 0.506836
vt 0.984375 0.505859
vt 0.982422 0.506348
vt 0.979981 0.505859
vt 0.984863 0.504883
vt 0.982422 0.504883
vt 0.979981 0.504883
vt 0.984863 0.480469
vt 0.982422 0.480469
vt 0.979981 0.480469
vt 0.985352 0.480469
vt 0.964844 0.480469
vt 0.979004 0.480469
vt 0.971191 0.480469
vt 0.985352 0.505371
vt 0.964844 0.505371
vt 0.954590 0.480713
vt 0.957031 0.480469
vt 0.959473 0.480713
vt 0.954590 0.504394
vt 0.957031 0.504394
vt 0.959473 0.504394
vt 0.955078 0.505371
vt 0.957031 0.505859
vt 0.959473 0.505371
vt 0.948242 0.506348
vt 0.954590 0.505859
vt 0.957031 0.506348
vt 0.945312 0.506836
vt 0.942871 0.506348
vt 0.959473 0.505859
vt 0.947754 0.505371
vt 0.945312 0.505859
vt 0.943359 0.505371
vt 0.947754 0.504394
vt 0.945312 0.504394
vt 0.942871 0.504394
vt 0.947754 0.480957
vt 0.945312 0.480957
vt 0.942871 0.480957
vt 0.942383 0.480957
vt 0.960449 0.480713
vt 0.942383 0.504883
vt 0.960449 0.504394
vt 0.948731 0.504883
vt 0.954102 0.504394
vt 0.929688 0.479736
vt 0.932129 0.479736
vt 0.934570 0.479736
vt 0.929688 0.503906
vt 0.932129 0.503906
vt 0.934570 0.503906
vt 0.929688 0.504883
vt 0.932129 0.505371
vt 0.934082 0.504883
vt 0.914551 0.506348
vt 0.934082 0.505859
vt 0.918945 0.505371
vt 0.916992 0.505859
vt 0.914551 0.505371
vt 0.919434 0.504394
vt 0.916992 0.504394
vt 0.914551 0.504394
vt 0.919434 0.480225
vt 0.916992 0.480225
vt 0.914551 0.480225
vt 0.919922 0.504394
vt 0.928711 0.503906
vt 0.796387 0.542481
vt 0.945312 0.626953
vt 0.741211 0.542969
vt 0.914062 0.646973
vt 0.906250 0.655762
vt 0.728516 0.541504
vt 0.740723 0.534180
vt 0.796387 0.533691
vt 0.728516 0.536621
vt 0.847656 0.534180
vt 0.857422 0.536621
vt 0.945312 0.649902
vt 0.944824 0.658203
vt 0.896484 0.244141
vt 0.896484 0.260742
vt 0.955566 0.239624
vt 0.955566 0.222290
vt 0.896484 0.222290
vt 0.896484 0.239624
vt 0.984375 0.195801
vt 0.984375 0.179199
vt 0.896484 0.179199
vt 0.896484 0.195801
vt 0.463867 0.936523
vt 0.471435 0.936523
vt 0.463867 0.944824
vt 0.471435 0.944824
vt 0.471435 0.923828
vt 0.476562 0.923828
vt 0.542481 0.849609
vt 0.463867 0.923828
vt 0.520996 0.863769
vt 0.471435 0.954590
vt 0.463867 0.954590
vt 0.471435 0.967773
vt 0.476562 0.954590
vt 0.515137 0.839356
vt 0.463867 0.967773
vt 0.422119 0.939453
vt 0.400879 0.933106
vt 0.401123 0.927246
vt 0.400391 0.917969
vt 0.395996 0.943848
vt 0.399414 0.937988
vt 0.422607 0.932129
vt 0.422852 0.919922
vt 0.417236 0.957519
vt 0.420898 0.946777
vt 0.445312 0.922852
vt 0.445068 0.935547
vt 0.445068 0.943848
vt 0.444580 0.952637
vt 0.443848 0.965820
vt 0.471435 0.909668
vt 0.476562 0.909668
vt 0.545410 0.863769
vt 0.471435 0.983398
vt 0.471435 0.835938
vt 0.463867 0.983398
vt 0.463867 0.835938
vt 0.411377 0.968750
vt 0.411377 0.850586
vt 0.389893 0.948242
vt 0.389893 0.871094
vt 0.399658 0.909668
vt 0.423096 0.909668
vt 0.445557 0.909668
vt 0.463867 0.909668
vt 0.471435 0.895996
vt 0.471435 0.883301
vt 0.471435 0.875000
vt 0.476562 0.895996
vt 0.542481 0.878418
vt 0.476562 0.883301
vt 0.533203 0.888184
vt 0.463867 0.883301
vt 0.463867 0.875000
vt 0.463867 0.895996
vt 0.471435 0.865234
vt 0.471435 0.852051
vt 0.476562 0.852051
vt 0.505371 0.879394
vt 0.476562 0.865234
vt 0.515137 0.888672
vt 0.463867 0.865234
vt 0.463867 0.852051
vt 0.445068 0.884277
vt 0.445068 0.875977
vt 0.422607 0.887695
vt 0.445312 0.896973
vt 0.422852 0.899414
vt 0.444580 0.867188
vt 0.417236 0.862305
vt 0.420898 0.872559
vt 0.443848 0.854004
vt 0.400879 0.886719
vt 0.401123 0.892578
vt 0.400391 0.901367
vt 0.399414 0.881348
vt 0.395996 0.875488
vt 0.388916 0.893066
vt 0.388672 0.891113
vt 0.388428 0.889160
vt 0.422119 0.879883
vt 0.388428 0.886719
vt 0.392090 0.880371
vt 0.394775 0.884766
vt 0.395752 0.888672
vt 0.395752 0.893066
vt 0.394775 0.900879
vt 0.392822 0.909668
vt 0.394775 0.918945
vt 0.395752 0.926269
vt 0.395752 0.931152
vt 0.394775 0.935059
vt 0.392090 0.938965
vt 0.386963 0.941406
vt 0.386963 0.877930
vt 0.388428 0.933106
vt 0.388428 0.930176
vt 0.388672 0.928223
vt 0.388916 0.926269
vt 0.389648 0.922852
vt 0.389648 0.896484
vt 0.756348 0.298828
vt 0.722656 0.299072
vt 0.727051 0.298828
vt 0.731934 0.298828
vt 0.739258 0.298828
vt 0.747070 0.298828
vt 0.751465 0.298828
vt 0.739258 0.379150
vt 0.732422 0.379150
vt 0.728027 0.379150
vt 0.723633 0.378906
vt 0.755371 0.378906
vt 0.750977 0.379150
vt 0.746582 0.379150
vt 0.756348 0.422852
vt 0.763672 0.421143
vt 0.714844 0.421631
vt 0.722168 0.423340
vt 0.726562 0.424316
vt 0.731445 0.425049
vt 0.739258 0.425781
vt 0.747070 0.425049
vt 0.751953 0.424072
vt 0.739258 0.382080
vt 0.746582 0.382080
vt 0.750977 0.381836
vt 0.755371 0.381592
vt 0.723633 0.381836
vt 0.728027 0.381836
vt 0.732422 0.382080
vt 0.746582 0.384522
vt 0.750977 0.384277
vt 0.755371 0.384033
vt 0.762695 0.383789
vt 0.716309 0.383789
vt 0.723633 0.384033
vt 0.728027 0.384277
vt 0.732422 0.384522
vt 0.739258 0.384522
vt 0.754394 0.428467
vt 0.749023 0.430176
vt 0.739258 0.431641
vt 0.729981 0.430664
vt 0.725098 0.429443
vt 0.720703 0.427978
vt 0.739258 0.489502
vt 0.738281 0.489502
vt 0.738281 0.493408
vt 0.741211 0.494141
vt 0.734863 0.496094
vt 0.745117 0.496338
vt 0.745606 0.494629
vt 0.743164 0.491943
vt 0.740723 0.489990
vt 0.739258 0.486572
vt 0.737305 0.486572
vt 0.733398 0.489014
vt 0.731445 0.497070
vt 0.749023 0.496826
vt 0.748535 0.493408
vt 0.745117 0.489746
vt 0.741211 0.487060
vt 0.731934 0.468262
vt 0.738769 0.468506
vt 0.744141 0.469971
vt 0.721191 0.471191
vt 0.760254 0.478027
vt 0.753418 0.473877
vt 0.763184 0.482178
vt 0.714356 0.484863
vt 0.713379 0.484863
vt 0.764160 0.481201
vt 0.711426 0.460449
vt 0.738769 0.451172
vt 0.710938 0.476807
vt 0.759277 0.464111
vt 0.735840 0.491699
vt 0.733887 0.494385
vt 0.730469 0.493408
vt 0.714356 0.478760
vt 0.693848 0.475830
vt 0.786621 0.471680
vt 0.796387 0.460205
vt 0.682617 0.464111
vt 0.672363 0.491211
vt 0.673340 0.496338
vt 0.813477 0.495117
vt 0.814941 0.490234
vt 0.821777 0.482666
vt 0.826172 0.480469
vt 0.661133 0.484131
vt 0.665527 0.485352
vt 0.668945 0.492432
vt 0.818848 0.491455
vt 0.821289 0.488770
vt 0.823731 0.485840
vt 0.664551 0.488037
vt 0.824707 0.491455
vt 0.664062 0.493164
vt 0.770019 0.479248
vt 0.782227 0.474121
vt 0.788086 0.478027
vt 0.692871 0.484131
vt 0.698242 0.478272
vt 0.700195 0.510742
vt 0.702637 0.510742
vt 0.781250 0.510742
vt 0.784668 0.510254
vt 0.787598 0.509766
vt 0.789062 0.511719
vt 0.696289 0.512695
vt 0.697754 0.510742
vt 0.681152 0.459473
vt 0.674805 0.463867
vt 0.804688 0.460205
vt 0.799805 0.456299
vt 0.657227 0.450684
vt 0.653320 0.453613
vt 0.832519 0.455810
vt 0.829590 0.452148
vt 0.829590 0.443359
vt 0.659180 0.443115
vt 0.656250 0.446045
vt 0.655273 0.448975
vt 0.834961 0.452393
vt 0.652344 0.449707
vt 0.832031 0.450928
vt 0.832031 0.444336
vt 0.654785 0.440918
vt 0.834473 0.442627
vt 0.656738 0.443115
vt 0.769043 0.477539
vt 0.788086 0.478272
vt 0.692871 0.483887
vt 0.784668 0.473633
vt 0.681641 0.461914
vt 0.674805 0.464111
vt 0.804199 0.460205
vt 0.798828 0.458252
vt 0.792969 0.459228
vt 0.794922 0.456787
vt 0.781738 0.470215
vt 0.796387 0.454102
vt 0.778320 0.471924
vt 0.784668 0.467773
vt 0.691406 0.457275
vt 0.685059 0.460449
vt 0.761719 0.452637
vt 0.776367 0.440918
vt 0.782227 0.434082
vt 0.704102 0.443603
vt 0.769531 0.447754
vt 0.716309 0.431885
vt 0.768555 0.425781
vt 0.710938 0.427246
vt 0.762207 0.430420
vt 0.756836 0.432617
vt 0.750488 0.436035
vt 0.706055 0.432861
vt 0.745606 0.445312
vt 0.754394 0.443359
vt 0.762695 0.439697
vt 0.768555 0.435547
vt 0.773926 0.430420
vt 0.682129 0.446045
vt 0.767578 0.460205
vt 0.773926 0.473877
vt 0.775391 0.476074
vt 0.788086 0.453125
vt 0.791992 0.446289
vt 0.687012 0.444580
vt 0.765137 0.482178
vt 0.712891 0.485840
vt 0.709473 0.481445
vt 0.707519 0.471191
vt 0.802734 0.437012
vt 0.682129 0.440185
vt 0.800293 0.442627
vt 0.797852 0.448730
vt 0.776367 0.454102
vt 0.783691 0.445801
vt 0.789551 0.437500
vt 0.788086 0.463623
vt 0.790527 0.465576
vt 0.817871 0.486084
vt 0.666992 0.490234
vt 0.669434 0.487793
vt 0.688965 0.469238
vt 0.690918 0.467529
vt 0.696289 0.463379
vt 0.697266 0.449219
vt 0.698731 0.437744
vt 0.692383 0.442139
vt 0.727051 0.436279
vt 0.738769 0.438477
vt 0.719727 0.449707
vt 0.732910 0.442627
vt 0.695801 0.478027
vt 0.697754 0.474121
vt 0.704590 0.477539
vt 0.752441 0.458008
vt 0.721680 0.434570
vt 0.730957 0.450195
vt 0.702148 0.468018
vt 0.688477 0.450440
vt 0.686035 0.438721
vt 0.797852 0.435547
vt 0.794922 0.440674
vt 0.782715 0.459228
vt 0.776367 0.464355
vt 0.769531 0.468506
vt 0.764648 0.472412
vt 0.730957 0.459473
vt 0.658691 0.446777
vt 0.664062 0.448242
vt 0.682617 0.452148
vt 0.652344 0.444824
vt 0.835938 0.447266
vt 0.832031 0.447510
vt 0.829102 0.447754
vt 0.704102 0.479492
vt 0.708984 0.482910
vt 0.758789 0.426514
vt 0.668457 0.460938
vt 0.814453 0.460938
vt 0.707519 0.511231
vt 0.776367 0.511231
vt 0.704102 0.508789
vt 0.700684 0.507812
vt 0.696777 0.508301
vt 0.791992 0.508301
vt 0.692871 0.510254
vt 0.788086 0.506836
vt 0.783691 0.506836
vt 0.779785 0.508301
vt 0.680664 0.446289
vt 0.802246 0.443115
vt 0.681152 0.452393
vt 0.800781 0.449219
vt 0.670898 0.456055
vt 0.671875 0.450440
vt 0.672852 0.444824
vt 0.813477 0.437500
vt 0.673340 0.438965
vt 0.812500 0.443359
vt 0.811523 0.449463
vt 0.812500 0.455078
vt 0.749023 0.483154
vt 0.754394 0.487793
vt 0.722656 0.487305
vt 0.727051 0.481201
vt 0.734375 0.478760
vt 0.738769 0.478760
vt 0.742676 0.479736
vt 0.711426 0.447510
vt 0.724609 0.441162
vt 0.718262 0.439453
vt 0.711426 0.436768
vt 0.704102 0.455566
vt 0.717285 0.465332
vt 0.712891 0.477539
vt 0.761719 0.475342
vt 0.755371 0.468506
vt 0.744629 0.462158
vt 0.738281 0.460205
vt 0.697266 0.491211
vt 0.702148 0.491699
vt 0.707519 0.493164
vt 0.773926 0.490478
vt 0.779785 0.488770
vt 0.785156 0.487793
vt 0.776856 0.500977
vt 0.782227 0.499023
vt 0.787598 0.498535
vt 0.793457 0.498779
vt 0.690430 0.502441
vt 0.696289 0.500977
vt 0.701172 0.500977
vt 0.706055 0.501953
vt 0.684082 0.481445
vt 0.687012 0.486328
vt 0.796387 0.485840
vt 0.798340 0.479736
vt 0.801758 0.474609
vt 0.806152 0.469971
vt 0.811523 0.466065
vt 0.670410 0.470215
vt 0.675781 0.473389
vt 0.680176 0.477051
vt 0.677246 0.487793
vt 0.662109 0.453125
vt 0.664551 0.443359
vt 0.822754 0.442627
vt 0.821777 0.448242
vt 0.822754 0.453857
vt 0.659180 0.457764
vt 0.825195 0.458984
vt 0.673340 0.483643
vt 0.668945 0.480225
vt 0.815918 0.477051
vt 0.808106 0.486328
vt 0.811523 0.481445
vt 0.745117 0.454346
vt 0.946289 0.862793
vt 0.758789 0.567383
vt 0.744629 0.567383
vt 0.730469 0.567383
vt 0.709473 0.567383
vt 0.687988 0.567383
vt 0.673828 0.567383
vt 0.659668 0.567383
vt 0.857910 0.567383
vt 0.844238 0.567383
vt 0.830078 0.567383
vt 0.808594 0.567383
vt 0.787109 0.567383
vt 0.772949 0.567383
vt 0.808594 0.553711
vt 0.946289 0.838379
vt 0.830078 0.553711
vt 0.929688 0.843750
vt 0.844238 0.553711
vt 0.922363 0.853027
vt 0.857910 0.553711
vt 0.659668 0.553711
vt 0.919434 0.864258
vt 0.673828 0.553711
vt 0.922363 0.875488
vt 0.687988 0.553711
vt 0.929688 0.884277
vt 0.744629 0.553711
vt 0.970215 0.875000
vt 0.744629 0.587891
vt 0.758789 0.587891
vt 0.772949 0.587891
vt 0.787109 0.587891
vt 0.808594 0.587891
vt 0.830078 0.587891
vt 0.844238 0.587891
vt 0.673828 0.587891
vt 0.687988 0.587891
vt 0.709473 0.587891
vt 0.730469 0.587891
vt 0.857422 0.457520
vt 0.864258 0.457520
vt 0.870606 0.457520
vt 0.877441 0.453613
vt 0.850586 0.453613
vt 0.877441 0.465820
vt 0.850586 0.465820
vt 0.907227 0.456299
vt 0.927734 0.453613
vt 0.927734 0.462158
vt 0.919434 0.456299
vt 0.932617 0.456299
vt 0.953613 0.456299
vt 0.936523 0.453613
vt 0.936523 0.462158
vt 0.932617 0.459473
vt 0.881836 0.456299
vt 0.885742 0.456299
vt 0.881836 0.453613
vt 0.881836 0.462158
vt 0.894043 0.456299
vt 0.867188 0.255615
vt 0.867188 0.246094
vt 0.867188 0.224976
vt 0.867188 0.217651
vt 0.867188 0.204956
vt 0.867188 0.195068
vt 0.987793 0.310059
vt 0.914551 0.289307
vt 0.880371 0.236939
vt 0.972168 0.375732
vt 0.972168 0.385254
vt 0.882324 0.245727
vt 0.972168 0.396240
vt 0.880371 0.255127
vt 0.972168 0.406006
vt 0.874023 0.260986
vt 0.877441 0.217285
vt 0.981445 0.358643
vt 0.877930 0.194824
vt 0.981445 0.331055
vt 0.870606 0.187500
vt 0.981445 0.315918
vt 0.986328 0.405762
vt 0.904785 0.401611
vt 0.877930 0.224731
vt 0.981445 0.368164
vt 0.987793 0.376221
vt 0.876465 0.400635
vt 0.987793 0.315918
vt 0.904297 0.291016
vt 0.987793 0.368164
vt 0.867676 0.398682
vt 0.864746 0.342285
vt 0.987793 0.358643
vt 0.866211 0.333252
vt 0.986816 0.385254
vt 0.885254 0.400391
vt 0.986816 0.395996
vt 0.895508 0.400879
vt 0.854004 0.236939
vt 0.972168 0.244751
vt 0.858887 0.189941
vt 0.981445 0.297119
vt 0.856445 0.217285
vt 0.981445 0.261719
vt 0.987793 0.244141
vt 0.949219 0.399902
vt 0.987793 0.261719
vt 0.961426 0.334228
vt 0.987793 0.304443
vt 0.924316 0.291260
vt 0.987793 0.252197
vt 0.958008 0.398193
vt 0.962891 0.343262
vt 0.972168 0.214233
vt 0.860352 0.260986
vt 0.912598 0.378662
vt 0.912598 0.372559
vt 0.850586 0.306641
vt 0.912598 0.385498
vt 0.896973 0.372559
vt 0.840332 0.300049
vt 0.867188 0.395264
vt 0.868164 0.343506
vt 0.870606 0.363037
vt 0.849121 0.277344
vt 0.876953 0.361084
vt 0.848633 0.283691
vt 0.871094 0.364014
vt 0.876953 0.372559
vt 0.881348 0.375000
vt 0.895996 0.378174
vt 0.895019 0.384277
vt 0.868652 0.387451
vt 0.877930 0.390869
vt 0.878418 0.380615
vt 0.874023 0.369141
vt 0.885742 0.392578
vt 0.886231 0.382812
vt 0.890137 0.371338
vt 0.838867 0.293945
vt 0.887695 0.376953
vt 0.904297 0.378418
vt 0.903809 0.385254
vt 0.912598 0.394043
vt 0.904297 0.394287
vt 0.895019 0.393799
vt 0.958008 0.394775
vt 0.959473 0.344482
vt 0.958008 0.376953
vt 0.937500 0.353027
vt 0.953613 0.363281
vt 0.943848 0.374512
vt 0.948242 0.372070
vt 0.957031 0.376709
vt 0.956543 0.386719
vt 0.946777 0.379883
vt 0.959961 0.365478
vt 0.951172 0.368408
vt 0.947266 0.390381
vt 0.938965 0.382324
vt 0.937500 0.376465
vt 0.935059 0.371094
vt 0.861816 0.293701
vt 0.921387 0.385010
vt 0.920898 0.378418
vt 0.920410 0.372803
vt 0.856445 0.304199
vt 0.939453 0.392090
vt 0.930176 0.393555
vt 0.921387 0.394043
vt 0.929199 0.377930
vt 0.930176 0.384033
vt 0.850586 0.294434
vt 0.850098 0.270752
vt 0.913574 0.358154
vt 0.850098 0.277344
vt 0.850098 0.283691
vt 0.908203 0.320312
vt 0.902832 0.320557
vt 0.906738 0.307861
vt 0.898926 0.310791
vt 0.902832 0.351074
vt 0.892090 0.346924
vt 0.879883 0.340088
vt 0.904785 0.296387
vt 0.894531 0.300049
vt 0.870606 0.334717
vt 0.907227 0.328125
vt 0.884766 0.306885
vt 0.900391 0.326172
vt 0.891113 0.317383
vt 0.904785 0.339355
vt 0.895996 0.335938
vt 0.875977 0.319336
vt 0.884766 0.328125
vt 0.914062 0.320312
vt 0.914062 0.328857
vt 0.914062 0.340332
vt 0.913574 0.353027
vt 0.914062 0.307129
vt 0.914551 0.295410
vt 0.919922 0.320312
vt 0.925293 0.320801
vt 0.929199 0.311279
vt 0.921875 0.308105
vt 0.924805 0.351318
vt 0.935059 0.347412
vt 0.947754 0.340820
vt 0.923828 0.296631
vt 0.934082 0.300537
vt 0.920898 0.328369
vt 0.943359 0.307373
vt 0.927734 0.326416
vt 0.937500 0.317871
vt 0.943359 0.328857
vt 0.922852 0.339600
vt 0.931641 0.336426
vt 0.952148 0.320068
vt 0.957519 0.335938
vt 0.868652 0.168823
vt 0.885742 0.168335
vt 0.952148 0.168091
vt 0.968750 0.168579
vt 0.935547 0.168091
vt 0.564941 0.449463
vt 0.551758 0.449707
vt 0.604492 0.449463
vt 0.564941 0.484863
vt 0.558594 0.484863
vt 0.551758 0.484863
vt 0.604492 0.485107
vt 0.598144 0.485107
vt 0.591797 0.485107
vt 0.584961 0.484863
vt 0.578125 0.484863
vt 0.571777 0.484863
vt 0.558594 0.449463
vt 0.598144 0.449707
vt 0.591797 0.449707
vt 0.584961 0.449707
vt 0.578125 0.449707
vt 0.571777 0.449707
vt 0.902344 0.172607
vt 0.571777 0.429932
vt 0.868652 0.013969
vt 0.886231 0.013969
vt 0.988769 0.013969
vt 0.849121 0.013969
vt 0.956055 0.013969
vt 0.973144 0.013969
vt 0.938477 0.013969
vt 0.903320 0.013969
vt 0.920898 0.013969
vt 0.551758 0.433350
vt 0.604492 0.433350
vt 0.558594 0.433350
vt 0.564941 0.433350
vt 0.571777 0.433594
vt 0.578125 0.433594
vt 0.584961 0.433594
vt 0.591797 0.433594
vt 0.598144 0.433350
vt 0.849121 0.160156
vt 0.988769 0.161499
vt 0.867676 0.158936
vt 0.884766 0.158447
vt 0.901856 0.158203
vt 0.918457 0.158081
vt 0.936035 0.157837
vt 0.953125 0.158203
vt 0.970703 0.159302
vt 0.919434 0.074463
vt 0.937012 0.074524
vt 0.954590 0.074707
vt 0.971680 0.074829
vt 0.988769 0.074707
vt 0.849121 0.073364
vt 0.867188 0.074097
vt 0.884766 0.074402
vt 0.901856 0.074463
vt 0.971680 0.123596
vt 0.866699 0.122925
vt 0.884277 0.122681
vt 0.901367 0.122376
vt 0.918945 0.122192
vt 0.936523 0.122314
vt 0.954102 0.122742
vt 0.972168 0.032349
vt 0.867676 0.031952
vt 0.885742 0.032288
vt 0.902832 0.032440
vt 0.920410 0.032532
vt 0.937988 0.032623
vt 0.955078 0.032562
vt 0.979981 0.436768
vt 0.979981 0.449463
vt 0.973633 0.436768
vt 0.973633 0.449463
vt 0.979981 0.440674
vt 0.992676 0.440674
vt 0.967285 0.440674
vt 0.973633 0.445557
vt 0.992676 0.445557
vt 0.967285 0.445557
vt 0.979492 0.460449
vt 0.958496 0.460449
vt 0.979492 0.463135
vt 0.979492 0.454590
vt 0.958496 0.463135
vt 0.958496 0.454590
vt 0.979492 0.457275
vt 0.850586 0.428467
vt 0.850586 0.440430
vt 0.923828 0.428467
vt 0.981445 0.428467
vt 0.991699 0.428467
vt 0.962891 0.440430
vt 0.893555 0.424072
vt 0.910644 0.424072
vt 0.923828 0.424072
vt 0.960938 0.424072
vt 0.981445 0.424072
vt 0.871094 0.431885
vt 0.871094 0.420410
vt 0.937500 0.431885
vt 0.937500 0.420410
vt 0.981445 0.431885
vt 0.981445 0.420410
vt 0.949219 0.440430
vt 0.881836 0.444824
vt 0.896484 0.444824
vt 0.918945 0.444824
vt 0.949219 0.444824
vt 0.932617 0.436768
vt 0.932617 0.448486
vt 0.956055 0.217285
vt 0.956055 0.199829
vt 0.896484 0.199829
vt 0.896484 0.217285
vt 0.945801 0.265625
vt 0.945801 0.282227
vt -0.897949 0.611816
vt -0.912109 0.611816
vt -0.850586 0.611328
vt -0.871582 0.562012
vt -0.888672 0.562988
vt -0.892090 0.566406
vt -0.891602 0.611816
vt -0.913086 0.568359
vt -0.871582 0.555664
vt -0.856934 0.611328
vt -0.856934 0.568848
vt -0.886231 0.569824
vt -0.871582 0.611328
vt -0.871582 0.568359
vt -0.885742 0.611816
vt -0.380859 0.511231
vt -0.376709 0.530762
vt -0.363770 0.527832
vt -0.412598 0.546875
vt -0.439697 0.531738
vt -0.378174 0.547852
vt -0.361084 0.551269
vt -0.416992 0.587891
vt -0.415772 0.567383
vt -0.439209 0.579102
vt -0.443603 0.550293
vt -0.458496 0.549316
vt -0.399414 0.567383
vt -0.395264 0.585449
vt -0.383789 0.563965
vt -0.371338 0.570312
vt -0.430664 0.560547
vt -0.393799 0.505371
vt -0.403565 0.524902
vt -0.391357 0.527832
vt -0.397461 0.547852
vt -0.416504 0.520996
vt -0.425293 0.541016
vt -0.408203 0.500977
vt -0.427978 0.515625
vt -0.434815 0.502930
vt -0.455566 0.522461
vt -0.533203 0.781250
vt -0.518555 0.797363
vt -0.519043 0.701660
vt -0.611816 0.796387
vt -0.612305 0.703613
vt -0.564941 0.790039
vt -0.565430 0.709473
vt -0.605469 0.750000
vt -0.524414 0.749512
vt -0.566406 0.683594
vt -0.565918 0.815430
vt -0.498047 0.749512
vt -0.631836 0.750000
vt -0.564941 0.749512
vt -0.590332 0.750000
vt -0.597168 0.807617
vt -0.597656 0.692383
vt -0.541504 0.724121
vt -0.539551 0.736328
vt -0.552734 0.735840
vt -0.618652 0.733398
vt -0.541016 0.785644
vt -0.538086 0.799316
vt -0.525879 0.763184
vt -0.511231 0.766602
vt -0.589356 0.763184
vt -0.576172 0.763672
vt -0.541016 0.774902
vt -0.539062 0.762695
vt -0.587891 0.724609
vt -0.589844 0.736328
vt -0.525879 0.735840
vt -0.604004 0.736328
vt -0.605469 0.709961
vt -0.604981 0.789551
vt -0.533203 0.717773
vt -0.588379 0.785644
vt -0.588379 0.713867
vt -0.600098 0.775391
vt -0.548828 0.685547
vt -0.548340 0.813477
vt -0.510254 0.787109
vt -0.510742 0.711914
vt -0.620606 0.750000
vt -0.619629 0.786621
vt -0.620117 0.713379
vt -0.552246 0.749512
vt -0.564941 0.776856
vt -0.564941 0.722168
vt -0.564941 0.735352
vt -0.564941 0.763672
vt -0.576660 0.749512
vt -0.538086 0.749512
vt -0.628418 0.730469
vt -0.628418 0.769531
vt -0.501465 0.729004
vt -0.501465 0.769531
vt -0.509277 0.749512
vt -0.564941 0.805176
vt -0.582031 0.813477
vt -0.534180 0.808106
vt -0.565430 0.694336
vt -0.582519 0.686035
vt -0.534668 0.690918
vt -0.604004 0.763184
vt -0.525391 0.709473
vt -0.524902 0.790039
vt -0.596680 0.781250
vt -0.596680 0.718262
vt -0.541504 0.713867
vt -0.600586 0.724121
vt -0.529785 0.723633
vt -0.553711 0.723144
vt -0.611816 0.718262
vt -0.553223 0.789062
vt -0.550293 0.803223
vt -0.579102 0.695801
vt -0.576660 0.710449
vt -0.550781 0.695801
vt -0.538574 0.700195
vt -0.578613 0.803711
vt -0.591797 0.798828
vt -0.529297 0.775391
vt -0.518066 0.781738
vt -0.511231 0.732422
vt -0.618652 0.766602
vt -0.587891 0.774902
vt -0.575684 0.776367
vt -0.552734 0.763184
vt -0.576172 0.735840
vt -0.575684 0.723144
vt -0.553711 0.776367
vt -0.611816 0.781250
vt -0.518066 0.717285
vt -0.576172 0.789062
vt -0.553223 0.710449
vt -0.592285 0.700684
vt -0.019897 0.579102
vt -0.028656 0.592285
vt -0.041779 0.601074
vt -0.057617 0.604492
vt -0.073425 0.601562
vt -0.086853 0.592773
vt -0.095947 0.579590
vt -0.099243 0.563477
vt -0.096130 0.547852
vt -0.087219 0.534180
vt -0.073608 0.525391
vt -0.057770 0.522461
vt -0.041840 0.525391
vt -0.028488 0.534668
vt -0.019791 0.547852
vt -0.016830 0.563477
vt -0.039368 0.570801
vt -0.099487 0.495605
vt -0.050262 0.581543
vt -0.107422 0.503418
vt -0.058044 0.583496
vt -0.113098 0.504883
vt -0.072083 0.577637
vt -0.123291 0.500488
vt -0.076477 0.555664
vt -0.126465 0.484619
vt -0.072144 0.549316
vt -0.123291 0.479980
vt -0.065674 0.544922
vt -0.118591 0.476807
vt -0.058105 0.543457
vt -0.113098 0.475586
vt -0.039398 0.555664
vt -0.099487 0.484619
vt -0.037903 0.563477
vt -0.098389 0.490234
vt -0.113037 0.490234
vt -0.023331 0.577637
vt -0.020599 0.562988
vt -0.023422 0.548828
vt -0.031464 0.536621
vt -0.043671 0.528809
vt -0.058167 0.525879
vt -0.072449 0.528809
vt -0.084595 0.536621
vt -0.092712 0.548828
vt -0.095642 0.563477
vt -0.092712 0.577637
vt -0.084595 0.589844
vt -0.072449 0.598144
vt -0.058044 0.600586
vt -0.043457 0.597656
vt -0.031235 0.589844
vt -0.117920 0.490234
vt -0.123108 0.490234
vt -0.107971 0.490234
vt -0.102966 0.490234
vt -0.034576 0.480469
vt -0.032135 0.480469
vt -0.029663 0.480469
vt -0.034576 0.505371
vt -0.032135 0.505371
vt -0.029694 0.505371
vt -0.034241 0.506348
vt -0.032166 0.506836
vt -0.029922 0.506348
vt -0.015320 0.506836
vt -0.034515 0.506836
vt -0.020233 0.506836
vt -0.029633 0.506836
vt -0.015594 0.505859
vt -0.017700 0.506348
vt -0.019958 0.505859
vt -0.015289 0.504883
vt -0.017731 0.504883
vt -0.020172 0.504883
vt -0.015266 0.480469
vt -0.017731 0.480469
vt -0.020187 0.480469
vt -0.014633 0.480469
vt -0.035217 0.480469
vt -0.045380 0.480713
vt -0.042908 0.480469
vt -0.040436 0.480713
vt -0.045349 0.504394
vt -0.042908 0.504394
vt -0.040466 0.504394
vt -0.045136 0.505371
vt -0.042908 0.505859
vt -0.040680 0.505371
vt -0.052002 0.506348
vt -0.045471 0.505859
vt -0.042908 0.506348
vt -0.054565 0.506836
vt -0.052338 0.505371
vt -0.054565 0.505859
vt -0.056793 0.505371
vt -0.052124 0.504394
vt -0.054565 0.504394
vt -0.057007 0.504394
vt -0.052094 0.480957
vt -0.054565 0.480957
vt -0.057037 0.480957
vt -0.057861 0.480957
vt -0.039642 0.480713
vt -0.057831 0.504883
vt -0.039673 0.504394
vt -0.051300 0.504883
vt -0.046143 0.504394
vt -0.070557 0.479736
vt -0.068054 0.479736
vt -0.065613 0.479736
vt -0.070496 0.503906
vt -0.068054 0.503906
vt -0.065674 0.503906
vt -0.070190 0.504883
vt -0.068054 0.505371
vt -0.065979 0.504883
vt -0.080750 0.506348
vt -0.070496 0.505859
vt -0.068054 0.506348
vt -0.083191 0.506348
vt -0.085571 0.506348
vt -0.065674 0.505859
vt -0.081055 0.505371
vt -0.083191 0.505859
vt -0.085266 0.505371
vt -0.080750 0.504394
vt -0.083191 0.504394
vt -0.085571 0.504394
vt -0.080688 0.480225
vt -0.083191 0.480225
vt -0.085632 0.480225
vt -0.086365 0.504394
vt -0.064880 0.503906
vt -0.258789 0.542969
vt -0.086060 0.646973
vt -0.259277 0.534180
vt -0.271240 0.536621
vt -0.152344 0.534180
vt -0.142578 0.536621
vt -0.054779 0.649902
vt -0.055328 0.658203
vt 0.945801 0.260742
vt -0.054291 0.260742
vt 0.945801 0.244141
vt -0.054291 0.244141
vt -0.103577 0.244141
vt -0.103577 0.260742
vt -0.044373 0.239624
vt -0.044373 0.222290
vt -0.103577 0.222290
vt -0.103577 0.239624
vt -0.015717 0.195801
vt -0.015717 0.179199
vt -0.103577 0.179199
vt -0.103577 0.195801
vt -0.536133 0.936523
vt -0.528320 0.936523
vt -0.536133 0.944824
vt -0.528320 0.944824
vt -0.528320 0.923828
vt -0.523438 0.936523
vt -0.466797 0.839844
vt -0.536133 0.923828
vt -0.479248 0.863769
vt -0.528320 0.954590
vt -0.536133 0.954590
vt -0.528320 0.967773
vt -0.523438 0.967773
vt -0.494385 0.848633
vt -0.523438 0.954590
vt -0.485107 0.839356
vt -0.536133 0.967773
vt -0.577637 0.939453
vt -0.599121 0.933106
vt -0.599121 0.927246
vt -0.599609 0.917969
vt -0.604004 0.943848
vt -0.600586 0.937988
vt -0.577148 0.932129
vt -0.577148 0.919922
vt -0.582519 0.957519
vt -0.579102 0.946777
vt -0.554688 0.922852
vt -0.554688 0.935547
vt -0.555176 0.943848
vt -0.555176 0.952637
vt -0.556152 0.965820
vt -0.528320 0.909668
vt -0.558106 0.981445
vt -0.558106 0.837891
vt -0.613769 0.929199
vt -0.613769 0.890137
vt -0.613281 0.926269
vt -0.613281 0.893066
vt -0.600586 0.909668
vt -0.577148 0.909668
vt -0.554688 0.909668
vt -0.536133 0.909668
vt -0.528320 0.895996
vt -0.528320 0.883301
vt -0.528320 0.875000
vt -0.523438 0.895996
vt -0.457520 0.878418
vt -0.523438 0.883301
vt -0.466797 0.888184
vt -0.536133 0.883301
vt -0.536133 0.875000
vt -0.536133 0.895996
vt -0.528320 0.865234
vt -0.528320 0.852051
vt -0.523438 0.865234
vt -0.485107 0.888672
vt -0.536133 0.865234
vt -0.536133 0.852051
vt -0.554688 0.884277
vt -0.555176 0.875977
vt -0.577148 0.887695
vt -0.554688 0.896973
vt -0.577148 0.899414
vt -0.555176 0.867188
vt -0.582519 0.862305
vt -0.579102 0.872559
vt -0.556152 0.854004
vt -0.599121 0.886719
vt -0.599121 0.892578
vt -0.599609 0.901367
vt -0.600586 0.881348
vt -0.604004 0.875488
vt -0.611328 0.893066
vt -0.611328 0.891113
vt -0.611816 0.889160
vt -0.577637 0.879883
vt -0.611816 0.886719
vt -0.607910 0.880371
vt -0.605469 0.884766
vt -0.604004 0.888672
vt -0.604004 0.893066
vt -0.604981 0.900879
vt -0.606934 0.909668
vt -0.604981 0.918945
vt -0.604004 0.926269
vt -0.604004 0.931152
vt -0.605469 0.935059
vt -0.607910 0.938965
vt -0.613769 0.933594
vt -0.613769 0.885742
vt -0.611816 0.933106
vt -0.611816 0.930176
vt -0.611328 0.928223
vt -0.611328 0.926269
vt -0.610352 0.922852
vt -0.610352 0.896484
vt -0.243774 0.298828
vt -0.284912 0.299072
vt -0.236084 0.299072
vt -0.277344 0.299072
vt -0.272705 0.298828
vt -0.268310 0.298828
vt -0.260498 0.298828
vt -0.252930 0.298828
vt -0.248413 0.298828
vt -0.260498 0.379150
vt -0.267822 0.379150
vt -0.272217 0.379150
vt -0.276611 0.378906
vt -0.244507 0.378906
vt -0.248901 0.379150
vt -0.253174 0.379150
vt -0.243652 0.422852
vt -0.236450 0.421143
vt -0.285156 0.421631
vt -0.277588 0.423340
vt -0.273193 0.424316
vt -0.268799 0.425049
vt -0.260742 0.425781
vt -0.253174 0.425049
vt -0.248291 0.424072
vt -0.260498 0.382080
vt -0.253174 0.382080
vt -0.248901 0.381836
vt -0.244507 0.381592
vt -0.237183 0.381348
vt -0.283935 0.381592
vt -0.276611 0.381836
vt -0.272217 0.381836
vt -0.267822 0.382080
vt -0.253418 0.384522
vt -0.249023 0.384277
vt -0.244629 0.384033
vt -0.276367 0.384033
vt -0.272217 0.384277
vt -0.267822 0.384522
vt -0.260498 0.384522
vt -0.245727 0.428467
vt -0.251221 0.430176
vt -0.260742 0.431641
vt -0.270020 0.430664
vt -0.274902 0.429443
vt -0.279297 0.427978
vt -0.260498 0.489502
vt -0.261719 0.489502
vt -0.254395 0.494629
vt -0.256836 0.491943
vt -0.259277 0.489990
vt -0.260742 0.486572
vt -0.262940 0.486572
vt -0.266846 0.489014
vt -0.268799 0.497070
vt -0.250732 0.496826
vt -0.251709 0.493408
vt -0.255127 0.489746
vt -0.258789 0.487060
vt -0.268066 0.468262
vt -0.261475 0.468506
vt -0.255859 0.469971
vt -0.278809 0.471191
vt -0.239990 0.478027
vt -0.246582 0.473877
vt -0.236939 0.482178
vt -0.285645 0.484863
vt -0.288818 0.460449
vt -0.260986 0.451172
vt -0.289062 0.476807
vt -0.240967 0.464111
vt -0.264160 0.491699
vt -0.266113 0.494385
vt -0.269531 0.493408
vt -0.285889 0.478760
vt -0.305908 0.475830
vt -0.213501 0.471680
vt -0.203735 0.460205
vt -0.317383 0.464111
vt -0.327881 0.491211
vt -0.326416 0.496338
vt -0.186279 0.495117
vt -0.185059 0.490234
vt -0.178345 0.482666
vt -0.334228 0.485352
vt -0.330810 0.492432
vt -0.180298 0.494629
vt -0.331543 0.495850
vt -0.181396 0.491455
vt -0.178711 0.488770
vt -0.176392 0.485840
vt -0.335449 0.488037
vt -0.175293 0.491455
vt -0.335938 0.493164
vt -0.229858 0.479248
vt -0.218018 0.474121
vt -0.301758 0.478272
vt -0.299560 0.510742
vt -0.297119 0.510742
vt -0.218506 0.510742
vt -0.215576 0.510254
vt -0.212646 0.509766
vt -0.211060 0.511719
vt -0.303711 0.512695
vt -0.302246 0.510742
vt -0.319092 0.459473
vt -0.200317 0.456299
vt -0.342773 0.450684
vt -0.346435 0.453613
vt -0.167725 0.455810
vt -0.170410 0.452148
vt -0.170532 0.443359
vt -0.168213 0.439697
vt -0.342041 0.438965
vt -0.340820 0.443115
vt -0.343750 0.446045
vt -0.344727 0.448975
vt -0.165039 0.452393
vt -0.347900 0.449707
vt -0.167847 0.450928
vt -0.168091 0.444336
vt -0.344971 0.440918
vt -0.165527 0.442627
vt -0.343018 0.443115
vt -0.230835 0.477539
vt -0.215332 0.473633
vt -0.318603 0.461914
vt -0.325195 0.464111
vt -0.195801 0.460205
vt -0.201050 0.458252
vt -0.207153 0.459228
vt -0.204956 0.456787
vt -0.218384 0.470215
vt -0.203369 0.454102
vt -0.221802 0.471924
vt -0.215210 0.467773
vt -0.308594 0.457275
vt -0.315185 0.460449
vt -0.238525 0.452637
vt -0.223389 0.440918
vt -0.217651 0.434082
vt -0.295654 0.443603
vt -0.303955 0.432617
vt -0.214477 0.429443
vt -0.230225 0.447754
vt -0.283447 0.431885
vt -0.231445 0.425781
vt -0.289062 0.427246
vt -0.237915 0.430420
vt -0.242920 0.432617
vt -0.249634 0.436035
vt -0.293945 0.432861
vt -0.254395 0.445312
vt -0.245605 0.443359
vt -0.237427 0.439697
vt -0.231445 0.435547
vt -0.226074 0.430420
vt -0.317627 0.446045
vt -0.232300 0.460205
vt -0.226196 0.473877
vt -0.224731 0.476074
vt -0.211914 0.453125
vt -0.208130 0.446289
vt -0.312988 0.444580
vt -0.290527 0.481445
vt -0.292480 0.471191
vt -0.197510 0.437012
vt -0.317871 0.440185
vt -0.199829 0.442627
vt -0.202026 0.448730
vt -0.223389 0.454102
vt -0.216186 0.445801
vt -0.210571 0.437500
vt -0.211792 0.463623
vt -0.209473 0.465576
vt -0.182251 0.486084
vt -0.333252 0.490234
vt -0.330566 0.487793
vt -0.311035 0.469238
vt -0.308838 0.467529
vt -0.303711 0.463379
vt -0.302734 0.449219
vt -0.301270 0.437744
vt -0.307861 0.442139
vt -0.272949 0.436279
vt -0.261230 0.438477
vt -0.280273 0.449707
vt -0.267090 0.442627
vt -0.304199 0.478027
vt -0.307129 0.483643
vt -0.211670 0.478516
vt -0.302246 0.474121
vt -0.295410 0.477539
vt -0.247803 0.458008
vt -0.278076 0.434570
vt -0.268799 0.450195
vt -0.298096 0.468018
vt -0.311523 0.450440
vt -0.205322 0.440674
vt -0.217407 0.459228
vt -0.223511 0.464355
vt -0.230469 0.468506
vt -0.235474 0.472412
vt -0.286133 0.484619
vt -0.236572 0.481201
vt -0.269287 0.459473
vt -0.341065 0.446777
vt -0.335938 0.448242
vt -0.317383 0.452148
vt -0.167969 0.447510
vt -0.171143 0.447754
vt -0.296143 0.479492
vt -0.291016 0.482910
vt -0.240967 0.426514
vt -0.292480 0.511231
vt -0.223511 0.511231
vt -0.295898 0.508789
vt -0.299560 0.507812
vt -0.303223 0.508301
vt -0.207886 0.508301
vt -0.307129 0.510254
vt -0.211914 0.506836
vt -0.216186 0.506836
vt -0.220337 0.508301
vt -0.319336 0.446289
vt -0.197510 0.443115
vt -0.319092 0.452393
vt -0.199463 0.449219
vt -0.329102 0.456055
vt -0.327881 0.450440
vt -0.327148 0.444824
vt -0.187744 0.443359
vt -0.188477 0.449463
vt -0.187744 0.455078
vt -0.250977 0.483154
vt -0.245605 0.487793
vt -0.277588 0.487305
vt -0.273193 0.481201
vt -0.265381 0.478760
vt -0.260986 0.478760
vt -0.257324 0.479736
vt -0.288330 0.447510
vt -0.275635 0.441162
vt -0.281738 0.439453
vt -0.288330 0.436768
vt -0.295898 0.455566
vt -0.282715 0.465332
vt -0.287109 0.477539
vt -0.238403 0.475342
vt -0.244751 0.468506
vt -0.255371 0.462158
vt -0.261719 0.460205
vt -0.302734 0.491211
vt -0.297852 0.491699
vt -0.292480 0.493164
vt -0.230835 0.492676
vt -0.287109 0.495117
vt -0.225830 0.490478
vt -0.220337 0.488770
vt -0.214966 0.487793
vt -0.288818 0.504394
vt -0.228271 0.503418
vt -0.223267 0.500977
vt -0.217895 0.499023
vt -0.212280 0.498535
vt -0.303711 0.500977
vt -0.298584 0.500977
vt -0.293701 0.501953
vt -0.315918 0.481445
vt -0.313232 0.486328
vt -0.203735 0.485840
vt -0.201416 0.479736
vt -0.198242 0.474609
vt -0.193848 0.469971
vt -0.188477 0.466065
vt -0.329346 0.470215
vt -0.324463 0.473389
vt -0.319824 0.477051
vt -0.322754 0.487793
vt -0.337891 0.453125
vt -0.335205 0.443359
vt -0.175659 0.437256
vt -0.335205 0.437988
vt -0.177490 0.442627
vt -0.178101 0.448242
vt -0.177124 0.453857
vt -0.340820 0.457764
vt -0.174927 0.458984
vt -0.326416 0.483643
vt -0.330810 0.480225
vt -0.178955 0.473633
vt -0.335938 0.477539
vt -0.184204 0.477051
vt -0.191895 0.486328
vt -0.320068 0.493164
vt -0.194214 0.491943
vt -0.188721 0.481445
vt -0.254883 0.454346
vt -0.241089 0.553711
vt -0.027161 0.863769
vt -0.053497 0.862793
vt -0.241089 0.567383
vt -0.255127 0.567383
vt -0.269287 0.567383
vt -0.290772 0.567383
vt -0.312012 0.567383
vt -0.326172 0.567383
vt -0.155884 0.567383
vt -0.170044 0.567383
vt -0.191650 0.567383
vt -0.213013 0.567383
vt -0.227051 0.567383
vt -0.170044 0.553711
vt -0.070374 0.843750
vt -0.141846 0.553711
vt -0.340088 0.553711
vt -0.080444 0.864258
vt -0.255127 0.587891
vt -0.241089 0.587891
vt -0.227051 0.587891
vt -0.213013 0.587891
vt -0.191650 0.587891
vt -0.170044 0.587891
vt -0.155884 0.587891
vt -0.326172 0.587891
vt -0.312012 0.587891
vt -0.290772 0.587891
vt -0.269287 0.587891
vt -0.142700 0.457520
vt -0.135986 0.457520
vt -0.142700 0.453613
vt -0.142700 0.465820
vt -0.122559 0.453613
vt -0.149170 0.453613
vt -0.122559 0.465820
vt -0.149170 0.465820
vt -0.135986 0.461914
vt -0.092712 0.456299
vt -0.088684 0.456299
vt -0.072144 0.456299
vt -0.072144 0.453613
vt -0.072144 0.462158
vt -0.063477 0.456299
vt -0.046509 0.456299
vt -0.067322 0.453613
vt -0.067322 0.462158
vt -0.063477 0.453613
vt -0.063477 0.462158
vt -0.046509 0.453613
vt -0.046509 0.462158
vt -0.063477 0.459473
vt -0.118408 0.456299
vt -0.118408 0.453613
vt -0.118408 0.462158
vt -0.118408 0.459473
vt -0.097839 0.459473
vt -0.106201 0.456299
vt -0.106201 0.453613
vt -0.106201 0.462158
vt -0.106201 0.459473
vt -0.132935 0.255615
vt -0.132935 0.246094
vt -0.132935 0.237183
vt -0.132935 0.224976
vt -0.132935 0.217651
vt -0.132935 0.204956
vt -0.132935 0.195068
vt -0.132935 0.186768
vt -0.018784 0.310059
vt -0.012100 0.310059
vt -0.085571 0.289307
vt -0.027618 0.385254
vt -0.117920 0.245727
vt -0.027618 0.396240
vt -0.119629 0.255127
vt -0.027618 0.406006
vt -0.126099 0.260986
vt -0.125000 0.189941
vt -0.018784 0.322998
vt -0.129395 0.187500
vt -0.018784 0.315918
vt -0.120789 0.233276
vt -0.019852 0.375732
vt -0.013519 0.405762
vt -0.095276 0.401611
vt -0.122192 0.224731
vt -0.018784 0.368164
vt -0.012100 0.376221
vt -0.123718 0.400635
vt -0.012100 0.322998
vt -0.106506 0.294678
vt -0.012100 0.358643
vt -0.133667 0.333252
vt -0.013145 0.385254
vt -0.114868 0.400391
vt -0.146240 0.236939
vt -0.027618 0.244751
vt -0.145142 0.204712
vt -0.018784 0.276855
vt -0.143677 0.194824
vt -0.018784 0.289307
vt -0.140869 0.189941
vt -0.018784 0.297119
vt -0.013428 0.235107
vt -0.059753 0.399658
vt -0.143677 0.224731
vt -0.018784 0.252197
vt -0.143555 0.217285
vt -0.018784 0.261719
vt -0.012100 0.261719
vt -0.038452 0.334228
vt -0.012100 0.276855
vt -0.044250 0.316406
vt -0.012100 0.297119
vt -0.064819 0.295166
vt -0.027618 0.224121
vt -0.146240 0.255127
vt -0.013596 0.214600
vt -0.079163 0.401367
vt -0.087463 0.378662
vt -0.087402 0.385498
vt -0.133057 0.377685
vt -0.110107 0.352539
vt -0.123108 0.361084
vt -0.151245 0.283691
vt -0.134155 0.371582
vt -0.099426 0.356445
vt -0.123291 0.372559
vt -0.118774 0.375000
vt -0.104126 0.378174
vt -0.104797 0.384277
vt -0.131226 0.387451
vt -0.122131 0.390869
vt -0.121521 0.380615
vt -0.131592 0.395508
vt -0.125977 0.369141
vt -0.114319 0.392578
vt -0.113770 0.382812
vt -0.112183 0.376953
vt -0.095947 0.378418
vt -0.096069 0.385254
vt -0.087341 0.394043
vt -0.095825 0.394287
vt -0.104919 0.393799
vt -0.060211 0.369141
vt -0.139160 0.289062
vt -0.041992 0.394775
vt -0.040436 0.344482
vt -0.052399 0.361572
vt -0.147339 0.282715
vt -0.045746 0.362305
vt -0.148438 0.277344
vt -0.051941 0.360352
vt -0.148071 0.283691
vt -0.040741 0.370850
vt -0.073120 0.356690
vt -0.046143 0.363281
vt -0.056152 0.374512
vt -0.051636 0.372070
vt -0.053345 0.379883
vt -0.043091 0.395020
vt -0.049042 0.368408
vt -0.041931 0.370605
vt -0.052582 0.390381
vt -0.061066 0.382324
vt -0.062683 0.376465
vt -0.065125 0.371094
vt -0.138061 0.293701
vt -0.078735 0.385010
vt -0.078979 0.378418
vt -0.060333 0.392090
vt -0.069702 0.393555
vt -0.078796 0.394043
vt -0.070740 0.377930
vt -0.070007 0.384033
vt -0.149536 0.294434
vt -0.149780 0.270752
vt -0.086304 0.358154
vt -0.149780 0.277344
vt -0.091919 0.320312
vt -0.097168 0.320557
vt -0.093384 0.307861
vt -0.100952 0.310791
vt -0.097229 0.351074
vt -0.107727 0.346924
vt -0.120056 0.340088
vt -0.095337 0.296387
vt -0.105469 0.300049
vt -0.129395 0.334717
vt -0.092957 0.328125
vt -0.115051 0.306885
vt -0.099731 0.326172
vt -0.109070 0.317383
vt -0.095093 0.339355
vt -0.103943 0.335938
vt -0.124085 0.319336
vt -0.115234 0.328125
vt -0.085938 0.320312
vt -0.085999 0.328857
vt -0.086121 0.340332
vt -0.086243 0.353027
vt -0.085754 0.307129
vt -0.085632 0.295410
vt -0.079895 0.320312
vt -0.074646 0.320801
vt -0.070679 0.311279
vt -0.078186 0.308105
vt -0.075195 0.351318
vt -0.064819 0.347412
vt -0.052124 0.340820
vt -0.075989 0.296631
vt -0.065918 0.300537
vt -0.078979 0.328369
vt -0.056488 0.307373
vt -0.072205 0.326416
vt -0.062744 0.317871
vt -0.056732 0.328857
vt -0.077087 0.339600
vt -0.068176 0.336426
vt -0.047729 0.320068
vt -0.042603 0.335938
vt -0.131348 0.168823
vt -0.114441 0.168335
vt -0.150757 0.169434
vt -0.011177 0.169800
vt -0.047699 0.168091
vt -0.097839 0.168091
vt -0.434815 0.449463
vt -0.434815 0.484863
vt -0.441406 0.484863
vt -0.401855 0.485107
vt -0.408447 0.485107
vt -0.415039 0.484863
vt -0.421631 0.484863
vt -0.428223 0.484863
vt -0.441406 0.449463
vt -0.401855 0.449707
vt -0.408447 0.449707
vt -0.415039 0.449707
vt -0.421631 0.449707
vt -0.428223 0.449707
vt -0.114136 0.172607
vt -0.434815 0.429932
vt -0.081055 0.172607
vt -0.421631 0.429932
vt -0.048187 0.172607
vt -0.408447 0.430176
vt -0.131470 0.013969
vt -0.114014 0.013969
vt -0.011162 0.013969
vt -0.150757 0.013969
vt -0.043793 0.013969
vt -0.026688 0.013969
vt -0.061310 0.013969
vt -0.096741 0.013969
vt -0.079102 0.013969
vt -0.447998 0.433350
vt -0.395264 0.433350
vt -0.441406 0.433350
vt -0.434815 0.433350
vt -0.428223 0.433594
vt -0.421631 0.433594
vt -0.415039 0.433594
vt -0.408447 0.433594
vt -0.401855 0.433350
vt -0.132324 0.158936
vt -0.115173 0.158447
vt -0.098328 0.158203
vt -0.081299 0.158081
vt -0.064087 0.157837
vt -0.046783 0.158203
vt -0.029343 0.159302
vt -0.080505 0.074463
vt -0.062866 0.074524
vt -0.045471 0.074707
vt -0.028351 0.074829
vt -0.011154 0.074707
vt -0.150757 0.073364
vt -0.132935 0.074097
vt -0.115295 0.074402
vt -0.097961 0.074463
vt -0.028519 0.123596
vt -0.133179 0.122925
vt -0.115723 0.122681
vt -0.098511 0.122376
vt -0.081055 0.122192
vt -0.063354 0.122314
vt -0.045837 0.122742
vt -0.027878 0.032349
vt -0.011162 0.031860
vt -0.150757 0.031494
vt -0.132324 0.031952
vt -0.114502 0.032288
vt -0.097107 0.032440
vt -0.079651 0.032532
vt -0.062012 0.032623
vt -0.044708 0.032562
vt -0.013481 0.440674
vt -0.020172 0.440674
vt -0.013481 0.445557
vt -0.020172 0.445557
vt -0.020493 0.460449
vt -0.041321 0.463135
vt -0.041321 0.454590
vt -0.020493 0.457275
vt -0.041321 0.457275
vt -0.106567 0.428467
vt -0.089294 0.428467
vt -0.075928 0.428467
vt -0.018631 0.428467
vt -0.008492 0.428467
vt -0.037231 0.440430
vt -0.106567 0.424072
vt -0.075928 0.424072
vt -0.038849 0.424072
vt -0.129150 0.431885
vt -0.129150 0.420410
vt -0.018631 0.431885
vt -0.018631 0.420410
vt -0.135010 0.440430
vt -0.067444 0.444824
vt -0.091614 0.436768
vt -0.091614 0.448486
vt -0.044006 0.217285
vt -0.044006 0.199829
vt -0.103577 0.199829
vt -0.103577 0.217285
vt 0.896484 0.265625
vt -0.103577 0.265625
vt 0.896484 0.282227
vt -0.103577 0.282227
vt -0.054321 0.265625
vt -0.054321 0.282227
vt 0.544434 0.636719
vt 0.549805 0.642578
vt 0.551758 0.640137
vt 0.552246 0.636719
vt 0.551758 0.633789
vt 0.549805 0.631348
vt 0.547363 0.629394
vt 0.544434 0.628906
vt 0.541016 0.629394
vt 0.538574 0.631348
vt 0.537109 0.633789
vt 0.536133 0.636719
vt 0.537109 0.639648
vt 0.538574 0.642578
vt 0.541016 0.644043
vt 0.544434 0.645019
vt 0.547363 0.644043
vt 0.547363 0.636719
vt 0.549805 0.636719
vt 0.541504 0.636719
vt 0.538574 0.636719
vt 0.028610 0.033905
vt 0.029572 0.056335
vt 0.021591 0.030212
vt 0.344238 0.639160
vt 0.331543 0.640137
vt 0.336426 0.660156
vt 0.034515 0.012405
vt 0.049408 0.034485
vt 0.326904 0.626465
vt 0.025742 0.094727
vt 0.284180 0.639648
vt 0.052582 0.074707
vt 0.051239 0.014755
vt 0.338623 0.693359
vt 0.021347 0.103577
vt 0.349853 0.703613
vt 0.088196 0.035400
vt 0.089478 0.075378
vt 0.285156 0.678223
vt 0.283203 0.626953
vt 0.088135 0.013588
vt 0.028625 0.135742
vt 0.055817 0.134521
vt 0.339111 0.731934
vt 0.024368 0.169800
vt 0.129150 0.017670
vt 0.014557 0.158569
vt 0.354004 0.754394
vt 0.339600 0.765625
vt 0.131348 0.036865
vt 0.285400 0.731445
vt 0.128174 0.075317
vt 0.094971 0.133545
vt 0.351562 0.774414
vt 0.018845 0.180786
vt 0.186645 0.640137
vt 0.021255 0.202515
vt 0.350830 0.793457
vt 0.186279 0.677734
vt 0.148560 0.016983
vt 0.029541 0.215088
vt 0.151977 0.038361
vt 0.151123 0.062134
vt 0.057251 0.191650
vt 0.341797 0.805664
vt 0.166504 0.016891
vt 0.164917 0.042145
vt 0.134155 0.132690
vt 0.027313 0.257568
vt 0.343506 0.845703
vt 0.286133 0.786133
vt 0.173218 0.040100
vt 0.186768 0.626953
vt 0.167114 0.064087
vt 0.153076 0.094971
vt 0.176270 0.017502
vt 0.096863 0.190186
vt 0.186035 0.730469
vt 0.169067 0.088135
vt 0.056030 0.256103
vt 0.179688 0.075378
vt 0.210938 0.033508
vt 0.028473 0.298828
vt 0.343262 0.882812
vt 0.287353 0.846191
vt 0.353272 0.873535
vt 0.018814 0.288086
vt 0.012703 0.307617
vt 0.357178 0.891113
vt 0.218384 0.019150
vt 0.171509 0.105286
vt 0.024963 0.335938
vt 0.343994 0.916992
vt 0.162598 0.132446
vt 0.135132 0.188843
vt 0.356690 0.926269
vt 0.014420 0.345947
vt 0.185303 0.113525
vt 0.093140 0.254639
vt 0.186035 0.786621
vt 0.053558 0.315185
vt 0.174927 0.122742
vt 0.026535 0.371582
vt 0.227661 0.086243
vt 0.089294 0.626465
vt 0.165527 0.168579
vt 0.088318 0.639648
vt 0.342529 0.951172
vt 0.011093 0.381103
vt 0.358398 0.959961
vt 0.287598 0.899902
vt 0.176148 0.145508
vt 0.025894 0.394531
vt 0.343018 0.972168
vt 0.295898 0.019516
vt 0.186523 0.142700
vt 0.049744 0.371094
vt 0.311523 0.949219
vt 0.087585 0.313477
vt 0.130859 0.253662
vt 0.041077 0.391602
vt 0.178101 0.158203
vt 0.186157 0.846191
vt 0.318603 0.967773
vt 0.089294 0.678223
vt 0.166260 0.209717
vt 0.225586 0.137207
vt 0.189209 0.559082
vt 0.182861 0.176025
vt 0.314453 0.977051
vt 0.214844 0.573242
vt 0.195923 0.165649
vt 0.292969 0.034882
vt 0.084229 0.368652
vt 0.182007 0.196045
vt 0.057800 0.390869
vt 0.300537 0.969238
vt 0.227051 0.166382
vt 0.123413 0.311279
vt 0.185181 0.530762
vt 0.264648 0.949219
vt 0.076111 0.394043
vt 0.221680 0.560059
vt 0.186768 0.899902
vt 0.178223 0.216675
vt 0.198242 0.205200
vt 0.163208 0.253662
vt 0.277100 0.130127
vt 0.044678 0.625488
vt 0.348633 0.034119
vt 0.089355 0.731445
vt 0.276611 0.970703
vt 0.180054 0.240234
vt 0.349121 0.015793
vt 0.216919 0.531250
vt 0.300049 0.075806
vt 0.258057 0.150513
vt 0.789551 0.082459
vt 0.154785 0.293945
vt 0.040253 0.640137
vt 0.040070 0.660644
vt 0.122070 0.364502
vt 0.093445 0.396240
vt 0.277344 0.981934
vt 0.252441 0.574219
vt 0.179810 0.493652
vt 0.221802 0.949219
vt 0.402344 0.018875
vt 0.266846 0.557617
vt 0.814453 0.065247
vt 0.230469 0.208984
vt 0.252441 0.965820
vt 0.250488 0.178223
vt 0.182617 0.261963
vt 0.112183 0.391846
vt 0.037567 0.623535
vt 0.671875 0.010208
vt 0.251709 0.975586
vt 0.281250 0.570312
vt 0.196777 0.251221
vt 0.175903 0.287109
vt 0.028229 0.639648
vt 0.675781 0.031082
vt 0.213501 0.494873
vt 0.150757 0.330322
vt 0.347900 0.074280
vt 0.088867 0.786621
vt 0.269775 0.166016
vt 0.775391 0.083496
vt 0.663574 0.011917
vt 0.812012 0.094421
vt 0.286377 0.151489
vt 0.266113 0.530273
vt 0.039581 0.693848
vt 0.795898 0.061829
vt 0.113464 0.406738
vt 0.163940 0.462158
vt 0.798340 0.098206
vt 0.820801 0.051819
vt 0.668945 0.033936
vt 0.262695 0.184082
vt 0.817871 0.100586
vt 0.027771 0.660644
vt 0.677734 0.054657
vt 0.251953 0.207520
vt 0.824219 0.098938
vt 0.824707 0.047638
vt 0.232056 0.967285
vt 0.763672 0.083679
vt 0.174316 0.305664
vt 0.313721 0.121094
vt 0.823242 0.046112
vt 0.805664 0.105408
vt 0.669922 0.055420
vt 0.649414 0.033691
vt 0.169922 0.321045
vt 0.819824 0.043427
vt 0.276123 0.172119
vt 0.815918 0.048645
vt 0.646973 0.014793
vt 0.777832 0.101807
vt 0.823242 0.039673
vt 0.284424 0.188965
vt 0.288818 0.164307
vt 0.826172 0.041138
vt 0.277588 0.184570
vt 0.270996 0.182495
vt 0.190064 0.293457
vt 0.137085 0.389404
vt 0.800781 0.038300
vt 0.776367 0.060333
vt 0.802734 0.031494
vt 0.270020 0.192139
vt 0.805176 0.027817
vt 0.301758 0.192993
vt 0.026291 0.686035
vt 0.683106 0.081848
vt 0.263428 0.202148
vt 0.282227 0.191895
vt 0.154419 0.363281
vt 0.780762 0.110474
vt 0.228027 0.271240
vt 0.214966 0.966797
vt 0.404297 0.034698
vt 0.302246 0.196777
vt 0.311035 0.562500
vt 0.181763 0.454590
vt 0.275391 0.204346
vt 0.264648 0.219971
vt 0.171509 0.338379
vt 0.609863 0.032867
vt 0.346924 0.118652
vt 0.185913 0.949219
vt 0.297119 0.209961
vt 0.088074 0.846191
vt 0.264648 0.494873
vt 0.778809 0.020523
vt 0.040405 0.732422
vt 0.777832 0.029572
vt 0.185913 0.967285
vt 0.609375 0.012756
vt 0.647461 0.073242
vt 0.319336 0.144409
vt 0.674805 0.092346
vt 0.189697 0.329102
vt 0.395264 0.075623
vt 0.480469 0.018295
vt 0.751953 0.083435
vt 0.157715 0.390137
vt 0.318115 0.157471
vt 0.286133 0.230713
vt 0.314941 0.532227
vt 0.170532 0.355225
vt 0.037506 0.766602
vt 0.763672 0.102417
vt 0.326660 0.213989
vt 0.214844 0.455566
vt 0.156006 0.949219
vt 0.567871 0.015053
vt 0.169556 0.374023
vt 0.346191 0.143433
vt 0.763672 0.111389
vt 0.609375 0.073242
vt 0.328369 0.198608
vt 0.184326 0.422607
vt 0.345947 0.156128
vt 0.184204 0.362549
vt 0.763672 0.116333
vt 0.345947 0.162231
vt 0.486084 0.032074
vt 0.163818 0.966797
vt 0.345215 0.561523
vt 0.667969 0.133179
vt 0.737305 0.082397
vt 0.274414 0.282471
vt 0.223999 0.345703
vt 0.168213 0.392090
vt 0.565918 0.033905
vt 0.380371 0.121155
vt 0.166504 0.406494
vt 0.320068 0.242798
vt 0.763184 0.027664
vt 0.762695 0.017853
vt 0.643555 0.133057
vt 0.088684 0.899902
vt 0.547852 0.016342
vt 0.517578 0.016418
vt 0.374023 0.157349
vt 0.468018 0.085510
vt 0.312744 0.495850
vt 0.037262 0.805664
vt 0.180786 0.390137
vt 0.745117 0.115356
vt 0.373779 0.163330
vt 0.373535 0.144531
vt 0.344727 0.214477
vt 0.570801 0.073547
vt 0.182495 0.405273
vt 0.147339 0.967285
vt 0.749023 0.101685
vt 0.544922 0.035675
vt 0.532227 0.016129
vt 0.345215 0.199097
vt 0.264404 0.455322
vt 0.147095 0.977051
vt 0.386963 0.576660
vt 0.221314 0.422363
vt 0.380127 0.567383
vt 0.346680 0.532227
vt 0.666992 0.171509
vt 0.604981 0.131592
vt 0.746094 0.110290
vt 0.748535 0.029663
vt 0.522949 0.038483
vt 0.025833 0.774902
vt 0.682129 0.179443
vt 0.417725 0.129517
vt 0.126465 0.966309
vt 0.270508 0.348389
vt 0.746094 0.014954
vt 0.363525 0.195190
vt 0.315185 0.292969
vt 0.531738 0.039703
vt 0.747070 0.020889
vt 0.211304 0.407227
vt 0.546875 0.060028
vt 0.211304 0.389893
vt 0.027924 0.794434
vt 0.682129 0.201172
vt 0.113586 0.949219
vt 0.127197 0.976074
vt 0.406250 0.571289
vt 0.361084 0.198975
vt 0.036652 0.524414
vt 0.378174 0.532715
vt 0.035156 0.845703
vt 0.727539 0.097595
vt 0.511719 0.072937
vt 0.346435 0.496094
vt 0.053131 0.507324
vt 0.050201 0.530273
vt 0.025970 0.519043
vt 0.134644 0.519043
vt 0.037994 0.501953
vt 0.362793 0.214355
vt 0.407471 0.151245
vt 0.312500 0.456299
vt 0.035156 0.882324
vt 0.124268 0.524414
vt 0.532227 0.062622
vt 0.726074 0.038452
vt 0.102783 0.970703
vt 0.719727 0.104431
vt 0.667481 0.213989
vt 0.641602 0.192383
vt 0.420898 0.563477
vt 0.066223 0.534180
vt 0.067932 0.511231
vt 0.236694 0.404785
vt 0.234253 0.388916
vt 0.403565 0.163696
vt 0.122925 0.502441
vt 0.101013 0.982422
vt 0.435303 0.575684
vt 0.546875 0.093872
vt 0.710938 0.073853
vt 0.266357 0.415283
vt 0.081238 0.535644
vt 0.723144 0.032043
vt 0.067749 0.949219
vt 0.346191 0.295898
vt 0.387695 0.197144
vt 0.039948 0.472656
vt 0.080872 0.512695
vt 0.078430 0.968750
vt 0.563965 0.131592
vt 0.108215 0.507324
vt 0.111084 0.530273
vt 0.603516 0.190430
vt 0.469971 0.137085
vt 0.526856 0.085266
vt 0.021332 0.836426
vt 0.685059 0.246948
vt 0.717285 0.063782
vt 0.314941 0.352295
vt 0.095093 0.534180
vt 0.436523 0.150391
vt 0.055817 0.482666
vt 0.093750 0.511231
vt 0.070007 0.487549
vt 0.714356 0.093445
vt 0.393066 0.210083
vt 0.370605 0.243042
vt 0.505371 0.113220
vt 0.666016 0.256592
vt 0.034363 0.916992
vt 0.121216 0.472900
vt 0.346435 0.455810
vt 0.710449 0.048706
vt 0.426025 0.531250
vt 0.423584 0.166260
vt 0.380127 0.495850
vt 0.256348 0.389404
vt 0.707519 0.099670
vt 0.706543 0.043884
vt 0.254639 0.401367
vt 0.049133 0.451172
vt 0.643066 0.255371
vt 0.091675 0.487549
vt 0.415527 0.172363
vt 0.080872 0.489014
vt 0.060852 0.463867
vt 0.525879 0.104797
vt 0.404541 0.230469
vt 0.467773 0.561523
vt 0.535644 0.131592
vt 0.281494 0.385986
vt 0.061066 0.966797
vt 0.377441 0.293457
vt 0.704590 0.104553
vt 0.411133 0.172241
vt 0.562500 0.188965
vt 0.064026 0.977051
vt 0.474121 0.574219
vt 0.703125 0.040344
vt 0.405273 0.188965
vt 0.281494 0.400635
vt 0.105591 0.482422
vt 0.670410 0.298096
vt 0.409424 0.192993
vt 0.314209 0.417480
vt 0.706055 0.052063
vt 0.702148 0.098511
vt 0.702148 0.047485
vt 0.038330 0.949707
vt 0.072449 0.469482
vt 0.442139 0.177368
vt 0.467041 0.166504
vt 0.520996 0.123596
vt 0.416016 0.205322
vt 0.506348 0.142700
vt 0.058624 0.444092
vt 0.703613 0.046448
vt 0.606934 0.255127
vt 0.428955 0.183594
vt 0.039764 0.968262
vt 0.066101 0.454834
vt 0.019821 0.925781
vt 0.686035 0.346191
vt 0.419678 0.182739
vt 0.112183 0.451172
vt 0.080872 0.470703
vt 0.022934 0.942383
vt 0.688477 0.364014
vt 0.347168 0.353760
vt 0.089233 0.469482
vt 0.530762 0.168701
vt 0.517090 0.141968
vt 0.346680 0.420654
vt 0.672363 0.337158
vt 0.305420 0.390381
vt 0.427978 0.495361
vt 0.074219 0.460693
vt 0.042206 0.979004
vt 0.496582 0.574707
vt 0.100586 0.463623
vt 0.427002 0.219971
vt 0.380371 0.455322
vt 0.068787 0.442139
vt 0.420898 0.192383
vt 0.474121 0.531738
vt 0.019394 0.958496
vt 0.690430 0.381103
vt 0.500977 0.560547
vt 0.076050 0.452637
vt 0.645019 0.316406
vt 0.427734 0.201050
vt 0.306152 0.399658
vt 0.418701 0.281982
vt 0.438721 0.205566
vt 0.073853 0.447022
vt 0.080811 0.461670
vt 0.102783 0.444092
vt 0.497070 0.165405
vt 0.460938 0.206543
vt 0.675293 0.373535
vt 0.021988 0.978516
vt 0.518066 0.574707
vt 0.687988 0.400879
vt 0.087402 0.460449
vt 0.513672 0.158691
vt 0.326660 0.391846
vt 0.080750 0.443359
vt 0.080811 0.451416
vt 0.092651 0.442139
vt 0.095337 0.454834
vt 0.568848 0.253418
vt 0.085571 0.452637
vt 0.378662 0.352539
vt 0.325684 0.401123
vt 0.087646 0.447022
vt 0.675293 0.393310
vt 0.495117 0.205322
vt 0.611328 0.314941
vt 0.509277 0.176636
vt 0.347168 0.390381
vt 0.648438 0.373535
vt 0.523438 0.558106
vt 0.673828 0.407959
vt 0.533203 0.209595
vt 0.464111 0.271240
vt 0.347412 0.401855
vt 0.509766 0.196777
vt 0.504883 0.532227
vt 0.379395 0.418701
vt 0.427978 0.454102
vt 0.479248 0.495605
vt 0.656250 0.394043
vt 0.369141 0.401123
vt 0.423096 0.348877
vt 0.368652 0.394287
vt 0.494385 0.250732
vt 0.613769 0.372559
vt 0.574707 0.312744
vt 0.513184 0.218506
vt 0.641113 0.395508
vt 0.425781 0.415772
vt 0.475586 0.454590
vt 0.538086 0.253418
vt 0.387451 0.393555
vt 0.622070 0.399170
vt 0.514160 0.241699
vt 0.387207 0.399170
vt 0.411621 0.384277
vt 0.513184 0.495361
vt 0.411865 0.399414
vt 0.542481 0.293213
vt 0.514648 0.261963
vt 0.499756 0.291260
vt 0.576172 0.369141
vt 0.469727 0.347168
vt 0.519043 0.283203
vt 0.470459 0.418945
vt 0.604492 0.403320
vt 0.435547 0.390625
vt 0.508301 0.455810
vt 0.527832 0.484863
vt 0.603027 0.416748
vt 0.436035 0.398926
vt 0.547363 0.330566
vt 0.585449 0.397705
vt 0.458496 0.388428
vt 0.525879 0.463135
vt 0.583008 0.411621
vt 0.521484 0.303223
vt 0.456055 0.400879
vt 0.502930 0.329346
vt 0.523926 0.320312
vt 0.505859 0.422363
vt 0.565918 0.394287
vt 0.480713 0.390137
vt 0.545410 0.365967
vt 0.480957 0.404541
vt 0.524902 0.337647
vt 0.506348 0.362549
vt 0.506836 0.406494
vt 0.525391 0.355957
vt 0.542481 0.391846
vt 0.506348 0.389160
vt 0.525879 0.408447
vt 0.523926 0.374268
vt 0.049774 0.541992
vt 0.330078 0.236816
vt 0.524902 0.391602
vt 0.067566 0.546387
vt 0.334228 0.250244
vt 0.111511 0.541992
vt 0.360352 0.236694
vt 0.093750 0.546387
vt 0.356201 0.250244
vt 0.345703 0.259766
vt 0.363281 0.255127
vt 0.328857 0.254883
vt 0.651367 0.919434
vt 0.650879 0.910644
vt 0.588867 0.920898
vt 0.588379 0.913086
vt 0.657715 0.919922
vt 0.657715 0.912109
vt 0.591797 0.912109
vt 0.592773 0.920410
vt 0.655273 0.985352
vt 0.594238 0.985352
vt 0.650879 0.985352
vt 0.592285 0.985352
vt 0.741699 0.912109
vt 0.741699 0.919434
vt 0.741211 0.985352
vt 0.829590 0.919922
vt 0.829590 0.911133
vt 0.892090 0.919922
vt 0.892578 0.912109
vt 0.822754 0.920898
vt 0.822754 0.912598
vt 0.889160 0.911621
vt 0.888672 0.919922
vt 0.826172 0.985352
vt 0.887695 0.985352
vt 0.830078 0.985352
vt 0.890137 0.985352
vt 0.597168 0.804688
vt 0.601562 0.803223
vt 0.608398 0.811523
vt 0.597168 0.694336
vt 0.601562 0.696289
vt 0.608398 0.687500
vt 0.601074 0.683594
vt 0.606934 0.682129
vt 0.520019 0.797852
vt 0.516113 0.804688
vt 0.621582 0.892578
vt 0.518555 0.702148
vt 0.537109 0.806641
vt 0.536133 0.692871
vt 0.750977 0.816894
vt 0.751465 0.877930
vt 0.751465 0.892578
vt 0.750977 0.812012
vt 0.750977 0.687012
vt 0.750977 0.681641
vt 0.750977 0.621094
vt 0.750977 0.606445
vt 0.905273 0.804688
vt 0.900879 0.802734
vt 0.894043 0.811523
vt 0.901367 0.815430
vt 0.895508 0.816894
vt 0.905273 0.694336
vt 0.900879 0.695801
vt 0.894043 0.687500
vt 0.983887 0.796875
vt 0.982422 0.701172
vt 0.968262 0.817383
vt 0.895508 0.877930
vt 0.965332 0.692383
vt 0.735352 0.140625
vt 0.724121 0.150024
vt 0.734863 0.135986
vt 0.708496 0.164185
vt 0.714844 0.166382
vt 0.708496 0.177368
vt 0.721191 0.211426
vt 0.725586 0.210449
vt 0.713867 0.195435
vt 0.719727 0.146729
vt 0.728516 0.167969
vt 0.725586 0.182495
vt 0.731934 0.151855
vt 0.809082 0.126709
vt 0.813965 0.133423
vt 0.732910 0.132446
vt 0.809570 0.125244
vt 0.818848 0.143433
vt 0.817383 0.152222
vt 0.812012 0.173462
vt 0.814941 0.163818
vt 0.810059 0.184204
vt 0.737793 0.226440
vt 0.715332 0.179810
vt 0.709961 0.198242
vt 0.819336 0.163452
vt 0.814941 0.173340
vt 0.717773 0.214111
vt 0.811523 0.184204
vt 0.728027 0.228760
vt 0.730957 0.210571
vt 0.719238 0.195312
vt 0.727539 0.195923
vt 0.735352 0.210693
vt 0.733398 0.196533
vt 0.731445 0.188843
vt 0.729981 0.227783
vt 0.732910 0.226685
vt 0.735352 0.226562
vt 0.737793 0.168213
vt 0.737793 0.179688
vt 0.737793 0.187744
vt 0.737793 0.196777
vt 0.737793 0.210815
vt 0.737793 0.151855
vt 0.737793 0.139404
vt 0.737793 0.135742
vt 0.807617 0.125977
vt 0.807617 0.133545
vt 0.807617 0.143677
vt 0.807617 0.152344
vt 0.808106 0.164062
vt 0.808106 0.173584
vt 0.808106 0.184326
vt 0.740723 0.135986
vt 0.755859 0.146729
vt 0.767090 0.164185
vt 0.760254 0.179810
vt 0.767090 0.177246
vt 0.754394 0.211426
vt 0.761719 0.195435
vt 0.756348 0.195190
vt 0.747070 0.167969
vt 0.750000 0.182373
vt 0.743652 0.151855
vt 0.740234 0.140625
vt 0.806152 0.126831
vt 0.801269 0.133667
vt 0.796387 0.143677
vt 0.798340 0.152344
vt 0.804199 0.173584
vt 0.801269 0.163940
vt 0.806641 0.184204
vt 0.760742 0.166260
vt 0.751465 0.150024
vt 0.758301 0.142822
vt 0.797852 0.132812
vt 0.789551 0.143677
vt 0.771484 0.161621
vt 0.771973 0.178467
vt 0.792481 0.152344
vt 0.750000 0.210449
vt 0.744629 0.210571
vt 0.748047 0.195923
vt 0.740234 0.210693
vt 0.742188 0.196533
vt 0.744141 0.188843
vt 0.745606 0.227783
vt 0.743164 0.226685
vt 0.740234 0.226562
vt 0.815918 0.236694
vt 0.812012 0.234741
vt 0.815918 0.220581
vt 0.820312 0.221436
vt 0.818359 0.211792
vt 0.819824 0.208374
vt 0.822266 0.212036
vt 0.810547 0.220093
vt 0.808594 0.234253
vt 0.814941 0.239746
vt 0.811523 0.242065
vt 0.808106 0.242554
vt 0.808106 0.237549
vt 0.811523 0.237427
vt 0.811523 0.262695
vt 0.808594 0.248901
vt 0.813965 0.207520
vt 0.812500 0.211670
vt 0.808106 0.246338
vt 0.801758 0.219971
vt 0.801758 0.234009
vt 0.801758 0.237549
vt 0.801758 0.243164
vt 0.801758 0.246826
vt 0.801758 0.249390
vt 0.802246 0.263184
vt 0.801758 0.207153
vt 0.801758 0.211548
vt 0.788086 0.236816
vt 0.783203 0.221558
vt 0.791992 0.234741
vt 0.787598 0.220581
vt 0.785644 0.211792
vt 0.795410 0.234253
vt 0.795898 0.242676
vt 0.795898 0.237549
vt 0.792481 0.237549
vt 0.795410 0.249023
vt 0.786133 0.271973
vt 0.785156 0.204834
vt 0.778320 0.213501
vt 0.792481 0.262695
vt 0.787598 0.262695
vt 0.779785 0.223145
vt 0.791016 0.211792
vt 0.790039 0.207520
vt 0.793457 0.220215
vt 0.795898 0.246338
vt 0.399414 0.613769
vt 0.478027 0.611816
vt 0.458008 0.611816
vt 0.440185 0.616211
vt 0.421875 0.611816
vt 0.475098 0.623047
vt 0.404053 0.622559
vt 0.458008 0.622070
vt 0.440185 0.622559
vt 0.421875 0.622559
vt 0.440185 0.635254
vt 0.458496 0.636231
vt 0.421631 0.636231
vt 0.398193 0.633789
vt 0.479492 0.634766
vt 0.383545 0.627930
vt 0.493408 0.625977
vt 0.503906 0.639648
vt 0.486084 0.650391
vt 0.460938 0.655273
vt 0.440185 0.654785
vt 0.418945 0.654785
vt 0.392090 0.650391
vt 0.373779 0.642090
vt 0.365723 0.629883
vt 0.511231 0.624512
vt 0.389160 0.600098
vt 0.487305 0.597168
vt 0.420654 0.594238
vt 0.458008 0.593750
vt 0.440185 0.598144
vt 0.370361 0.619629
vt 0.506348 0.615234
vt 0.073303 0.611816
vt 0.155273 0.611328
vt 0.072571 0.569336
vt 0.154907 0.568359
vt 0.143066 0.555664
vt 0.087097 0.568359
vt 0.128296 0.555664
vt 0.113647 0.556641
vt 0.101562 0.569824
vt 0.941894 0.543457
vt 0.886719 0.475586
vt 0.934570 0.544922
vt 0.881348 0.476807
vt 0.927734 0.549316
vt 0.876465 0.479980
vt 0.941894 0.583496
vt 0.886719 0.504883
vt 0.921875 0.563477
vt 0.872559 0.490234
vt 0.923340 0.570801
vt 0.873535 0.495850
vt 0.956055 0.577148
vt 0.897461 0.500488
vt 0.967773 0.507324
vt 0.982422 0.507324
vt 0.979004 0.505371
vt 0.970703 0.505371
vt 0.948731 0.480957
vt 0.953613 0.480713
vt 0.919434 0.506348
vt 0.929688 0.505859
vt 0.932129 0.506348
vt 0.916992 0.506348
vt 0.913574 0.504394
vt 0.935059 0.503906
vt 0.913574 0.480225
vt 0.935059 0.479736
vt 0.919922 0.480225
vt 0.928711 0.479736
vt 0.968750 0.651856
vt 0.846191 0.542969
vt 0.974609 0.660156
vt 0.856445 0.541504
vt 0.476562 0.936523
vt 0.533203 0.839844
vt 0.476562 0.944824
vt 0.524414 0.837402
vt 0.476562 0.983398
vt 0.476562 0.835938
vt 0.502930 0.863769
vt 0.476562 0.874512
vt 0.524414 0.890625
vt 0.442139 0.981445
vt 0.442139 0.837891
vt 0.386719 0.927734
vt 0.386719 0.891602
vt 0.386963 0.926269
vt 0.386963 0.893066
vt 0.388428 0.898438
vt 0.388428 0.920898
vt 0.386475 0.929199
vt 0.386475 0.890137
vt 0.386230 0.933594
vt 0.386230 0.885742
vt 0.476562 0.967773
vt 0.505371 0.848633
vt 0.715820 0.378906
vt 0.762695 0.378906
vt 0.714844 0.299072
vt 0.763672 0.299072
vt 0.762695 0.381348
vt 0.716309 0.381592
vt 0.757324 0.490723
vt 0.721680 0.493408
vt 0.713867 0.484619
vt 0.763184 0.481201
vt 0.674316 0.464355
vt 0.803711 0.460205
vt 0.680176 0.493164
vt 0.805664 0.491943
vt 0.820801 0.473633
vt 0.664062 0.477539
vt 0.819824 0.494629
vt 0.668457 0.495850
vt 0.826660 0.486084
vt 0.661621 0.489014
vt 0.691406 0.492188
vt 0.791016 0.487549
vt 0.784668 0.513672
vt 0.700195 0.513672
vt 0.780762 0.513184
vt 0.704102 0.513184
vt 0.804688 0.437256
vt 0.680664 0.440430
vt 0.824219 0.437256
vt 0.664551 0.437988
vt 0.832031 0.439697
vt 0.657715 0.438965
vt 0.692871 0.483643
vt 0.788086 0.478516
vt 0.696289 0.432617
vt 0.785644 0.429443
vt 0.703613 0.428711
vt 0.776856 0.426758
vt 0.764648 0.423584
vt 0.715332 0.425049
vt 0.690430 0.436523
vt 0.792481 0.432861
vt 0.711426 0.504394
vt 0.771484 0.503418
vt 0.769043 0.492676
vt 0.712891 0.495117
vt 0.765625 0.483398
vt 0.712891 0.486572
vt 0.659668 0.587891
vt 0.857910 0.587891
vt 0.730469 0.553711
vt 0.962402 0.884277
vt 0.758789 0.553711
vt 0.972656 0.863769
vt 0.772949 0.553711
vt 0.970215 0.852539
vt 0.787109 0.553711
vt 0.962891 0.843262
vt 0.709473 0.553711
vt 0.946289 0.889160
vt 0.864258 0.453613
vt 0.864258 0.465820
vt 0.857422 0.453613
vt 0.857422 0.465820
vt 0.870606 0.453613
vt 0.870606 0.465820
vt 0.864258 0.461914
vt 0.857422 0.461914
vt 0.870606 0.461914
vt 0.877441 0.461914
vt 0.850586 0.461914
vt 0.877441 0.457520
vt 0.850586 0.457520
vt 0.911133 0.456299
vt 0.911133 0.453613
vt 0.911133 0.462158
vt 0.907227 0.453613
vt 0.907227 0.462158
vt 0.919434 0.453613
vt 0.919434 0.462158
vt 0.911133 0.459473
vt 0.907227 0.459473
vt 0.919434 0.459473
vt 0.927734 0.459473
vt 0.927734 0.456299
vt 0.936523 0.456299
vt 0.936523 0.459473
vt 0.932617 0.453613
vt 0.932617 0.462158
vt 0.953613 0.459473
vt 0.953613 0.453613
vt 0.953613 0.462158
vt 0.885742 0.453613
vt 0.885742 0.462158
vt 0.894043 0.453613
vt 0.894043 0.462158
vt 0.885742 0.459473
vt 0.902344 0.453613
vt 0.902344 0.462158
vt 0.881836 0.459473
vt 0.894043 0.459473
vt 0.902344 0.459473
vt 0.902344 0.456299
vt 0.879394 0.233276
vt 0.979981 0.375732
vt 0.867188 0.233398
vt 0.867188 0.237183
vt 0.879394 0.204712
vt 0.981445 0.343262
vt 0.875000 0.189941
vt 0.981445 0.322998
vt 0.867188 0.186768
vt 0.981445 0.310059
vt 0.974609 0.412842
vt 0.974609 0.207398
vt 0.867188 0.262695
vt 0.854981 0.233276
vt 0.979981 0.244751
vt 0.972168 0.235107
vt 0.852051 0.245727
vt 0.985840 0.412598
vt 0.986328 0.207520
vt 0.912598 0.401855
vt 0.856445 0.224731
vt 0.981445 0.252197
vt 0.854981 0.204712
vt 0.981445 0.276855
vt 0.856445 0.194824
vt 0.981445 0.289307
vt 0.863281 0.187500
vt 0.981445 0.304443
vt 0.972168 0.224121
vt 0.853516 0.255127
vt 0.877441 0.362060
vt 0.847656 0.282715
vt 0.864746 0.366211
vt 0.868164 0.377441
vt 0.868164 0.395508
vt 0.867188 0.371338
vt 0.957031 0.395020
vt 0.958008 0.370605
vt 0.986816 0.235107
vt 0.940430 0.399658
vt 0.986328 0.214600
vt 0.920898 0.401367
vt 0.986328 0.224243
vt 0.930176 0.400391
vt 0.947754 0.361572
vt 0.852539 0.282715
vt 0.945312 0.365234
vt 0.856934 0.284424
vt 0.942871 0.367188
vt 0.858887 0.286377
vt 0.939941 0.369141
vt 0.860840 0.289062
vt 0.928223 0.372315
vt 0.860840 0.299805
vt 0.904297 0.373047
vt 0.844238 0.304443
vt 0.885254 0.369629
vt 0.839844 0.289307
vt 0.882324 0.367676
vt 0.841797 0.286621
vt 0.879883 0.365723
vt 0.843750 0.284424
vt 0.954102 0.362305
vt 0.851562 0.277344
vt 0.960938 0.364258
vt 0.961426 0.365723
vt 0.851074 0.270752
vt 0.915527 0.358154
vt 0.948242 0.360352
vt 0.852051 0.283691
vt 0.987793 0.343262
vt 0.872559 0.315430
vt 0.987793 0.331055
vt 0.882812 0.302002
vt 0.987793 0.322998
vt 0.893555 0.294678
vt 0.987793 0.276855
vt 0.955566 0.316406
vt 0.987793 0.289307
vt 0.945801 0.302490
vt 0.987793 0.297119
vt 0.935059 0.295166
vt 0.957519 0.386719
vt 0.951172 0.347656
vt 0.959473 0.370850
vt 0.926758 0.356690
vt 0.865723 0.371582
vt 0.900391 0.356445
vt 0.864258 0.364990
vt 0.863769 0.366455
vt 0.849121 0.270752
vt 0.911621 0.358154
vt 0.867188 0.377685
vt 0.889648 0.352539
vt 0.867676 0.387451
vt 0.876465 0.346924
vt 0.849121 0.169434
vt 0.988769 0.169800
vt 0.918945 0.168335
vt 0.902344 0.168091
vt 0.849121 0.172607
vt 0.988769 0.172607
vt 0.552246 0.429932
vt 0.604492 0.429688
vt 0.869141 0.172607
vt 0.558594 0.429688
vt 0.885742 0.172607
vt 0.564941 0.429932
vt 0.918945 0.172607
vt 0.578125 0.429932
vt 0.935547 0.172607
vt 0.584961 0.429932
vt 0.951660 0.172607
vt 0.591797 0.430176
vt 0.967773 0.172607
vt 0.598144 0.429932
vt 0.988769 0.124634
vt 0.849121 0.122925
vt 0.988769 0.031860
vt 0.849121 0.031494
vt 0.986328 0.436768
vt 0.986328 0.449463
vt 0.986328 0.440674
vt 0.973633 0.440674
vt 0.986328 0.445557
vt 0.979981 0.445557
vt 0.992676 0.436768
vt 0.967285 0.436768
vt 0.992676 0.449463
vt 0.967285 0.449463
vt 0.975586 0.457275
vt 0.975586 0.460449
vt 0.975586 0.463135
vt 0.975586 0.454590
vt 0.958496 0.457275
vt 0.910644 0.431885
vt 0.910644 0.420410
vt 0.937500 0.428467
vt 0.893555 0.428467
vt 0.871094 0.424072
vt 0.871094 0.428467
vt 0.910644 0.428467
vt 0.937500 0.424072
vt 0.960938 0.428467
vt 0.893555 0.431885
vt 0.893555 0.420410
vt 0.923828 0.431885
vt 0.923828 0.420410
vt 0.960938 0.431885
vt 0.960938 0.420410
vt 0.896484 0.436768
vt 0.896484 0.448486
vt 0.918945 0.436768
vt 0.918945 0.448486
vt 0.865234 0.440430
vt 0.881836 0.440430
vt 0.896484 0.440430
vt 0.908203 0.440430
vt 0.918945 0.440430
vt 0.932617 0.440430
vt 0.991699 0.424072
vt 0.962891 0.444824
vt 0.850586 0.431885
vt 0.850586 0.420410
vt 0.850586 0.436768
vt 0.850586 0.448486
vt 0.850586 0.424072
vt 0.850586 0.444824
vt 0.865234 0.444824
vt 0.865234 0.436768
vt 0.865234 0.448486
vt 0.881836 0.436768
vt 0.881836 0.448486
vt 0.908203 0.436768
vt 0.908203 0.448486
vt 0.908203 0.444824
vt 0.932617 0.444824
vt 0.949219 0.436768
vt 0.949219 0.448486
vt 0.991699 0.431885
vt 0.991699 0.420410
vt 0.962891 0.436768
vt 0.962891 0.448486
vt -0.926758 0.611816
vt -0.844727 0.611328
vt -0.927246 0.569336
vt -0.845215 0.568359
vt -0.856934 0.555664
vt -0.851074 0.565430
vt -0.854981 0.562012
vt -0.886231 0.556641
vt -0.898438 0.569824
vt -0.050354 0.544922
vt -0.107483 0.476807
vt -0.065613 0.582031
vt -0.118591 0.503906
vt -0.078003 0.563477
vt -0.127564 0.490234
vt -0.076477 0.570801
vt -0.126465 0.495850
vt -0.043823 0.577148
vt -0.102722 0.500488
vt -0.043793 0.549316
vt -0.102722 0.479980
vt -0.032166 0.507324
vt -0.017700 0.507324
vt -0.020828 0.480469
vt -0.029037 0.480469
vt -0.020813 0.505371
vt -0.029053 0.505371
vt -0.014664 0.505371
vt -0.035217 0.505371
vt -0.057159 0.506348
vt -0.040344 0.505859
vt -0.051270 0.480957
vt -0.046143 0.480713
vt -0.086365 0.480225
vt -0.064880 0.479736
vt -0.079895 0.480225
vt -0.071289 0.479736
vt -0.079956 0.504394
vt -0.071289 0.503906
vt -0.031433 0.651856
vt -0.153686 0.542969
vt -0.203735 0.542481
vt -0.054779 0.626953
vt -0.203491 0.533691
vt -0.093811 0.655762
vt -0.271728 0.541504
vt -0.025360 0.660156
vt -0.143555 0.541504
vt -0.523438 0.923828
vt -0.457520 0.849609
vt -0.523438 0.909668
vt -0.454834 0.863769
vt -0.523438 0.944824
vt -0.475830 0.837402
vt -0.536133 0.983398
vt -0.536133 0.835938
vt -0.528320 0.983398
vt -0.528320 0.835938
vt -0.523438 0.852051
vt -0.494385 0.879394
vt -0.523438 0.983398
vt -0.523438 0.835938
vt -0.497315 0.863769
vt -0.523438 0.874512
vt -0.475830 0.890625
vt -0.588867 0.968750
vt -0.588867 0.850586
vt -0.610352 0.948242
vt -0.610352 0.871094
vt -0.613281 0.941406
vt -0.613281 0.877930
vt -0.613281 0.927734
vt -0.613281 0.891602
vt -0.611816 0.898438
vt -0.611816 0.920898
vt -0.237183 0.383789
vt -0.283691 0.383789
vt -0.283935 0.378906
vt -0.237061 0.378906
vt -0.265137 0.496094
vt -0.254639 0.496338
vt -0.261719 0.493408
vt -0.258789 0.494141
vt -0.242432 0.490723
vt -0.278320 0.493408
vt -0.325440 0.464355
vt -0.196045 0.460205
vt -0.173218 0.486084
vt -0.338379 0.489014
vt -0.173706 0.480469
vt -0.339111 0.484131
vt -0.308594 0.492188
vt -0.209106 0.487549
vt -0.212158 0.478027
vt -0.307129 0.484131
vt -0.215088 0.513672
vt -0.299805 0.513672
vt -0.219482 0.513184
vt -0.295898 0.513184
vt -0.325195 0.463867
vt -0.195190 0.460205
vt -0.331787 0.460938
vt -0.185547 0.460938
vt -0.186523 0.437500
vt -0.326660 0.438965
vt -0.195557 0.437256
vt -0.319580 0.440430
vt -0.347656 0.444824
vt -0.163818 0.447266
vt -0.211914 0.478272
vt -0.307129 0.483887
vt -0.296387 0.428711
vt -0.223267 0.426758
vt -0.235474 0.423584
vt -0.284668 0.425049
vt -0.206543 0.498779
vt -0.309326 0.502441
vt -0.314209 0.438721
vt -0.202393 0.435547
vt -0.235107 0.482178
vt -0.287109 0.485840
vt -0.309815 0.436523
vt -0.207398 0.432861
vt -0.286865 0.484863
vt -0.235962 0.481201
vt -0.234497 0.483398
vt -0.287353 0.486572
vt -0.340088 0.567383
vt -0.141846 0.567383
vt -0.340088 0.587891
vt -0.141846 0.587891
vt -0.269287 0.553711
vt -0.037354 0.884277
vt -0.255127 0.553711
vt -0.029892 0.875000
vt -0.227051 0.553711
vt -0.029694 0.852539
vt -0.213013 0.553711
vt -0.037018 0.843262
vt -0.191650 0.553711
vt -0.053650 0.838379
vt -0.155884 0.553711
vt -0.077820 0.853027
vt -0.326172 0.553711
vt -0.077881 0.875488
vt -0.312012 0.553711
vt -0.070496 0.884277
vt -0.290772 0.553711
vt -0.053925 0.889160
vt -0.135986 0.453613
vt -0.135986 0.465820
vt -0.129273 0.453613
vt -0.129273 0.465820
vt -0.142700 0.461914
vt -0.129273 0.461914
vt -0.129273 0.457520
vt -0.122559 0.461914
vt -0.149170 0.461914
vt -0.122559 0.457520
vt -0.149170 0.457520
vt -0.088684 0.453613
vt -0.088684 0.462158
vt -0.092712 0.453613
vt -0.092712 0.462158
vt -0.080444 0.453613
vt -0.080444 0.462158
vt -0.088684 0.459473
vt -0.092712 0.459473
vt -0.080444 0.456299
vt -0.080444 0.459473
vt -0.072144 0.459473
vt -0.067322 0.456299
vt -0.067322 0.459473
vt -0.046509 0.459473
vt -0.114441 0.453613
vt -0.114441 0.462158
vt -0.097839 0.453613
vt -0.097839 0.462158
vt -0.114441 0.459473
vt -0.114441 0.456299
vt -0.097839 0.456299
vt -0.132935 0.233398
vt -0.119751 0.236939
vt -0.027618 0.375732
vt -0.122376 0.217285
vt -0.018784 0.358643
vt -0.120728 0.204712
vt -0.018784 0.343262
vt -0.122253 0.194824
vt -0.018784 0.331055
vt -0.145142 0.233276
vt -0.019852 0.244751
vt -0.027618 0.235107
vt -0.148071 0.245727
vt -0.025528 0.412842
vt -0.025528 0.207398
vt -0.132935 0.262695
vt -0.136597 0.187500
vt -0.018784 0.304443
vt -0.027618 0.214233
vt -0.139893 0.260986
vt -0.012100 0.368164
vt -0.132446 0.398682
vt -0.135376 0.342285
vt -0.122620 0.362060
vt -0.152100 0.282715
vt -0.128906 0.364014
vt -0.135132 0.366211
vt -0.131836 0.377441
vt -0.133057 0.371338
vt -0.013939 0.412598
vt -0.013603 0.207520
vt -0.087219 0.401855
vt -0.013420 0.395996
vt -0.104553 0.400879
vt -0.012100 0.244141
vt -0.050842 0.399902
vt -0.043457 0.386719
vt -0.042999 0.376709
vt -0.012100 0.252197
vt -0.042175 0.398193
vt -0.036926 0.343262
vt -0.039886 0.365478
vt -0.013519 0.224243
vt -0.069946 0.400391
vt -0.129273 0.363037
vt -0.151123 0.277344
vt -0.087524 0.372559
vt -0.149414 0.306641
vt -0.079468 0.372803
vt -0.143433 0.304199
vt -0.149658 0.283691
vt -0.054840 0.365234
vt -0.143189 0.284424
vt -0.057159 0.367188
vt -0.140991 0.286377
vt -0.071960 0.372315
vt -0.139282 0.299805
vt -0.095581 0.373047
vt -0.155518 0.304443
vt -0.103027 0.372559
vt -0.159790 0.300049
vt -0.109802 0.371338
vt -0.161133 0.293945
vt -0.114746 0.369629
vt -0.160034 0.289307
vt -0.117859 0.367676
vt -0.158325 0.286621
vt -0.120178 0.365723
vt -0.156128 0.284424
vt -0.012100 0.343262
vt -0.127441 0.315430
vt -0.012100 0.331055
vt -0.117004 0.302002
vt -0.012100 0.315918
vt -0.095459 0.291016
vt -0.012100 0.289307
vt -0.054443 0.302490
vt -0.012100 0.304443
vt -0.075745 0.291260
vt -0.042328 0.386719
vt -0.048981 0.347656
vt -0.041840 0.376953
vt -0.062347 0.353027
vt -0.039215 0.364258
vt -0.038666 0.365723
vt -0.148804 0.270752
vt -0.084229 0.358154
vt -0.135742 0.364990
vt -0.136352 0.366455
vt -0.150757 0.270752
vt -0.088318 0.358154
vt -0.132446 0.387451
vt -0.123352 0.346924
vt -0.132690 0.395264
vt -0.131836 0.343506
vt -0.447998 0.449707
vt -0.395264 0.449463
vt -0.448242 0.484863
vt -0.395508 0.485107
vt -0.150757 0.172607
vt -0.011185 0.172607
vt -0.447998 0.429932
vt -0.395508 0.429688
vt -0.031052 0.168579
vt -0.064453 0.168091
vt -0.150757 0.160156
vt -0.011162 0.161499
vt -0.081116 0.168335
vt -0.130615 0.172607
vt -0.441406 0.429688
vt -0.097656 0.172607
vt -0.428467 0.429932
vt -0.064575 0.172607
vt -0.415039 0.429932
vt -0.032043 0.172607
vt -0.401855 0.429932
vt -0.011154 0.124634
vt -0.150757 0.122925
vt -0.007393 0.440674
vt -0.032745 0.440674
vt -0.026154 0.440674
vt -0.007393 0.445557
vt -0.032745 0.445557
vt -0.013481 0.436768
vt -0.013481 0.449463
vt -0.020172 0.436768
vt -0.020172 0.449463
vt -0.026154 0.445557
vt -0.026154 0.436768
vt -0.026154 0.449463
vt -0.007393 0.436768
vt -0.032745 0.436768
vt -0.007393 0.449463
vt -0.032745 0.449463
vt -0.041321 0.460449
vt -0.024323 0.460449
vt -0.020493 0.463135
vt -0.020493 0.454590
vt -0.024323 0.463135
vt -0.024323 0.454590
vt -0.024323 0.457275
vt -0.062286 0.431885
vt -0.062286 0.420410
vt -0.129150 0.428467
vt -0.038849 0.428467
vt -0.062286 0.428467
vt -0.062286 0.424072
vt -0.149170 0.424072
vt -0.149170 0.444824
vt -0.129150 0.424072
vt -0.106567 0.431885
vt -0.106567 0.420410
vt -0.089294 0.424072
vt -0.089294 0.431885
vt -0.089294 0.420410
vt -0.075928 0.431885
vt -0.075928 0.420410
vt -0.018631 0.424072
vt -0.038849 0.431885
vt -0.038849 0.420410
vt -0.008492 0.431885
vt -0.008492 0.420410
vt -0.037231 0.436768
vt -0.037231 0.448486
vt -0.149170 0.428467
vt -0.149170 0.440430
vt -0.149170 0.431885
vt -0.149170 0.420410
vt -0.149170 0.436768
vt -0.149170 0.448486
vt -0.103455 0.440430
vt -0.103455 0.436768
vt -0.103455 0.448486
vt -0.080872 0.436768
vt -0.080872 0.448486
vt -0.118042 0.440430
vt -0.091614 0.440430
vt -0.080872 0.440430
vt -0.067444 0.440430
vt -0.050659 0.440430
vt -0.008492 0.424072
vt -0.037231 0.444824
vt -0.135010 0.444824
vt -0.135010 0.436768
vt -0.135010 0.448486
vt -0.118042 0.444824
vt -0.118042 0.436768
vt -0.118042 0.448486
vt -0.103455 0.444824
vt -0.091614 0.444824
vt -0.080872 0.444824
vt -0.067444 0.436768
vt -0.067444 0.448486
vt -0.050659 0.444824
vt -0.050659 0.436768
vt -0.050659 0.448486
vt 0.023697 0.054779
vt 0.348633 0.659180
vt 0.027252 0.011177
vt 0.335449 0.624512
vt 0.017395 0.085815
vt 0.354492 0.687988
vt 0.022583 0.125855
vt 0.350098 0.724121
vt 0.016556 0.143311
vt 0.353272 0.740723
vt 0.015610 0.226562
vt 0.354736 0.816406
vt 0.014755 0.247925
vt 0.356690 0.836426
vt 0.019714 0.268799
vt 0.352539 0.855957
vt 0.009888 0.327148
vt 0.359131 0.909180
vt 0.014763 0.362793
vt 0.356934 0.942383
vt 0.356690 0.973633
vt 0.012383 0.395020
vt 0.354248 0.982910
vt 0.014618 0.403809
vt 0.172241 0.568359
vt 0.339844 0.984375
vt 0.192749 0.573731
vt 0.024445 0.408691
vt 0.170654 0.555176
vt 0.040161 0.406250
vt 0.170898 0.538086
vt 0.057556 0.402588
vt 0.172974 0.521484
vt 0.299805 0.979004
vt 0.227783 0.572266
vt 0.076111 0.407959
vt 0.167236 0.502930
vt 0.821289 0.091003
vt 0.824707 0.057037
vt 0.093689 0.411865
vt 0.162842 0.484131
vt 0.827148 0.103638
vt 0.827148 0.042908
vt 0.275635 0.177734
vt 0.821289 0.105713
vt 0.279785 0.172607
vt 0.808106 0.110107
vt 0.291016 0.168091
vt 0.231934 0.977051
vt 0.300537 0.575684
vt 0.781250 0.115356
vt 0.317627 0.163696
vt 0.216064 0.977539
vt 0.317871 0.576660
vt 0.132080 0.402588
vt 0.166748 0.444092
vt 0.779785 0.014435
vt 0.326416 0.195190
vt 0.028519 0.704102
vt 0.681641 0.102295
vt 0.186401 0.974121
vt 0.343750 0.573731
vt 0.156860 0.405518
vt 0.165039 0.420166
vt 0.031677 0.722168
vt 0.679199 0.121887
vt 0.161987 0.977539
vt 0.369385 0.577148
vt 0.027191 0.742188
vt 0.684082 0.143555
vt 0.762695 0.011887
vt 0.344971 0.195679
vt 0.025085 0.757324
vt 0.684082 0.160034
vt 0.024094 0.525879
vt 0.136352 0.525391
vt 0.345215 0.221314
vt 0.717285 0.109192
vt 0.400147 0.167725
vt 0.024658 0.498047
vt 0.136108 0.498535
vt 0.022400 0.816894
vt 0.687500 0.225708
vt 0.720215 0.027390
vt 0.387940 0.192993
vt 0.078613 0.979492
vt 0.460449 0.573242
vt 0.026733 0.464355
vt 0.134399 0.464600
vt 0.705078 0.090576
vt 0.702148 0.056946
vt 0.023331 0.855469
vt 0.679199 0.267822
vt 0.080994 0.547363
vt 0.345215 0.254639
vt 0.022873 0.873535
vt 0.683594 0.287842
vt 0.041656 0.438721
vt 0.119690 0.438965
vt 0.017120 0.891602
vt 0.689453 0.308105
vt 0.699219 0.102844
vt 0.699219 0.043152
vt 0.414795 0.177612
vt 0.016922 0.909180
vt 0.687500 0.327637
vt 0.700684 0.041748
vt 0.412353 0.184448
vt 0.056580 0.433350
vt 0.104858 0.433350
vt 0.072998 0.436523
vt 0.088501 0.436768
vt 0.019669 0.966797
vt 0.689941 0.389160
vt 0.520508 0.538086
vt 0.654785 0.407471
vt 0.517578 0.523926
vt 0.641113 0.406494
vt 0.621582 0.408935
vt 0.526856 0.506348
vt 0.520019 0.446533
vt 0.565918 0.408691
vt 0.526367 0.421875
vt 0.539551 0.411133
vt 0.033691 0.534180
vt 0.337647 0.225098
vt 0.127319 0.534180
vt 0.352539 0.225098
vt 0.763184 0.059998
vt 0.750000 0.060272
vt 0.815918 0.074219
vt 0.809082 0.064026
vt 0.802734 0.080261
vt 0.724121 0.080078
vt 0.712402 0.065552
vt 0.730957 0.061707
vt 0.498291 0.918945
vt 0.983887 0.919922
vt 0.498291 0.911621
vt 0.983887 0.912598
vt 0.509277 0.985352
vt 0.971191 0.985352
vt 0.601074 0.815430
vt 0.606934 0.816894
vt 0.606934 0.621094
vt 0.534180 0.681641
vt 0.535156 0.818359
vt 0.606934 0.877930
vt 0.621582 0.606445
vt 0.514648 0.694824
vt 0.901367 0.683594
vt 0.895508 0.682129
vt 0.966309 0.806152
vt 0.987793 0.804199
vt 0.880859 0.892578
vt 0.880859 0.606445
vt 0.986328 0.694336
vt 0.895508 0.621094
vt 0.967285 0.680664
vt 0.703613 0.178467
vt 0.823242 0.151977
vt 0.825684 0.143189
vt 0.704102 0.161621
vt 0.717285 0.142944
vt 0.817383 0.132690
vt 0.737793 0.131836
vt 0.807617 0.124206
vt 0.765625 0.198242
vt 0.796875 0.163696
vt 0.801269 0.173584
vt 0.757812 0.214111
vt 0.805176 0.184204
vt 0.747559 0.228760
vt 0.742676 0.132446
vt 0.805664 0.125244
vt 0.812500 0.248535
vt 0.819824 0.238037
vt 0.816406 0.262695
vt 0.823731 0.223145
vt 0.818848 0.240479
vt 0.811035 0.245972
vt 0.812988 0.271728
vt 0.813477 0.203613
vt 0.802246 0.271728
vt 0.801758 0.203369
vt 0.817871 0.271973
vt 0.818848 0.204712
vt 0.825684 0.213379
vt 0.784180 0.208374
vt 0.781738 0.212036
vt 0.788574 0.239746
vt 0.792481 0.242188
vt 0.791504 0.248535
vt 0.784180 0.238037
vt 0.785156 0.240479
vt 0.792969 0.246094
vt 0.791016 0.271728
vt 0.790527 0.203735
s 1
usemtl Material.001
f 5/5/1 4/4/2 19/19/3
f 6/6/4 5/5/1 19/19/3
f 8/8/5 1/1/6 20/20/7
f 9/9/8 8/8/5 20/20/7
f 1/1/6 16/16/9 15/15/10
f 20/20/7 1/1/6 15/15/10
f 4/4/2 3/3/11 2/2/12
f 19/19/3 4/4/2 2/2/12
f 1/1/6 18/18/13 17/17/14
f 16/16/9 1/1/6 17/17/14
f 1/1/6 8/8/5 7/7/15
f 18/18/13 1/1/6 7/7/15
f 19/19/3 2/2/12 17/17/14
f 18/18/13 19/19/3 17/17/14
f 19/19/3 18/18/13 7/7/15
f 6/6/4 19/19/3 7/7/15
f 21/21/16 20/20/7 15/15/10
f 14/14/17 21/21/16 15/15/10
f 9/9/8 20/20/7 21/21/16
f 10/10/18 9/9/8 21/21/16
f 13/13/19 12/12/20 21/21/16
f 14/14/17 13/13/19 21/21/16
f 21/21/16 12/12/20 11/11/21
f 10/10/18 21/21/16 11/11/21
f 2594/2932/22 2595/2935/23 23/23/24
f 2593/2930/25 2594/2932/22 23/23/24
f 2595/2935/23 2596/2938/26 22/22/27
f 23/23/24 2595/2935/23 22/22/27
f 25/25/28 2594/2933/22 2593/2931/25
f 24/24/29 25/25/28 2593/2931/25
f 26/27/30 2595/2936/23 2594/2934/22
f 25/26/28 26/27/30 2594/2934/22
f 27/28/31 2596/2937/26 2595/2936/23
f 26/27/30 27/28/31 2595/2936/23
f 2596/2938/26 27/29/31 28/30/32
f 22/22/27 2596/2938/26 28/30/32
f 32/34/33 33/35/34 30/32/35
f 29/31/36 32/34/33 30/32/35
f 34/36/37 31/33/38 33/35/34
f 32/34/33 34/36/37 33/35/34
f 29/31/36 30/32/35 25/25/28
f 24/24/29 29/31/36 25/25/28
f 30/32/35 33/35/34 26/27/30
f 25/26/28 30/32/35 26/27/30
f 33/35/34 31/33/38 27/28/31
f 26/27/30 33/35/34 27/28/31
f 27/29/31 31/33/38 34/36/37
f 28/30/32 27/29/31 34/36/37
f 53/55/39 52/54/40 35/37/41
f 54/56/42 53/55/39 35/37/41
f 38/40/43 53/55/39 54/56/42
f 55/57/44 38/40/43 54/56/42
f 54/56/42 35/37/41 37/39/45
f 36/38/46 54/56/42 37/39/45
f 55/57/44 54/56/42 36/38/46
f 40/42/47 55/57/44 36/38/46
f 36/38/46 37/39/45 41/43/48
f 40/42/47 36/38/46 41/43/48
f 53/55/39 56/58/49 58/60/50
f 52/54/40 53/55/39 58/60/50
f 38/40/43 57/59/51 56/58/49
f 53/55/39 38/40/43 56/58/49
f 56/58/49 59/61/52 60/62/53
f 58/60/50 56/58/49 60/62/53
f 57/59/51 39/41/54 59/61/52
f 56/58/49 57/59/51 59/61/52
f 59/61/52 39/41/54 61/63/55
f 60/62/53 59/61/52 61/63/55
f 43/45/56 47/49/57 48/50/58
f 42/44/59 43/45/56 48/50/58
f 38/40/43 55/57/44 47/49/57
f 43/45/56 38/40/43 47/49/57
f 47/49/57 49/51/60 50/52/61
f 48/50/58 47/49/57 50/52/61
f 55/57/44 40/42/47 49/51/60
f 47/49/57 55/57/44 49/51/60
f 49/51/60 40/42/47 41/43/48
f 50/52/61 49/51/60 41/43/48
f 43/45/56 42/44/59 44/46/62
f 51/53/63 43/45/56 44/46/62
f 38/40/43 43/45/56 51/53/63
f 57/59/51 38/40/43 51/53/63
f 51/53/63 44/46/62 46/48/64
f 45/47/65 51/53/63 46/48/64
f 57/59/51 51/53/63 45/47/65
f 39/41/54 57/59/51 45/47/65
f 45/47/65 46/48/64 61/63/55
f 39/41/54 45/47/65 61/63/55
f 79/81/66 131/133/67 97/99/68
f 133/135/69 79/81/66 97/99/68
f 158/160/70 95/97/71 66/68/72
f 78/80/73 158/160/70 66/68/72
f 155/157/74 127/129/75 64/66/76
f 104/106/77 155/157/74 64/66/76
f 154/156/78 96/98/79 65/67/80
f 106/108/81 154/156/78 65/67/80
f 87/89/82 126/128/83 69/71/84
f 76/78/85 87/89/82 69/71/84
f 153/155/86 136/138/87 67/69/88
f 109/111/89 153/155/86 67/69/88
f 152/154/90 139/141/91 68/70/92
f 110/112/93 152/154/90 68/70/92
f 151/153/94 113/115/95 76/78/85
f 92/94/96 151/153/94 76/78/85
f 150/152/97 108/110/98 114/116/99
f 90/92/100 150/152/97 114/116/99
f 149/151/101 156/158/102 98/100/103
f 148/150/104 149/151/101 98/100/103
f 148/150/104 100/102/105 126/128/83
f 87/89/82 148/150/104 126/128/83
f 147/149/106 105/107/107 69/71/84
f 126/128/83 147/149/106 69/71/84
f 146/148/108 119/121/109 70/72/110
f 93/95/111 146/148/108 70/72/110
f 145/147/112 128/130/113 62/64/114
f 144/146/115 145/147/112 62/64/114
f 143/145/116 96/98/79 129/131/117
f 98/100/103 143/145/116 129/131/117
f 142/144/118 121/123/119 77/79/120
f 143/145/116 142/144/118 77/79/120
f 141/143/121 127/129/75 97/99/68
f 131/133/67 141/143/121 97/99/68
f 140/142/122 101/103/123 125/127/124
f 141/143/121 140/142/122 125/127/124
f 138/140/125 123/125/126 68/70/92
f 139/141/91 138/140/125 68/70/92
f 137/139/127 120/122/128 67/69/88
f 136/138/87 137/139/127 67/69/88
f 135/137/129 95/97/71 130/132/130
f 132/134/131 135/137/129 130/132/130
f 134/136/132 157/159/133 131/133/67
f 79/81/66 134/136/132 131/133/67
f 81/83/134 111/113/135 110/112/93
f 134/136/132 81/83/134 110/112/93
f 79/81/66 80/82/136 81/83/134
f 134/136/132 79/81/66 81/83/134
f 110/112/93 68/70/92 157/159/133
f 134/136/132 110/112/93 157/159/133
f 93/95/111 70/72/110 114/116/99
f 80/82/136 93/95/111 114/116/99
f 80/82/136 114/116/99 108/110/98
f 81/83/134 80/82/136 108/110/98
f 108/110/98 75/77/137 111/113/135
f 81/83/134 108/110/98 111/113/135
f 82/84/138 115/117/139 107/109/140
f 135/137/129 82/84/138 107/109/140
f 132/134/131 94/96/141 82/84/138
f 135/137/129 132/134/131 82/84/138
f 107/109/140 66/68/72 95/97/71
f 135/137/129 107/109/140 95/97/71
f 94/96/141 69/71/84 105/107/107
f 82/84/138 94/96/141 105/107/107
f 105/107/107 74/76/142 115/117/139
f 82/84/138 105/107/107 115/117/139
f 83/85/143 62/64/114 128/130/113
f 84/86/144 83/85/143 128/130/113
f 128/130/113 63/65/145 122/124/146
f 84/86/144 128/130/113 122/124/146
f 84/86/144 122/124/146 102/104/147
f 137/139/127 84/86/144 102/104/147
f 136/138/87 83/85/143 84/86/144
f 137/139/127 136/138/87 84/86/144
f 102/104/147 72/74/148 120/122/128
f 137/139/127 102/104/147 120/122/128
f 158/160/70 78/80/73 124/126/149
f 138/140/125 158/160/70 124/126/149
f 139/141/91 99/101/150 158/160/70
f 138/140/125 139/141/91 158/160/70
f 124/126/149 71/73/151 123/125/126
f 138/140/125 124/126/149 123/125/126
f 157/159/133 68/70/92 123/125/126
f 140/142/122 157/159/133 123/125/126
f 141/143/121 131/133/67 157/159/133
f 140/142/122 141/143/121 157/159/133
f 123/125/126 71/73/151 101/103/123
f 140/142/122 123/125/126 101/103/123
f 125/127/124 64/66/76 127/129/75
f 141/143/121 125/127/124 127/129/75
f 156/158/102 67/69/88 120/122/128
f 142/144/118 156/158/102 120/122/128
f 143/145/116 98/100/103 156/158/102
f 142/144/118 143/145/116 156/158/102
f 120/122/128 72/74/148 121/123/119
f 142/144/118 120/122/128 121/123/119
f 77/79/120 65/67/80 96/98/79
f 143/145/116 77/79/120 96/98/79
f 85/87/152 70/72/110 119/121/109
f 86/88/153 85/87/152 119/121/109
f 119/121/109 73/75/154 118/120/155
f 86/88/153 119/121/109 118/120/155
f 86/88/153 118/120/155 103/105/156
f 145/147/112 86/88/153 103/105/156
f 144/146/115 85/87/152 86/88/153
f 145/147/112 144/146/115 86/88/153
f 103/105/156 63/65/145 128/130/113
f 145/147/112 103/105/156 128/130/113
f 117/119/157 73/75/154 119/121/109
f 146/148/108 117/119/157 119/121/109
f 116/118/158 74/76/142 105/107/107
f 147/149/106 116/118/158 105/107/107
f 98/100/103 129/131/117 100/102/105
f 148/150/104 98/100/103 100/102/105
f 87/89/82 76/78/85 113/115/95
f 88/90/159 87/89/82 113/115/95
f 113/115/95 75/77/137 112/114/160
f 88/90/159 113/115/95 112/114/160
f 88/90/159 112/114/160 109/111/89
f 149/151/101 88/90/159 109/111/89
f 148/150/104 87/89/82 88/90/159
f 149/151/101 148/150/104 88/90/159
f 109/111/89 67/69/88 156/158/102
f 149/151/101 109/111/89 156/158/102
f 90/92/100 85/87/152 144/146/115
f 89/91/161 90/92/100 144/146/115
f 144/146/115 62/64/114 83/85/143
f 89/91/161 144/146/115 83/85/143
f 112/114/160 75/77/137 108/110/98
f 150/152/97 112/114/160 108/110/98
f 114/116/99 70/72/110 85/87/152
f 90/92/100 114/116/99 85/87/152
f 92/94/96 94/96/141 132/134/131
f 91/93/162 92/94/96 132/134/131
f 132/134/131 130/132/130 99/101/150
f 91/93/162 132/134/131 99/101/150
f 111/113/135 75/77/137 113/115/95
f 151/153/94 111/113/135 113/115/95
f 76/78/85 69/71/84 94/96/141
f 92/94/96 76/78/85 94/96/141
f 151/153/94 92/94/96 91/93/162
f 152/154/90 151/153/94 91/93/162
f 110/112/93 111/113/135 151/153/94
f 152/154/90 110/112/93 151/153/94
f 91/93/162 99/101/150 139/141/91
f 152/154/90 91/93/162 139/141/91
f 150/152/97 90/92/100 89/91/161
f 153/155/86 150/152/97 89/91/161
f 109/111/89 112/114/160 150/152/97
f 153/155/86 109/111/89 150/152/97
f 89/91/161 83/85/143 136/138/87
f 153/155/86 89/91/161 136/138/87
f 147/149/106 126/128/83 100/102/105
f 154/156/78 147/149/106 100/102/105
f 106/108/81 116/118/158 147/149/106
f 154/156/78 106/108/81 147/149/106
f 100/102/105 129/131/117 96/98/79
f 154/156/78 100/102/105 96/98/79
f 146/148/108 93/95/111 133/135/69
f 155/157/74 146/148/108 133/135/69
f 104/106/77 117/119/157 146/148/108
f 155/157/74 104/106/77 146/148/108
f 133/135/69 97/99/68 127/129/75
f 155/157/74 133/135/69 127/129/75
f 99/101/150 130/132/130 95/97/71
f 158/160/70 99/101/150 95/97/71
f 133/135/69 93/95/111 80/82/136
f 79/81/66 133/135/69 80/82/136
f 200/211/163 185/196/164 159/161/165
f 160/162/166 200/211/163 159/161/165
f 199/210/167 200/211/163 160/162/166
f 161/163/168 199/210/167 160/162/166
f 198/209/169 199/210/167 161/163/168
f 162/164/170 198/209/169 161/163/168
f 197/208/171 198/209/169 162/164/170
f 163/165/172 197/208/171 162/164/170
f 196/207/173 197/208/171 163/165/172
f 164/166/174 196/207/173 163/165/172
f 195/206/175 196/207/173 164/166/174
f 165/167/176 195/206/175 164/166/174
f 194/205/177 195/206/175 165/167/176
f 166/168/178 194/205/177 165/167/176
f 193/204/179 194/205/177 166/168/178
f 167/169/180 193/204/179 166/168/178
f 192/203/181 193/204/179 167/169/180
f 168/170/182 192/203/181 167/169/180
f 191/202/183 192/203/181 168/170/182
f 169/171/184 191/202/183 168/170/182
f 190/201/185 191/202/183 169/171/184
f 170/172/186 190/201/185 169/171/184
f 189/200/187 190/201/185 170/172/186
f 171/173/188 189/200/187 170/172/186
f 188/199/189 189/200/187 171/173/188
f 172/174/190 188/199/189 171/173/188
f 187/198/191 188/199/189 172/174/190
f 173/175/192 187/198/191 172/174/190
f 186/197/193 187/198/191 173/175/192
f 174/176/194 186/197/193 173/175/192
f 185/196/164 186/197/193 174/176/194
f 159/161/165 185/196/164 174/176/194
f 176/180/195 2600/2946/196 184/195/197
f 203/214/198 176/180/195 184/195/197
f 202/213/199 201/212/200 177/182/201
f 178/184/202 202/213/199 177/182/201
f 2599/2944/203 2598/2942/204 201/212/200
f 202/213/199 2599/2944/203 201/212/200
f 180/188/205 203/214/198 184/195/197
f 2597/2940/206 180/188/205 184/195/197
f 2603/2951/207 175/177/208 185/196/164
f 200/211/163 2603/2951/207 185/196/164
f 175/177/208 183/193/209 186/197/193
f 185/196/164 175/177/208 186/197/193
f 183/193/209 182/191/210 187/198/191
f 186/197/193 183/193/209 187/198/191
f 182/191/210 181/189/211 188/199/189
f 187/198/191 182/191/210 188/199/189
f 181/189/211 180/187/205 189/200/187
f 188/199/189 181/189/211 189/200/187
f 180/187/205 2597/2939/206 190/201/185
f 189/200/187 180/187/205 190/201/185
f 2597/2939/206 2598/2941/204 191/202/183
f 190/201/185 2597/2939/206 191/202/183
f 2598/2941/204 2599/2943/203 192/203/181
f 191/202/183 2598/2941/204 192/203/181
f 2599/2943/203 179/185/212 193/204/179
f 192/203/181 2599/2943/203 193/204/179
f 179/185/212 2601/2947/213 194/205/177
f 193/204/179 179/185/212 194/205/177
f 2601/2947/213 2602/2949/214 195/206/175
f 194/205/177 2601/2947/213 195/206/175
f 2602/2949/214 178/183/202 196/207/173
f 195/206/175 2602/2949/214 196/207/173
f 178/183/202 177/181/201 197/208/171
f 196/207/173 178/183/202 197/208/171
f 177/181/201 2600/2945/196 198/209/169
f 197/208/171 177/181/201 198/209/169
f 2600/2945/196 176/179/195 199/210/167
f 198/209/169 2600/2945/196 199/210/167
f 176/179/195 2603/2951/207 200/211/163
f 199/210/167 176/179/195 200/211/163
f 177/182/201 201/212/200 184/195/197
f 2600/2946/196 177/182/201 184/195/197
f 2598/2942/204 2597/2940/206 184/195/197
f 201/212/200 2598/2942/204 184/195/197
f 179/186/212 2599/2944/203 202/213/199
f 2601/2948/213 179/186/212 202/213/199
f 2601/2948/213 202/213/199 178/184/202
f 2602/2950/214 2601/2948/213 178/184/202
f 2603/2952/207 176/180/195 203/214/198
f 204/215/215 2603/2952/207 203/214/198
f 204/215/215 203/214/198 180/188/205
f 181/190/211 204/215/215 180/188/205
f 175/178/208 2603/2952/207 204/215/215
f 183/194/209 175/178/208 204/215/215
f 183/194/209 204/215/215 181/190/211
f 182/192/210 183/194/209 181/190/211
f 209/220/216 208/219/217 205/216/218
f 206/217/219 209/220/216 205/216/218
f 210/221/220 209/220/216 206/217/219
f 207/218/221 210/221/220 206/217/219
f 212/223/222 211/222/223 208/219/217
f 209/220/216 212/223/222 208/219/217
f 213/224/224 212/223/222 209/220/216
f 210/221/220 213/224/224 209/220/216
f 2604/2953/225 214/226/226 211/222/223
f 212/223/222 2604/2953/225 211/222/223
f 215/228/227 2604/2953/225 212/223/222
f 213/224/224 215/228/227 212/223/222
f 217/230/228 216/229/229 214/225/226
f 2604/2954/225 217/230/228 214/225/226
f 218/231/230 217/230/228 2604/2954/225
f 215/227/227 218/231/230 2604/2954/225
f 220/233/231 219/232/232 216/229/229
f 217/230/228 220/233/231 216/229/229
f 221/234/233 220/233/231 217/230/228
f 218/231/230 221/234/233 217/230/228
f 223/236/234 222/235/235 219/232/232
f 220/233/231 223/236/234 219/232/232
f 224/237/236 223/236/234 220/233/231
f 221/234/233 224/237/236 220/233/231
f 221/234/233 2605/2955/237 226/240/238
f 224/237/236 221/234/233 226/240/238
f 226/241/238 2605/2956/237 210/221/220
f 207/218/221 226/241/238 210/221/220
f 218/231/230 215/227/227 2605/2955/237
f 221/234/233 218/231/230 2605/2955/237
f 215/228/227 213/224/224 210/221/220
f 2605/2956/237 215/228/227 210/221/220
f 225/238/239 227/242/240 219/232/232
f 222/235/235 225/238/239 219/232/232
f 208/219/217 227/243/240 225/239/239
f 205/216/218 208/219/217 225/239/239
f 214/225/226 216/229/229 219/232/232
f 227/242/240 214/225/226 219/232/232
f 211/222/223 214/226/226 227/243/240
f 208/219/217 211/222/223 227/243/240
f 232/248/241 231/247/242 228/244/243
f 229/245/244 232/248/241 228/244/243
f 233/249/245 232/248/241 229/245/244
f 230/246/246 233/249/245 229/245/244
f 235/251/247 234/250/248 231/247/242
f 232/248/241 235/251/247 231/247/242
f 236/252/249 235/251/247 232/248/241
f 233/249/245 236/252/249 232/248/241
f 238/255/250 237/254/251 234/250/248
f 235/251/247 238/255/250 234/250/248
f 239/258/252 238/255/250 235/251/247
f 236/252/249 239/258/252 235/251/247
f 241/260/253 240/259/254 237/253/251
f 238/256/250 241/260/253 237/253/251
f 242/261/255 241/260/253 238/256/250
f 239/257/252 242/261/255 238/256/250
f 244/263/256 243/262/257 240/259/254
f 241/260/253 244/263/256 240/259/254
f 245/264/258 244/263/256 241/260/253
f 242/261/255 245/264/258 241/260/253
f 247/266/259 246/265/260 243/262/257
f 244/263/256 247/266/259 243/262/257
f 248/267/261 247/266/259 244/263/256
f 245/264/258 248/267/261 244/263/256
f 245/264/258 250/270/262 249/268/263
f 248/267/261 245/264/258 249/268/263
f 249/269/263 250/271/262 233/249/245
f 230/246/246 249/269/263 233/249/245
f 242/261/255 239/257/252 250/270/262
f 245/264/258 242/261/255 250/270/262
f 239/258/252 236/252/249 233/249/245
f 250/271/262 239/258/252 233/249/245
f 2606/2957/264 251/272/265 243/262/257
f 246/265/260 2606/2957/264 243/262/257
f 231/247/242 251/273/265 2606/2958/264
f 228/244/243 231/247/242 2606/2958/264
f 237/253/251 240/259/254 243/262/257
f 251/272/265 237/253/251 243/262/257
f 234/250/248 237/254/251 251/273/265
f 231/247/242 234/250/248 251/273/265
f 256/278/266 255/277/267 252/274/268
f 253/275/269 256/278/266 252/274/268
f 257/279/270 256/278/266 253/275/269
f 254/276/271 257/279/270 253/275/269
f 259/281/272 258/280/273 255/277/267
f 256/278/266 259/281/272 255/277/267
f 260/282/274 259/281/272 256/278/266
f 257/279/270 260/282/274 256/278/266
f 2608/2961/275 2607/2960/276 258/280/273
f 259/281/272 2608/2961/275 258/280/273
f 261/284/277 2608/2961/275 259/281/272
f 260/282/274 261/284/277 259/281/272
f 263/286/278 262/285/279 2607/2959/276
f 2608/2962/275 263/286/278 2607/2959/276
f 264/287/280 263/286/278 2608/2962/275
f 261/283/277 264/287/280 2608/2962/275
f 266/289/281 265/288/282 262/285/279
f 263/286/278 266/289/281 262/285/279
f 267/290/283 266/289/281 263/286/278
f 264/287/280 267/290/283 263/286/278
f 269/292/284 268/291/285 265/288/282
f 266/289/281 269/292/284 265/288/282
f 270/293/286 269/292/284 266/289/281
f 267/290/283 270/293/286 266/289/281
f 267/290/283 2609/2963/287 2610/2965/288
f 270/293/286 267/290/283 2610/2965/288
f 2610/2966/288 2609/2964/287 257/279/270
f 254/276/271 2610/2966/288 257/279/270
f 264/287/280 261/283/277 2609/2963/287
f 267/290/283 264/287/280 2609/2963/287
f 261/284/277 260/282/274 257/279/270
f 2609/2964/287 261/284/277 257/279/270
f 2611/2967/289 271/294/290 265/288/282
f 268/291/285 2611/2967/289 265/288/282
f 255/277/267 271/295/290 2611/2968/289
f 252/274/268 255/277/267 2611/2968/289
f 2607/2959/276 262/285/279 265/288/282
f 271/294/290 2607/2959/276 265/288/282
f 258/280/273 2607/2960/276 271/295/290
f 255/277/267 258/280/273 271/295/290
f 272/296/291 273/298/292 275/302/293
f 276/303/294 272/296/291 275/302/293
f 280/307/295 272/297/291 2612/2969/296
f 276/303/294 278/305/297 2612/2970/296
f 272/296/291 276/303/294 2612/2970/296
f 2612/2969/296 2613/2971/298 281/308/299
f 280/307/295 2612/2969/296 281/308/299
f 274/300/300 273/299/292 280/307/295
f 281/308/299 274/300/300 280/307/295
f 273/298/292 274/301/300 277/304/301
f 275/302/293 273/298/292 277/304/301
f 279/306/302 2613/2972/298 2612/2970/296
f 278/305/297 279/306/302 2612/2970/296
f 280/307/295 273/299/292 272/297/291
f 282/309/303 1183/1350/304 1182/1348/305
f 283/310/306 282/309/303 1182/1348/305
f 286/313/307 285/312/308 284/311/309
f 287/314/310 286/313/307 284/311/309
f 290/317/311 289/316/311 288/315/311
f 291/318/311 290/317/311 288/315/311
f 296/323/312 293/320/313 292/319/314
f 298/326/315 296/323/312 292/319/314
f 293/320/313 295/322/316 294/321/317
f 292/319/314 293/320/313 294/321/317
f 320/349/318 296/323/312 298/326/315
f 329/363/319 320/349/318 298/326/315
f 2614/2973/320 293/320/313 296/323/312
f 297/324/321 2614/2973/320 296/323/312
f 2615/2975/322 295/322/316 293/320/313
f 2614/2973/320 2615/2975/322 293/320/313
f 297/324/321 296/323/312 320/349/318
f 321/350/323 297/324/321 320/349/318
f 321/351/323 299/327/324 297/325/321
f 297/325/321 299/327/324 2614/2974/320
f 2614/2974/320 299/327/324 2615/2976/322
f 300/328/325 301/329/326 294/321/317
f 295/322/316 300/328/325 294/321/317
f 302/330/327 304/333/328 301/329/326
f 300/328/325 302/330/327 301/329/326
f 322/352/329 323/354/330 304/333/328
f 302/330/327 322/352/329 304/333/328
f 2615/2975/322 303/331/331 300/328/325
f 295/322/316 2615/2975/322 300/328/325
f 303/331/331 2624/2994/332 302/330/327
f 300/328/325 303/331/331 302/330/327
f 2624/2994/332 2616/2977/333 322/352/329
f 302/330/327 2624/2994/332 322/352/329
f 305/334/334 311/340/335 316/345/336
f 317/346/337 305/334/334 316/345/336
f 313/342/338 314/343/339 318/347/340
f 319/348/341 313/342/338 318/347/340
f 324/356/342 313/342/338 319/348/341
f 2618/2982/343 324/356/342 319/348/341
f 311/340/335 312/341/344 315/344/345
f 316/345/336 311/340/335 315/344/345
f 312/341/344 327/361/346 328/362/347
f 315/344/345 312/341/344 328/362/347
f 314/343/339 305/334/334 317/346/337
f 318/347/340 314/343/339 317/346/337
f 370/408/348 307/336/349 306/335/350
f 371/409/351 370/408/348 306/335/350
f 369/407/352 308/337/353 307/336/349
f 370/408/348 369/407/352 307/336/349
f 368/406/354 326/360/355 308/337/353
f 369/407/352 368/406/354 308/337/353
f 372/410/356 310/339/357 309/338/358
f 373/411/359 372/410/356 309/338/358
f 371/409/351 306/335/350 310/339/357
f 372/410/356 371/409/351 310/339/357
f 373/411/359 309/338/358 325/358/360
f 374/412/361 373/411/359 325/358/360
f 378/417/362 377/416/363 2619/2984/364
f 2620/2986/365 378/417/362 2619/2984/364
f 379/418/366 378/417/362 2620/2986/365
f 2621/2989/367 379/418/366 2620/2986/365
f 376/415/368 2622/2990/369 2619/2984/364
f 377/416/363 376/415/368 2619/2984/364
f 375/414/370 2623/2992/371 2622/2990/369
f 376/415/368 375/414/370 2622/2990/369
f 309/338/358 310/339/357 314/343/339
f 313/342/338 309/338/358 314/343/339
f 310/339/357 306/335/350 305/334/334
f 314/343/339 310/339/357 305/334/334
f 325/358/360 309/338/358 313/342/338
f 324/356/342 325/358/360 313/342/338
f 308/337/353 326/360/355 327/361/346
f 312/341/344 308/337/353 327/361/346
f 311/340/335 305/334/334 306/335/350
f 307/336/349 311/340/335 306/335/350
f 312/341/344 311/340/335 307/336/349
f 308/337/353 312/341/344 307/336/349
f 328/362/347 329/363/319 298/326/315
f 315/344/345 328/362/347 298/326/315
f 315/344/345 298/326/315 292/319/314
f 316/345/336 315/344/345 292/319/314
f 317/346/337 316/345/336 292/319/314
f 294/321/317 317/346/337 292/319/314
f 317/346/337 294/321/317 301/329/326
f 318/347/340 317/346/337 301/329/326
f 319/348/341 318/347/340 301/329/326
f 304/333/328 319/348/341 301/329/326
f 2618/2982/343 319/348/341 304/333/328
f 323/354/330 2618/2982/343 304/333/328
f 330/364/372 337/373/373 335/371/374
f 331/365/375 330/364/372 335/371/374
f 331/365/375 335/371/374 336/372/376
f 332/366/377 331/365/375 336/372/376
f 320/349/318 329/363/319 337/373/373
f 330/364/372 320/349/318 337/373/373
f 334/369/378 333/367/379 330/364/372
f 331/365/375 334/369/378 330/364/372
f 2617/2980/380 334/369/378 331/365/375
f 332/366/377 2617/2980/380 331/365/375
f 333/367/379 321/350/323 320/349/318
f 330/364/372 333/367/379 320/349/318
f 338/374/381 332/366/377 336/372/376
f 342/380/382 338/374/381 336/372/376
f 339/375/383 338/374/381 342/380/382
f 343/381/384 339/375/383 342/380/382
f 322/353/329 339/375/383 343/381/384
f 323/355/330 322/353/329 343/381/384
f 2617/2980/380 332/366/377 338/374/381
f 341/378/385 2617/2980/380 338/374/381
f 341/378/385 338/374/381 339/375/383
f 340/376/386 341/378/385 339/375/383
f 340/376/386 339/375/383 322/353/329
f 2616/2978/333 340/376/386 322/353/329
f 2616/2979/333 299/327/324 340/377/386
f 341/379/385 299/327/324 2617/2981/380
f 340/377/386 299/327/324 341/379/385
f 361/399/387 345/383/388 344/382/389
f 346/384/390 361/399/387 344/382/389
f 350/388/391 352/390/392 349/387/393
f 351/389/394 350/388/391 349/387/393
f 324/357/342 2618/2983/343 352/390/392
f 350/388/391 324/357/342 352/390/392
f 346/384/390 344/382/389 347/385/395
f 348/386/396 346/384/390 347/385/395
f 348/386/396 347/385/395 328/362/347
f 327/361/346 348/386/396 328/362/347
f 351/389/394 349/387/393 345/383/388
f 361/399/387 351/389/394 345/383/388
f 366/404/397 365/403/398 353/391/399
f 354/392/400 366/404/397 353/391/399
f 367/405/401 366/404/397 354/392/400
f 355/393/402 367/405/401 354/392/400
f 368/406/354 367/405/401 355/393/402
f 326/360/355 368/406/354 355/393/402
f 364/402/403 363/401/404 357/395/405
f 356/394/406 364/402/403 357/395/405
f 365/403/398 364/402/403 356/394/406
f 353/391/399 365/403/398 356/394/406
f 363/401/404 374/413/361 325/359/360
f 357/395/405 363/401/404 325/359/360
f 358/396/407 2620/2987/365 2619/2985/364
f 359/397/408 358/396/407 2619/2985/364
f 380/419/409 2621/2988/367 2620/2987/365
f 358/396/407 380/419/409 2620/2987/365
f 360/398/410 359/397/408 2619/2985/364
f 2622/2991/369 360/398/410 2619/2985/364
f 362/400/411 360/398/410 2622/2991/369
f 2623/2993/371 362/400/411 2622/2991/369
f 357/395/405 350/388/391 351/389/394
f 356/394/406 357/395/405 351/389/394
f 356/394/406 351/389/394 361/399/387
f 353/391/399 356/394/406 361/399/387
f 325/359/360 324/357/342 350/388/391
f 357/395/405 325/359/360 350/388/391
f 355/393/402 348/386/396 327/361/346
f 326/360/355 355/393/402 327/361/346
f 346/384/390 354/392/400 353/391/399
f 361/399/387 346/384/390 353/391/399
f 348/386/396 355/393/402 354/392/400
f 346/384/390 348/386/396 354/392/400
f 328/362/347 347/385/395 337/373/373
f 329/363/319 328/362/347 337/373/373
f 347/385/395 344/382/389 335/371/374
f 337/373/373 347/385/395 335/371/374
f 345/383/388 336/372/376 335/371/374
f 344/382/389 345/383/388 335/371/374
f 345/383/388 349/387/393 342/380/382
f 336/372/376 345/383/388 342/380/382
f 352/390/392 343/381/384 342/380/382
f 349/387/393 352/390/392 342/380/382
f 2618/2983/343 323/355/330 343/381/384
f 352/390/392 2618/2983/343 343/381/384
f 360/398/410 362/400/411 363/401/404
f 364/402/403 360/398/410 363/401/404
f 360/398/410 364/402/403 365/403/398
f 359/397/408 360/398/410 365/403/398
f 359/397/408 365/403/398 366/404/397
f 358/396/407 359/397/408 366/404/397
f 358/396/407 366/404/397 367/405/401
f 380/419/409 358/396/407 367/405/401
f 380/419/409 367/405/401 368/406/354
f 2621/2988/367 380/419/409 368/406/354
f 2621/2989/367 368/406/354 369/407/352
f 379/418/366 2621/2989/367 369/407/352
f 379/418/366 369/407/352 370/408/348
f 378/417/362 379/418/366 370/408/348
f 378/417/362 370/408/348 371/409/351
f 377/416/363 378/417/362 371/409/351
f 377/416/363 371/409/351 372/410/356
f 376/415/368 377/416/363 372/410/356
f 376/415/368 372/410/356 373/411/359
f 375/414/370 376/415/368 373/411/359
f 375/414/370 373/411/359 374/412/361
f 2623/2992/371 375/414/370 374/412/361
f 2623/2993/371 374/413/361 363/401/404
f 362/400/411 2623/2993/371 363/401/404
f 299/327/324 303/332/331 2615/2976/322
f 299/327/324 2624/2995/332 303/332/331
f 299/327/324 2616/2979/333 2624/2995/332
f 299/327/324 334/370/378 2617/2981/380
f 299/327/324 333/368/379 334/370/378
f 299/327/324 321/351/323 333/368/379
f 396/435/412 395/434/413 412/452/414
f 413/453/415 396/435/412 412/452/414
f 397/437/416 396/436/412 413/454/415
f 414/455/417 397/437/416 413/454/415
f 397/437/416 414/455/417 415/456/418
f 398/438/419 397/437/416 415/456/418
f 398/438/419 415/456/418 416/457/420
f 399/439/421 398/438/419 416/457/420
f 400/440/422 399/439/421 416/457/420
f 417/458/423 400/440/422 416/457/420
f 417/458/423 410/450/424 401/441/425
f 400/440/422 417/458/423 401/441/425
f 401/441/425 410/450/424 411/451/426
f 402/442/427 401/441/425 411/451/426
f 402/442/427 411/451/426 412/452/414
f 395/434/413 402/442/427 412/452/414
f 386/425/428 394/433/429 388/427/430
f 385/424/431 386/425/428 388/427/430
f 385/424/431 388/427/430 389/428/432
f 384/423/433 385/424/431 389/428/432
f 384/423/433 389/428/432 390/429/434
f 383/422/435 384/423/433 390/429/434
f 383/422/435 390/429/434 391/430/436
f 382/421/437 383/422/435 391/430/436
f 382/421/437 391/430/436 2625/2996/438
f 2626/2998/439 382/421/437 2625/2996/438
f 2626/2999/439 2625/2997/438 392/431/440
f 381/420/441 2626/2999/439 392/431/440
f 381/420/441 392/431/440 393/432/442
f 387/426/443 381/420/441 393/432/442
f 387/426/443 393/432/442 394/433/429
f 386/425/428 387/426/443 394/433/429
f 394/433/429 404/444/444 403/443/445
f 388/427/430 394/433/429 403/443/445
f 409/449/446 389/428/432 388/427/430
f 403/443/445 409/449/446 388/427/430
f 408/448/447 390/429/434 389/428/432
f 409/449/446 408/448/447 389/428/432
f 407/447/448 391/430/436 390/429/434
f 408/448/447 407/447/448 390/429/434
f 2627/3001/449 2625/2996/438 391/430/436
f 407/447/448 2627/3001/449 391/430/436
f 406/446/450 392/431/440 2625/2997/438
f 2627/3000/449 406/446/450 2625/2997/438
f 405/445/451 393/432/442 392/431/440
f 406/446/450 405/445/451 392/431/440
f 404/444/444 394/433/429 393/432/442
f 405/445/451 404/444/444 393/432/442
f 404/444/444 410/450/424 417/458/423
f 403/443/445 404/444/444 417/458/423
f 410/450/424 404/444/444 405/445/451
f 411/451/426 410/450/424 405/445/451
f 411/451/426 405/445/451 406/446/450
f 412/452/414 411/451/426 406/446/450
f 2627/3000/449 413/453/415 412/452/414
f 406/446/450 2627/3000/449 412/452/414
f 407/447/448 414/455/417 413/454/415
f 2627/3001/449 407/447/448 413/454/415
f 414/455/417 407/447/448 408/448/447
f 415/456/418 414/455/417 408/448/447
f 415/456/418 408/448/447 409/449/446
f 416/457/420 415/456/418 409/449/446
f 403/443/445 417/458/423 416/457/420
f 409/449/446 403/443/445 416/457/420
f 395/434/413 580/642/452 418/459/453
f 402/442/427 395/434/413 418/459/453
f 402/442/427 418/459/453 419/460/454
f 401/441/425 402/442/427 419/460/454
f 399/439/421 421/462/455 422/463/456
f 398/438/419 399/439/421 422/463/456
f 398/438/419 422/463/456 423/464/457
f 397/437/416 398/438/419 423/464/457
f 426/467/458 450/496/459 425/466/460
f 424/465/461 426/467/458 425/466/460
f 450/496/459 426/467/458 427/469/462
f 451/497/463 450/496/459 427/469/462
f 426/468/458 429/472/464 428/471/465
f 427/470/462 426/468/458 428/471/465
f 429/472/464 426/468/458 424/465/461
f 430/473/466 429/472/464 424/465/461
f 424/465/461 425/466/460 432/475/467
f 431/474/468 424/465/461 432/475/467
f 450/496/459 433/476/469 432/475/467
f 425/466/460 450/496/459 432/475/467
f 433/476/469 450/496/459 451/497/463
f 452/498/470 433/476/469 451/497/463
f 451/497/463 427/469/462 434/477/471
f 452/498/470 451/497/463 434/477/471
f 427/470/462 428/471/465 435/479/472
f 434/478/471 427/470/462 435/479/472
f 429/472/464 436/480/473 435/479/472
f 428/471/465 429/472/464 435/479/472
f 431/474/468 437/481/474 430/473/466
f 424/465/461 431/474/468 430/473/466
f 436/480/473 429/472/464 430/473/466
f 437/481/474 436/480/473 430/473/466
f 605/671/475 606/672/476 431/474/468
f 432/475/467 605/671/475 431/474/468
f 437/481/474 431/474/468 606/672/476
f 607/673/477 437/481/474 606/672/476
f 433/476/469 604/670/478 605/671/475
f 432/475/467 433/476/469 605/671/475
f 604/670/478 433/476/469 452/498/470
f 603/669/479 604/670/478 452/498/470
f 2628/3003/480 603/669/479 452/498/470
f 434/477/471 2628/3003/480 452/498/470
f 602/668/481 2628/3002/480 434/478/471
f 435/479/472 602/668/481 434/478/471
f 436/480/473 601/667/482 602/668/481
f 435/479/472 436/480/473 602/668/481
f 601/667/482 436/480/473 437/481/474
f 607/673/477 601/667/482 437/481/474
f 439/483/483 440/484/484 607/673/477
f 606/672/476 439/483/483 607/673/477
f 606/672/476 605/671/475 438/482/485
f 439/483/483 606/672/476 438/482/485
f 604/670/478 441/485/486 438/482/485
f 605/671/475 604/670/478 438/482/485
f 2628/3002/480 602/668/481 442/486/487
f 444/488/488 2628/3002/480 442/486/487
f 601/667/482 443/487/489 442/486/487
f 602/668/481 601/667/482 442/486/487
f 443/487/489 601/667/482 607/673/477
f 440/484/484 443/487/489 607/673/477
f 439/483/483 438/482/485 571/632/490
f 618/684/491 439/483/483 571/632/490
f 618/684/491 617/683/492 440/484/484
f 439/483/483 618/684/491 440/484/484
f 443/487/489 616/682/493 615/681/494
f 442/486/487 443/487/489 615/681/494
f 441/485/486 613/679/495 571/632/490
f 438/482/485 441/485/486 571/632/490
f 441/485/486 604/670/478 603/669/479
f 453/499/496 441/485/486 603/669/479
f 615/681/494 2629/3005/497 444/488/488
f 442/486/487 615/681/494 444/488/488
f 444/489/488 453/499/496 603/669/479
f 2628/3003/480 444/489/488 603/669/479
f 2629/3004/497 614/680/498 453/499/496
f 444/489/488 2629/3004/497 453/499/496
f 616/682/493 443/487/489 440/484/484
f 617/683/492 616/682/493 440/484/484
f 613/679/495 441/485/486 453/499/496
f 614/680/498 613/679/495 453/499/496
f 636/704/499 635/703/500 543/603/501
f 456/502/502 636/704/499 543/603/501
f 637/705/503 636/704/499 456/502/502
f 2630/3007/504 637/705/503 456/502/502
f 638/707/505 637/706/503 2630/3006/504
f 457/503/506 638/707/505 2630/3006/504
f 639/708/507 638/707/505 457/503/506
f 547/607/508 639/708/507 457/503/506
f 632/699/509 633/700/510 2631/3008/511
f 640/709/512 632/699/509 2631/3008/511
f 633/701/510 634/702/513 650/720/514
f 2631/3009/511 633/701/510 650/720/514
f 635/703/500 636/704/499 649/719/515
f 651/721/516 635/703/500 649/719/515
f 636/704/499 637/705/503 2632/3010/517
f 649/719/515 636/704/499 2632/3010/517
f 637/706/503 638/707/505 648/718/518
f 2632/3011/517 637/706/503 648/718/518
f 638/707/505 639/708/507 647/717/519
f 648/718/518 638/707/505 647/717/519
f 458/504/520 459/505/521 2633/3013/522
f 464/512/523 458/504/520 2633/3013/522
f 459/506/521 460/507/524 465/513/525
f 2633/3012/522 459/506/521 465/513/525
f 544/604/526 461/508/527 467/515/528
f 466/514/529 544/604/526 467/515/528
f 461/508/527 462/509/530 2634/3014/531
f 467/515/528 461/508/527 2634/3014/531
f 462/510/530 463/511/532 468/516/533
f 2634/3015/531 462/510/530 468/516/533
f 545/605/534 468/516/533 463/511/532
f 546/606/535 545/605/534 463/511/532
f 466/514/529 467/515/528 2634/3014/531
f 469/517/536 466/514/529 2634/3014/531
f 465/513/525 466/514/529 469/517/536
f 2633/3012/522 465/513/525 469/517/536
f 468/516/533 545/605/534 469/518/536
f 2634/3015/531 468/516/533 469/518/536
f 622/688/537 2647/3040/538 2648/3042/539
f 470/519/540 622/688/537 2648/3042/539
f 624/690/541 623/689/542 529/587/543
f 471/520/544 624/690/541 529/587/543
f 2635/3017/545 624/690/541 471/520/544
f 472/521/546 2635/3017/545 471/520/544
f 2635/3016/545 472/522/546 473/523/547
f 619/685/548 2635/3016/545 473/523/547
f 620/686/549 619/685/548 473/523/547
f 578/640/550 620/686/549 473/523/547
f 582/646/551 589/654/552 476/526/553
f 2637/3020/554 582/646/551 476/526/553
f 589/654/552 588/653/555 477/527/556
f 476/526/553 589/654/552 477/527/556
f 588/653/555 587/652/557 478/528/558
f 477/527/556 588/653/555 478/528/558
f 587/652/557 586/650/559 479/529/560
f 478/528/558 587/652/557 479/529/560
f 586/651/559 585/649/561 480/531/562
f 479/530/560 586/651/559 480/531/562
f 585/649/561 584/648/563 474/524/564
f 480/531/562 585/649/561 474/524/564
f 477/527/556 478/528/558 479/529/560
f 2636/3018/565 477/527/556 479/529/560
f 476/526/553 477/527/556 2636/3018/565
f 2637/3020/554 476/526/553 2636/3018/565
f 474/524/564 2636/3019/565 479/530/560
f 480/531/562 474/524/564 479/530/560
f 2636/3019/565 474/524/564 475/525/566
f 2637/3021/554 2636/3019/565 475/525/566
f 581/643/567 594/659/568 481/532/569
f 482/533/570 581/643/567 481/532/569
f 600/666/571 581/644/567 482/534/570
f 483/535/572 600/666/571 482/534/570
f 599/665/573 600/666/571 483/535/572
f 593/658/574 599/665/573 483/535/572
f 591/656/575 2638/3022/576 597/662/577
f 598/664/578 591/656/575 597/662/577
f 2638/3023/576 590/655/579 596/661/580
f 597/663/577 2638/3023/576 596/661/580
f 590/655/579 592/657/581 595/660/582
f 596/661/580 590/655/579 595/660/582
f 646/715/583 641/710/584 594/659/568
f 581/643/567 646/715/583 594/659/568
f 645/714/585 646/716/583 581/644/567
f 600/666/571 645/714/585 581/644/567
f 644/713/586 645/714/585 600/666/571
f 599/665/573 644/713/586 600/666/571
f 2639/3024/587 643/712/588 598/664/578
f 597/662/577 2639/3024/587 598/664/578
f 642/711/589 2639/3025/587 597/663/577
f 596/661/580 642/711/589 597/663/577
f 573/634/590 642/711/589 596/661/580
f 595/660/582 573/634/590 596/661/580
f 484/536/591 485/537/592 491/545/593
f 490/543/594 484/536/591 491/545/593
f 485/538/592 486/539/595 492/546/596
f 491/544/593 485/538/592 492/546/596
f 486/539/595 577/639/597 576/638/598
f 492/546/596 486/539/595 576/638/598
f 577/639/597 487/540/599 493/547/600
f 576/638/598 577/639/597 493/547/600
f 487/540/599 2640/3026/601 494/549/602
f 493/547/600 487/540/599 494/549/602
f 2640/3027/601 488/541/603 495/550/604
f 494/548/602 2640/3027/601 495/550/604
f 488/541/603 572/633/605 489/542/606
f 495/550/604 488/541/603 489/542/606
f 492/546/596 576/638/598 575/637/607
f 491/544/593 492/546/596 575/637/607
f 575/636/607 489/542/606 490/543/594
f 491/545/593 575/636/607 490/543/594
f 497/552/608 498/554/609 455/501/610
f 2641/3029/611 497/552/608 455/501/610
f 499/555/612 500/556/613 482/533/570
f 481/532/569 499/555/612 482/533/570
f 483/535/572 482/534/570 500/557/613
f 501/558/614 483/535/572 500/557/613
f 619/685/548 620/686/549 630/697/615
f 629/696/616 619/685/548 630/697/615
f 472/521/546 471/520/544 498/554/609
f 497/552/608 472/521/546 498/554/609
f 457/503/506 2630/3006/504 500/556/613
f 499/555/612 457/503/506 500/556/613
f 500/557/613 2630/3007/504 456/502/502
f 501/558/614 500/557/613 456/502/502
f 533/591/617 496/551/618 470/519/540
f 2648/3042/539 533/591/617 470/519/540
f 535/594/619 559/619/620 558/618/621
f 563/623/622 535/594/619 558/618/621
f 454/500/623 557/617/624 497/553/608
f 2641/3028/611 454/500/623 497/553/608
f 563/623/622 558/618/621 548/608/625
f 549/609/626 563/623/622 548/608/625
f 548/608/625 547/607/508 457/503/506
f 509/566/627 548/608/625 457/503/506
f 509/566/627 457/503/506 499/555/612
f 574/635/628 509/566/627 481/532/569
f 592/657/581 574/635/628 481/532/569
f 590/655/579 526/584/629 574/635/628
f 592/657/581 590/655/579 574/635/628
f 483/535/572 505/562/630 538/598/631
f 593/658/574 483/535/572 538/598/631
f 505/562/630 483/535/572 501/558/614
f 503/560/632 505/562/630 501/558/614
f 503/560/632 501/558/614 456/502/502
f 502/559/633 503/560/632 456/502/502
f 543/603/501 542/602/634 502/559/633
f 456/502/502 543/603/501 502/559/633
f 507/564/635 455/501/610 498/554/609
f 504/561/636 507/564/635 498/554/609
f 504/561/636 498/554/609 471/520/544
f 506/563/637 504/561/636 471/520/544
f 471/520/544 529/587/543 528/586/638
f 506/563/637 471/520/544 528/586/638
f 496/551/618 570/631/639 569/630/640
f 528/586/638 496/551/618 569/630/640
f 551/611/641 552/612/642 2645/3036/643
f 2642/3030/644 551/611/641 2645/3036/643
f 422/463/456 561/621/645 515/572/646
f 423/464/457 422/463/456 515/572/646
f 423/464/457 515/572/646 516/574/647
f 2644/3035/648 423/464/457 516/574/647
f 580/642/452 517/575/649 518/576/650
f 418/459/453 580/642/452 518/576/650
f 609/675/651 555/615/652 608/674/653
f 610/676/654 609/675/651 608/674/653
f 513/570/655 551/611/641 520/578/656
f 611/677/657 513/570/655 520/578/656
f 521/579/658 522/580/659 510/567/660
f 560/620/661 521/579/658 510/567/660
f 2642/3030/644 2643/3032/662 520/578/656
f 551/611/641 2642/3030/644 520/578/656
f 2643/3033/662 2642/3031/644 512/569/663
f 525/583/664 2643/3033/662 512/569/663
f 524/582/665 525/583/664 512/569/663
f 511/568/666 524/582/665 512/569/663
f 2644/3034/648 516/573/647 517/575/649
f 580/642/452 2644/3034/648 517/575/649
f 418/459/453 518/576/650 519/577/667
f 419/460/454 418/459/453 519/577/667
f 419/460/454 519/577/667 554/614/668
f 420/461/669 419/460/454 554/614/668
f 516/574/647 520/578/656 2643/3032/662
f 516/573/647 2643/3033/662 525/583/664
f 516/573/647 525/583/664 524/582/665
f 517/575/649 516/573/647 524/582/665
f 522/580/659 521/579/658 554/614/668
f 519/577/667 522/580/659 554/614/668
f 2635/3016/545 619/685/548 629/696/616
f 628/695/670 2635/3016/545 629/696/616
f 624/690/541 2635/3017/545 628/694/670
f 627/693/671 624/690/541 628/694/670
f 623/689/542 624/690/541 627/693/671
f 626/692/672 623/689/542 627/693/671
f 622/688/537 623/689/542 626/692/672
f 625/691/673 622/688/537 626/692/672
f 2647/3040/538 622/688/537 625/691/673
f 2646/3039/674 2647/3040/538 625/691/673
f 481/532/569 509/566/627 499/555/612
f 528/586/638 529/587/543 470/519/540
f 496/551/618 528/586/638 470/519/540
f 623/689/542 622/688/537 470/519/540
f 529/587/543 623/689/542 470/519/540
f 504/561/636 506/563/637 568/629/675
f 503/560/632 502/559/633 530/588/676
f 538/598/631 531/589/677 566/627/678
f 537/597/679 538/598/631 566/627/678
f 537/597/679 566/627/678 565/626/680
f 536/595/681 537/597/679 565/626/680
f 526/584/629 536/596/681 565/625/680
f 532/590/682 526/584/629 565/625/680
f 574/635/628 526/584/629 532/590/682
f 564/624/683 574/635/628 532/590/682
f 533/592/617 534/593/684 448/494/685
f 445/490/686 533/592/617 448/494/685
f 535/594/619 448/494/685 534/593/684
f 559/619/620 535/594/619 534/593/684
f 2642/3031/644 2645/3037/643 541/601/687
f 512/569/663 2642/3031/644 541/601/687
f 540/600/688 511/568/666 512/569/663
f 541/601/687 540/600/688 512/569/663
f 598/664/578 599/665/573 593/658/574
f 591/656/575 598/664/578 593/658/574
f 537/597/679 536/595/681 2638/3022/576
f 591/656/575 537/597/679 2638/3022/576
f 536/596/681 526/584/629 590/655/579
f 2638/3023/576 536/596/681 590/655/579
f 445/491/686 570/631/639 496/551/618
f 533/591/617 445/491/686 496/551/618
f 542/602/634 543/603/501 455/501/610
f 507/564/635 542/602/634 455/501/610
f 635/703/500 634/702/513 455/501/610
f 543/603/501 635/703/500 455/501/610
f 634/702/513 635/703/500 651/721/516
f 650/720/514 634/702/513 651/721/516
f 460/507/524 544/604/526 466/514/529
f 465/513/525 460/507/524 466/514/529
f 469/518/536 545/605/534 464/512/523
f 2633/3013/522 469/518/536 464/512/523
f 546/606/535 458/504/520 464/512/523
f 545/605/534 546/606/535 464/512/523
f 639/708/507 632/699/509 640/709/512
f 647/717/519 639/708/507 640/709/512
f 454/500/623 632/699/509 639/708/507
f 547/607/508 454/500/623 639/708/507
f 420/461/669 554/614/668 553/613/689
f 421/462/455 420/461/669 553/613/689
f 562/622/690 556/616/691 554/614/668
f 447/493/692 562/622/690 554/614/668
f 527/585/693 449/495/694 560/620/661
f 510/567/660 527/585/693 560/620/661
f 497/553/608 557/617/624 473/523/547
f 472/522/546 497/553/608 473/523/547
f 633/700/510 632/699/509 454/500/623
f 2641/3028/611 633/700/510 454/500/623
f 454/500/623 547/607/508 548/608/625
f 558/618/621 454/500/623 548/608/625
f 454/500/623 558/618/621 557/617/624
f 557/617/624 558/618/621 473/523/547
f 559/619/620 578/640/550 473/523/547
f 558/618/621 559/619/620 473/523/547
f 634/702/513 633/701/510 2641/3029/611
f 455/501/610 634/702/513 2641/3029/611
f 612/678/695 446/492/696 563/623/622
f 549/609/626 612/678/695 563/623/622
f 421/462/455 553/613/689 561/621/645
f 422/463/456 421/462/455 561/621/645
f 550/610/697 552/612/642 551/611/641
f 513/570/655 550/610/697 551/611/641
f 550/610/697 564/624/683 532/590/682
f 552/612/642 550/610/697 532/590/682
f 565/625/680 2645/3036/643 552/612/642
f 532/590/682 565/625/680 552/612/642
f 2645/3037/643 565/626/680 566/627/678
f 541/601/687 2645/3037/643 566/627/678
f 541/601/687 566/627/678 531/589/677
f 540/600/688 541/601/687 531/589/677
f 570/631/639 449/495/694 527/585/693
f 569/630/640 570/631/639 527/585/693
f 615/681/494 616/682/493 449/495/694
f 570/631/639 615/681/494 449/495/694
f 489/542/606 572/633/605 484/536/591
f 490/543/594 489/542/606 484/536/591
f 641/710/584 573/634/590 595/660/582
f 594/659/568 641/710/584 595/660/582
f 481/532/569 594/659/568 595/660/582
f 592/657/581 481/532/569 595/660/582
f 489/542/606 575/636/607 494/548/602
f 495/550/604 489/542/606 494/548/602
f 575/637/607 576/638/598 493/547/600
f 494/549/602 575/637/607 493/547/600
f 643/712/588 644/713/586 599/665/573
f 598/664/578 643/712/588 599/665/573
f 474/524/564 584/648/563 583/647/698
f 475/525/566 474/524/564 583/647/698
f 620/686/549 621/687/699 631/698/700
f 630/697/615 620/686/549 631/698/700
f 621/687/699 620/686/549 578/640/550
f 579/641/701 621/687/699 578/640/550
f 579/641/701 578/640/550 559/619/620
f 534/593/684 579/641/701 559/619/620
f 475/525/566 583/647/698 582/645/551
f 2637/3021/554 475/525/566 582/645/551
f 621/687/699 2647/3041/538 2646/3038/674
f 631/698/700 621/687/699 2646/3038/674
f 2647/3041/538 621/687/699 579/641/701
f 2648/3043/539 2647/3041/538 579/641/701
f 2648/3043/539 579/641/701 534/593/684
f 533/592/617 2648/3043/539 534/593/684
f 538/598/631 537/597/679 591/656/575
f 593/658/574 538/598/631 591/656/575
f 572/633/605 573/634/590 641/710/584
f 484/536/591 572/633/605 641/710/584
f 484/536/591 641/710/584 646/715/583
f 485/537/592 484/536/591 646/715/583
f 485/538/592 646/716/583 645/714/585
f 486/539/595 485/538/592 645/714/585
f 486/539/595 645/714/585 644/713/586
f 577/639/597 486/539/595 644/713/586
f 577/639/597 644/713/586 643/712/588
f 487/540/599 577/639/597 643/712/588
f 487/540/599 643/712/588 2639/3024/587
f 2640/3026/601 487/540/599 2639/3024/587
f 2640/3027/601 2639/3025/587 642/711/589
f 488/541/603 2640/3027/601 642/711/589
f 642/711/589 573/634/590 572/633/605
f 488/541/603 642/711/589 572/633/605
f 585/649/561 629/696/616 630/697/615
f 584/648/563 585/649/561 630/697/615
f 584/648/563 630/697/615 631/698/700
f 583/647/698 584/648/563 631/698/700
f 583/647/698 631/698/700 2646/3038/674
f 582/645/551 583/647/698 2646/3038/674
f 582/646/551 2646/3039/674 625/691/673
f 589/654/552 582/646/551 625/691/673
f 589/654/552 625/691/673 626/692/672
f 588/653/555 589/654/552 626/692/672
f 588/653/555 626/692/672 627/693/671
f 587/652/557 588/653/555 627/693/671
f 587/652/557 627/693/671 628/694/670
f 586/650/559 587/652/557 628/694/670
f 628/695/670 629/696/616 585/649/561
f 586/651/559 628/695/670 585/649/561
f 553/613/689 609/675/651 610/676/654
f 561/621/645 553/613/689 610/676/654
f 515/572/646 611/677/657 520/578/656
f 516/574/647 515/572/646 520/578/656
f 608/674/653 555/615/652 446/492/696
f 612/678/695 608/674/653 446/492/696
f 555/615/652 609/675/651 556/616/691
f 562/622/690 555/615/652 556/616/691
f 556/616/691 609/675/651 553/613/689
f 554/614/668 556/616/691 553/613/689
f 563/623/622 446/492/696 535/594/619
f 571/632/490 613/679/495 446/492/696
f 446/492/696 555/615/652 571/632/490
f 555/615/652 562/622/690 571/632/490
f 614/680/498 448/494/685 535/594/619
f 535/594/619 613/679/495 614/680/498
f 535/594/619 446/492/696 613/679/495
f 448/494/685 614/680/498 2629/3004/497
f 445/490/686 448/494/685 2629/3004/497
f 445/491/686 2629/3005/497 615/681/494
f 570/631/639 445/491/686 615/681/494
f 616/682/493 617/683/492 560/620/661
f 449/495/694 616/682/493 560/620/661
f 618/684/491 571/632/490 562/622/690
f 447/493/692 618/684/491 562/622/690
f 458/504/520 640/709/512 2631/3008/511
f 459/505/521 458/504/520 2631/3008/511
f 459/506/521 2631/3009/511 650/720/514
f 460/507/524 459/506/521 650/720/514
f 460/507/524 650/720/514 651/721/516
f 544/604/526 460/507/524 651/721/516
f 544/604/526 651/721/516 649/719/515
f 461/508/527 544/604/526 649/719/515
f 461/508/527 649/719/515 2632/3010/517
f 462/509/530 461/508/527 2632/3010/517
f 462/510/530 2632/3011/517 648/718/518
f 463/511/532 462/510/530 648/718/518
f 463/511/532 648/718/518 647/717/519
f 546/606/535 463/511/532 647/717/519
f 546/606/535 647/717/519 640/709/512
f 458/504/520 546/606/535 640/709/512
f 507/564/635 504/561/636 568/629/675
f 568/629/675 567/628/702 542/602/634
f 507/564/635 568/629/675 542/602/634
f 567/628/702 568/629/675 527/585/693
f 539/599/703 567/628/702 527/585/693
f 510/567/660 514/571/704 539/599/703
f 527/585/693 510/567/660 539/599/703
f 514/571/704 510/567/660 522/580/659
f 523/581/705 514/571/704 522/580/659
f 523/581/705 522/580/659 519/577/667
f 518/576/650 523/581/705 519/577/667
f 527/585/693 568/629/675 569/630/640
f 569/630/640 568/629/675 506/563/637
f 528/586/638 569/630/640 506/563/637
f 505/562/630 503/560/632 530/588/676
f 505/562/630 530/588/676 531/589/677
f 538/598/631 505/562/630 531/589/677
f 531/589/677 530/588/676 540/600/688
f 517/575/649 524/582/665 523/581/705
f 518/576/650 517/575/649 523/581/705
f 511/568/666 514/571/704 523/581/705
f 524/582/665 511/568/666 523/581/705
f 514/571/704 511/568/666 540/600/688
f 539/599/703 514/571/704 540/600/688
f 540/600/688 530/588/676 567/628/702
f 539/599/703 540/600/688 567/628/702
f 567/628/702 530/588/676 502/559/633
f 542/602/634 567/628/702 502/559/633
f 508/565/706 549/609/626 548/608/625
f 509/566/627 508/565/706 548/608/625
f 549/609/626 508/565/706 550/610/697
f 612/678/695 549/609/626 550/610/697
f 550/610/697 513/570/655 608/674/653
f 612/678/695 550/610/697 608/674/653
f 608/674/653 513/570/655 611/677/657
f 610/676/654 608/674/653 611/677/657
f 610/676/654 611/677/657 515/572/646
f 561/621/645 610/676/654 515/572/646
f 550/610/697 508/565/706 564/624/683
f 508/565/706 509/566/627 574/635/628
f 564/624/683 508/565/706 574/635/628
f 652/722/707 617/683/492 618/684/491
f 447/493/692 652/722/707 618/684/491
f 652/722/707 447/493/692 554/614/668
f 521/579/658 652/722/707 554/614/668
f 421/462/455 399/439/421 400/440/422
f 420/461/669 421/462/455 400/440/422
f 420/461/669 400/440/422 401/441/425
f 419/460/454 420/461/669 401/441/425
f 580/642/452 395/434/413 396/435/412
f 2644/3034/648 580/642/452 396/435/412
f 2644/3035/648 396/436/412 397/437/416
f 423/464/457 2644/3035/648 397/437/416
f 652/722/707 521/579/658 560/620/661
f 617/683/492 652/722/707 560/620/661
f 654/724/708 655/725/709 672/750/710
f 2651/3048/711 654/724/708 672/750/710
f 665/736/712 654/724/708 2651/3048/711
f 2652/3050/713 665/736/712 2651/3048/711
f 664/735/714 665/736/712 2652/3050/713
f 2653/3052/715 664/735/714 2652/3050/713
f 663/734/716 664/735/714 2653/3052/715
f 666/737/717 663/734/716 2653/3052/715
f 662/733/718 663/734/716 666/737/717
f 667/739/719 662/733/718 666/737/717
f 661/732/720 662/733/718 667/739/719
f 668/741/721 661/732/720 667/739/719
f 660/731/722 661/732/720 668/741/721
f 669/743/723 660/731/722 668/741/721
f 659/729/724 660/730/722 669/744/723
f 670/746/725 659/729/724 669/744/723
f 658/728/726 659/729/724 670/746/725
f 671/748/727 658/728/726 670/746/725
f 657/727/728 658/728/726 671/748/727
f 2654/3054/729 657/727/728 671/748/727
f 656/726/730 657/727/728 2654/3054/729
f 2650/3046/731 656/726/730 2654/3054/729
f 655/725/709 656/726/730 2650/3046/731
f 672/750/710 655/725/709 2650/3046/731
f 675/754/732 674/753/733 654/724/708
f 665/736/712 675/754/732 654/724/708
f 674/753/733 673/752/734 655/725/709
f 654/724/708 674/753/733 655/725/709
f 673/752/734 683/762/735 656/726/730
f 655/725/709 673/752/734 656/726/730
f 683/762/735 682/761/736 657/727/728
f 656/726/730 683/762/735 657/727/728
f 682/761/736 681/760/737 658/728/726
f 657/727/728 682/761/736 658/728/726
f 681/760/737 680/759/738 659/729/724
f 658/728/726 681/760/737 659/729/724
f 680/759/738 2649/3044/739 660/730/722
f 659/729/724 680/759/738 660/730/722
f 2649/3045/739 679/758/740 661/732/720
f 660/731/722 2649/3045/739 661/732/720
f 679/758/740 678/757/741 662/733/718
f 661/732/720 679/758/740 662/733/718
f 678/757/741 677/756/742 663/734/716
f 662/733/718 678/757/741 663/734/716
f 677/756/742 676/755/743 664/735/714
f 663/734/716 677/756/742 664/735/714
f 676/755/743 675/754/732 665/736/712
f 664/735/714 676/755/743 665/736/712
f 653/723/744 672/751/710 2650/3047/731
f 653/723/744 2651/3049/711 672/751/710
f 653/723/744 2652/3051/713 2651/3049/711
f 653/723/744 2653/3053/715 2652/3051/713
f 653/723/744 666/738/717 2653/3053/715
f 653/723/744 667/740/719 666/738/717
f 653/723/744 668/742/721 667/740/719
f 653/723/744 669/745/723 668/742/721
f 653/723/744 670/747/725 669/745/723
f 653/723/744 671/749/727 670/747/725
f 653/723/744 2654/3055/729 671/749/727
f 653/723/744 2650/3047/731 2654/3055/729
f 2655/3056/745 685/764/746 684/763/747
f 2656/3058/748 2655/3056/745 684/763/747
f 2657/3060/749 686/765/750 685/764/746
f 2655/3056/745 2657/3060/749 685/764/746
f 687/766/751 2662/3067/752 686/765/750
f 2657/3060/749 687/766/751 686/765/750
f 2656/3058/748 684/763/747 2662/3068/752
f 687/767/751 2656/3058/748 2662/3068/752
f 2659/3063/753 2658/3062/754 2655/3057/745
f 2656/3059/748 2659/3063/753 2655/3057/745
f 2658/3062/754 2660/3064/755 2657/3061/749
f 2655/3057/745 2658/3062/754 2657/3061/749
f 2660/3064/755 2661/3065/756 687/768/751
f 2657/3061/749 2660/3064/755 687/768/751
f 2661/3066/756 2659/3063/753 2656/3059/748
f 687/769/751 2661/3066/756 2656/3059/748
f 684/763/747 685/764/746 2658/3062/754
f 2659/3063/753 684/763/747 2658/3062/754
f 685/764/746 686/765/750 2660/3064/755
f 2658/3062/754 685/764/746 2660/3064/755
f 686/765/750 2662/3067/752 2661/3065/756
f 2660/3064/755 686/765/750 2661/3065/756
f 2662/3068/752 684/763/747 2659/3063/753
f 2661/3066/756 2662/3068/752 2659/3063/753
f 2665/3072/757 2664/3070/758 2663/3069/759
f 688/770/760 2665/3072/757 2663/3069/759
f 2666/3074/761 690/773/762 2663/3069/759
f 2664/3070/758 2666/3074/761 2663/3069/759
f 689/771/763 2671/3080/764 690/773/762
f 2666/3074/761 689/771/763 690/773/762
f 2668/3077/765 2667/3076/766 2664/3071/758
f 2665/3073/757 2668/3077/765 2664/3071/758
f 2669/3078/767 2666/3075/761 2664/3071/758
f 2667/3076/766 2669/3078/767 2664/3071/758
f 2669/3078/767 2670/3079/768 689/772/763
f 2666/3075/761 2669/3078/767 689/772/763
f 688/770/760 2663/3069/759 2667/3076/766
f 2668/3077/765 688/770/760 2667/3076/766
f 690/773/762 2669/3078/767 2667/3076/766
f 2663/3069/759 690/773/762 2667/3076/766
f 690/773/762 2671/3080/764 2670/3079/768
f 2669/3078/767 690/773/762 2670/3079/768
f 2672/3081/769 2673/3082/770 694/778/771
f 691/774/772 2672/3081/769 694/778/771
f 2673/3082/770 2672/3081/769 692/775/773
f 2675/3085/774 2673/3082/770 692/775/773
f 2674/3083/775 693/776/776 2672/3081/769
f 691/774/772 2674/3083/775 2672/3081/769
f 2672/3081/769 693/776/776 2676/3086/777
f 692/775/773 2672/3081/769 2676/3086/777
f 694/778/771 2673/3082/770 693/777/776
f 2674/3084/775 694/778/771 693/777/776
f 693/777/776 2673/3082/770 2675/3085/774
f 2676/3087/777 693/777/776 2675/3085/774
f 697/781/757 2677/3088/778 696/780/779
f 695/779/760 697/781/757 696/780/779
f 2678/3090/761 698/783/762 696/780/779
f 2677/3088/778 2678/3090/761 696/780/779
f 2680/3093/780 2684/3098/764 698/783/762
f 2678/3090/761 2680/3093/780 698/783/762
f 2681/3095/765 2679/3092/781 2677/3089/778
f 697/782/757 2681/3095/765 2677/3089/778
f 2682/3096/767 2678/3091/761 2677/3089/778
f 2679/3092/781 2682/3096/767 2677/3089/778
f 2682/3096/767 2683/3097/782 2680/3094/780
f 2678/3091/761 2682/3096/767 2680/3094/780
f 695/779/760 696/780/779 2679/3092/781
f 2681/3095/765 695/779/760 2679/3092/781
f 698/783/762 2682/3096/767 2679/3092/781
f 696/780/779 698/783/762 2679/3092/781
f 698/783/762 2684/3098/764 2683/3097/782
f 2682/3096/767 698/783/762 2683/3097/782
f 2687/3102/783 706/792/784 707/795/785
f 700/785/786 2687/3102/783 707/795/785
f 714/808/787 2685/3099/788 2686/3101/789
f 701/786/790 714/808/787 2686/3101/789
f 712/804/791 704/789/792 2690/3107/793
f 701/786/790 702/787/794 710/800/795
f 714/808/787 701/786/790 710/800/795
f 702/787/794 703/788/796 2688/3103/797
f 710/800/795 702/787/794 2688/3103/797
f 703/788/796 704/789/792 711/802/798
f 2688/3103/797 703/788/796 711/802/798
f 711/802/798 704/789/792 712/804/791
f 2689/3105/799 711/802/798 712/804/791
f 2685/3100/788 715/810/800 719/819/801
f 2686/3101/789 2685/3099/788 706/792/784
f 2687/3102/783 2686/3101/789 706/792/784
f 2685/3100/788 719/819/801 707/794/785
f 706/793/784 2685/3100/788 707/794/785
f 713/806/802 2694/3116/803 2691/3109/804
f 709/798/805 713/806/802 2691/3109/804
f 718/817/806 717/814/807 714/809/787
f 710/801/795 718/817/806 714/809/787
f 2722/3169/808 718/817/806 710/801/795
f 2688/3104/797 2722/3169/808 710/801/795
f 2723/3171/809 2722/3169/808 2688/3104/797
f 711/803/798 2723/3171/809 2688/3104/797
f 2724/3173/810 2723/3171/809 711/803/798
f 2689/3106/799 2724/3173/810 711/803/798
f 716/812/811 2724/3173/810 2689/3106/799
f 712/805/791 716/812/811 2689/3106/799
f 705/790/812 716/812/811 712/805/791
f 2690/3108/793 705/790/812 712/805/791
f 717/814/807 715/810/800 2685/3100/788
f 714/809/787 717/814/807 2685/3100/788
f 720/821/813 708/796/814 707/794/785
f 719/819/801 720/821/813 707/794/785
f 708/797/814 699/784/815 700/785/786
f 707/795/785 708/797/814 700/785/786
f 713/806/802 709/798/805 708/796/814
f 720/821/813 713/806/802 708/796/814
f 709/799/805 2691/3111/804 699/784/815
f 708/797/814 709/799/805 699/784/815
f 2693/3115/816 721/823/817 2687/3102/783
f 700/785/786 2693/3115/816 2687/3102/783
f 2692/3112/818 2695/3119/819 701/786/790
f 2686/3101/789 2692/3112/818 701/786/790
f 2690/3107/793 704/789/792 2698/3125/820
f 702/787/794 701/786/790 2695/3119/819
f 723/827/821 702/787/794 2695/3119/819
f 703/788/796 702/787/794 723/827/821
f 2696/3121/822 703/788/796 723/827/821
f 704/789/792 703/788/796 2696/3121/822
f 2697/3123/823 704/789/792 2696/3121/822
f 704/789/792 2697/3123/823 722/825/824
f 2698/3125/820 704/789/792 722/825/824
f 2707/3137/825 724/829/826 2692/3113/818
f 2692/3112/818 2686/3101/789 2687/3102/783
f 721/823/817 2692/3112/818 2687/3102/783
f 2707/3137/825 2692/3113/818 721/824/817
f 2693/3114/816 2707/3137/825 721/824/817
f 2694/3117/803 2708/3139/827 728/838/828
f 2691/3110/804 2694/3117/803 728/838/828
f 727/835/829 725/831/830 723/828/821
f 2695/3120/819 727/835/829 723/828/821
f 725/831/830 2725/3175/831 2696/3122/822
f 723/828/821 725/831/830 2696/3122/822
f 2725/3175/831 2726/3177/832 2697/3124/823
f 2696/3122/822 2725/3175/831 2697/3124/823
f 2726/3177/832 2727/3179/833 722/826/824
f 2697/3124/823 2726/3177/832 722/826/824
f 2727/3179/833 726/833/834 2698/3126/820
f 722/826/824 2727/3179/833 2698/3126/820
f 2698/3126/820 726/833/834 705/790/812
f 2690/3108/793 2698/3126/820 705/790/812
f 724/829/826 727/835/829 2695/3120/819
f 2692/3113/818 724/829/826 2695/3120/819
f 2707/3137/825 2693/3114/816 2699/3127/835
f 2709/3141/836 2707/3137/825 2699/3127/835
f 2693/3115/816 700/785/786 699/784/815
f 2699/3128/835 2693/3115/816 699/784/815
f 2699/3127/835 728/838/828 2708/3139/827
f 2709/3141/836 2699/3127/835 2708/3139/827
f 699/784/815 2691/3111/804 728/839/828
f 2699/3128/835 699/784/815 728/839/828
f 739/855/837 740/856/838 746/862/839
f 748/865/840 739/855/837 746/862/839
f 746/862/839 740/856/838 753/870/841
f 745/861/842 746/862/839 753/870/841
f 742/858/843 741/857/844 2702/3132/845
f 743/859/846 742/858/843 2702/3132/845
f 738/854/847 737/853/848 2717/3157/849
f 2716/3155/850 738/854/847 2717/3157/849
f 739/855/837 748/865/840 747/863/851
f 732/844/852 739/855/837 747/863/851
f 729/840/853 749/866/854 2715/3153/855
f 730/841/856 729/840/853 2715/3153/855
f 738/854/847 743/859/846 2702/3132/845
f 737/853/848 738/854/847 2702/3132/845
f 2703/3133/857 741/857/844 742/858/843
f 717/815/807 2703/3133/857 742/858/843
f 715/811/800 717/815/807 742/858/843
f 744/860/858 736/852/859 2700/3129/860
f 2718/3159/861 744/860/858 2700/3129/860
f 736/852/859 744/860/858 2704/3134/862
f 2701/3131/863 736/852/859 2704/3134/862
f 744/860/858 737/853/848 2702/3132/845
f 2704/3134/862 744/860/858 2702/3132/845
f 737/853/848 744/860/858 2718/3159/861
f 2717/3157/849 737/853/848 2718/3159/861
f 2700/3129/860 736/852/859 734/848/864
f 735/850/865 2700/3129/860 734/848/864
f 736/852/859 2701/3131/863 2731/3187/866
f 734/848/864 736/852/859 2731/3187/866
f 2702/3132/845 741/857/844 2733/3193/867
f 2732/3191/868 2702/3132/845 2733/3193/867
f 733/846/869 2703/3133/857 717/815/807
f 741/857/844 2703/3133/857 733/846/869
f 2733/3193/867 741/857/844 733/846/869
f 2701/3131/863 2704/3134/862 2730/3185/870
f 2731/3188/866 2701/3131/863 2730/3185/870
f 2704/3134/862 2702/3132/845 2732/3191/868
f 2730/3185/870 2704/3134/862 2732/3191/868
f 715/811/800 742/858/843 745/861/842
f 719/820/801 715/811/800 745/861/842
f 746/862/839 745/861/842 742/858/843
f 743/859/846 746/862/839 742/858/843
f 748/865/840 746/862/839 743/859/846
f 738/854/847 748/865/840 743/859/846
f 738/854/847 2716/3155/850 747/863/851
f 748/865/840 738/854/847 747/863/851
f 749/866/854 750/867/871 740/856/838
f 739/855/837 749/866/854 740/856/838
f 739/855/837 732/844/852 2715/3153/855
f 749/866/854 739/855/837 2715/3153/855
f 729/840/853 731/843/872 750/867/871
f 749/866/854 729/840/853 750/867/871
f 750/867/871 731/843/872 751/868/873
f 752/869/874 750/867/871 751/868/873
f 752/869/874 751/868/873 2694/3118/803
f 713/807/802 752/869/874 2694/3118/803
f 745/861/842 753/870/841 720/822/813
f 719/820/801 745/861/842 720/822/813
f 753/870/841 752/869/874 713/807/802
f 720/822/813 753/870/841 713/807/802
f 753/870/841 740/856/838 750/867/871
f 752/869/874 753/870/841 750/867/871
f 774/895/875 766/885/876 765/884/877
f 775/896/878 774/895/875 765/884/877
f 765/884/877 771/892/879 772/893/880
f 775/896/878 765/884/877 772/893/880
f 764/883/881 761/880/882 759/878/883
f 760/879/884 764/883/881 759/878/883
f 758/877/885 757/876/886 2713/3149/887
f 2712/3147/888 758/877/885 2713/3149/887
f 767/886/889 766/885/876 774/895/875
f 2714/3151/890 767/886/889 774/895/875
f 770/890/891 769/889/892 729/840/853
f 730/841/856 770/890/891 729/840/853
f 757/876/886 758/877/885 759/878/883
f 761/880/882 757/876/886 759/878/883
f 760/879/884 2705/3135/893 764/883/881
f 727/836/829 724/830/826 764/883/881
f 2705/3135/893 727/836/829 764/883/881
f 756/875/894 763/882/895 2711/3145/896
f 2710/3143/897 756/875/894 2711/3145/896
f 756/875/894 762/881/898 2706/3136/899
f 763/882/895 756/875/894 2706/3136/899
f 763/882/895 2706/3136/899 759/878/883
f 758/877/885 763/882/895 759/878/883
f 763/882/895 758/877/885 2712/3147/888
f 2711/3145/896 763/882/895 2712/3147/888
f 2719/3161/900 756/875/894 2710/3143/897
f 2721/3167/901 2719/3161/900 2710/3143/897
f 762/881/898 756/875/894 2719/3161/900
f 2720/3163/902 762/881/898 2719/3161/900
f 760/879/884 759/878/883 755/873/903
f 2728/3181/904 760/879/884 755/873/903
f 727/836/829 2705/3135/893 754/871/905
f 2705/3135/893 760/879/884 2728/3181/904
f 754/871/905 2705/3135/893 2728/3181/904
f 2706/3136/899 762/881/898 2720/3164/902
f 2729/3183/906 2706/3136/899 2720/3164/902
f 759/878/883 2706/3136/899 2729/3183/906
f 755/873/903 759/878/883 2729/3183/906
f 724/830/826 2707/3138/825 771/892/879
f 764/883/881 724/830/826 771/892/879
f 765/884/877 761/880/882 764/883/881
f 771/892/879 765/884/877 764/883/881
f 766/885/876 757/876/886 761/880/882
f 765/884/877 766/885/876 761/880/882
f 766/885/876 767/886/889 2713/3149/887
f 757/876/886 766/885/876 2713/3149/887
f 769/889/892 774/895/875 775/896/878
f 768/888/907 769/889/892 775/896/878
f 770/890/891 2714/3151/890 774/895/875
f 769/889/892 770/890/891 774/895/875
f 729/840/853 769/889/892 768/888/907
f 731/843/872 729/840/853 768/888/907
f 768/888/907 773/894/908 751/868/873
f 731/843/872 768/888/907 751/868/873
f 773/894/908 2708/3140/827 2694/3118/803
f 751/868/873 773/894/908 2694/3118/803
f 771/892/879 2707/3138/825 2709/3142/836
f 772/893/880 771/892/879 2709/3142/836
f 772/893/880 2709/3142/836 2708/3140/827
f 773/894/908 772/893/880 2708/3140/827
f 772/893/880 773/894/908 768/888/907
f 775/896/878 772/893/880 768/888/907
f 778/900/909 779/901/910 735/851/865
f 734/849/864 778/900/909 735/851/865
f 777/898/911 778/900/909 734/849/864
f 2731/3189/866 777/898/911 734/849/864
f 776/897/912 770/891/891 730/842/856
f 2721/3168/901 776/897/912 735/851/865
f 779/901/910 2721/3168/901 735/851/865
f 2721/3168/901 2710/3144/897 776/897/912
f 2710/3144/897 2711/3146/896 776/897/912
f 2711/3146/896 2712/3148/888 776/897/912
f 2712/3148/888 2713/3150/887 776/897/912
f 2713/3150/887 767/887/889 776/897/912
f 767/887/889 2714/3152/890 776/897/912
f 2714/3152/890 770/891/891 776/897/912
f 776/897/912 730/842/856 2715/3154/855
f 776/897/912 2715/3154/855 732/845/852
f 776/897/912 732/845/852 747/864/851
f 776/897/912 747/864/851 2716/3156/850
f 776/897/912 2716/3156/850 2717/3158/849
f 776/897/912 2717/3158/849 2718/3160/861
f 776/897/912 2718/3160/861 2700/3130/860
f 776/897/912 2700/3130/860 735/851/865
f 2720/3165/902 2719/3162/900 778/900/909
f 777/898/911 2720/3165/902 778/900/909
f 2719/3162/900 2721/3168/901 779/901/910
f 778/900/909 2719/3162/900 779/901/910
f 790/912/913 780/902/914 798/920/915
f 799/921/916 790/912/913 798/920/915
f 782/904/917 802/924/918 798/920/915
f 780/902/914 782/904/917 798/920/915
f 781/903/919 783/905/920 782/904/917
f 780/902/914 781/903/919 782/904/917
f 795/917/921 792/914/922 790/912/913
f 794/916/923 795/917/921 790/912/913
f 792/914/922 793/915/924 783/905/920
f 781/903/919 792/914/922 783/905/920
f 791/913/925 796/918/926 2722/3170/808
f 2723/3172/809 791/913/925 2722/3170/808
f 787/909/927 788/910/928 2724/3174/810
f 716/813/811 787/909/927 2724/3174/810
f 803/925/929 787/909/927 716/813/811
f 705/791/812 803/925/929 716/813/811
f 802/924/918 782/904/917 787/909/927
f 803/925/929 802/924/918 787/909/927
f 787/909/927 782/904/917 783/905/920
f 788/910/928 787/909/927 783/905/920
f 793/915/924 791/913/925 788/910/928
f 783/905/920 793/915/924 788/910/928
f 793/915/924 797/919/930 796/918/926
f 791/913/925 793/915/924 796/918/926
f 2722/3170/808 796/918/926 789/911/931
f 718/818/806 2722/3170/808 789/911/931
f 800/922/932 794/916/923 790/912/913
f 799/921/916 800/922/932 790/912/913
f 780/902/914 790/912/913 792/914/922
f 781/903/919 780/902/914 792/914/922
f 788/910/928 791/913/925 2723/3172/809
f 2724/3174/810 788/910/928 2723/3172/809
f 795/917/921 797/919/930 793/915/924
f 792/914/922 795/917/921 793/915/924
f 786/908/933 797/919/930 795/917/921
f 785/907/934 786/908/933 795/917/921
f 786/908/933 789/911/931 796/918/926
f 797/919/930 786/908/933 796/918/926
f 784/906/935 785/907/934 795/917/921
f 794/916/923 784/906/935 795/917/921
f 801/923/936 784/906/935 794/916/923
f 800/922/932 801/923/936 794/916/923
f 813/935/937 799/921/916 798/920/915
f 804/926/938 813/935/937 798/920/915
f 807/929/939 804/926/938 798/920/915
f 802/924/918 807/929/939 798/920/915
f 805/927/940 804/926/938 807/929/939
f 806/928/941 805/927/940 807/929/939
f 819/941/942 818/940/943 813/935/937
f 815/937/944 819/941/942 813/935/937
f 815/937/944 805/927/940 806/928/941
f 816/938/945 815/937/944 806/928/941
f 814/936/946 2726/3178/832 2725/3176/831
f 820/942/947 814/936/946 2725/3176/831
f 811/933/948 726/834/834 2727/3180/833
f 812/934/949 811/933/948 2727/3180/833
f 803/925/929 705/791/812 726/834/834
f 811/933/948 803/925/929 726/834/834
f 802/924/918 803/925/929 811/933/948
f 807/929/939 802/924/918 811/933/948
f 811/933/948 812/934/949 806/928/941
f 807/929/939 811/933/948 806/928/941
f 816/938/945 806/928/941 812/934/949
f 814/936/946 816/938/945 812/934/949
f 816/938/945 814/936/946 820/942/947
f 817/939/950 816/938/945 820/942/947
f 2725/3176/831 725/832/830 821/943/951
f 820/942/947 2725/3176/831 821/943/951
f 800/922/932 799/921/916 813/935/937
f 818/940/943 800/922/932 813/935/937
f 804/926/938 805/927/940 815/937/944
f 813/935/937 804/926/938 815/937/944
f 812/934/949 2727/3180/833 2726/3178/832
f 814/936/946 812/934/949 2726/3178/832
f 819/941/942 815/937/944 816/938/945
f 817/939/950 819/941/942 816/938/945
f 810/932/952 809/931/953 819/941/942
f 817/939/950 810/932/952 819/941/942
f 810/932/952 817/939/950 820/942/947
f 821/943/951 810/932/952 820/942/947
f 808/930/954 818/940/943 819/941/942
f 809/931/953 808/930/954 819/941/942
f 801/923/936 800/922/932 818/940/943
f 808/930/954 801/923/936 818/940/943
f 725/832/830 727/837/829 754/872/905
f 821/943/951 725/832/830 754/872/905
f 821/943/951 754/872/905 2728/3182/904
f 810/932/952 821/943/951 2728/3182/904
f 755/874/903 809/931/953 810/932/952
f 2728/3182/904 755/874/903 810/932/952
f 2729/3184/906 808/930/954 809/931/953
f 755/874/903 2729/3184/906 809/931/953
f 808/930/954 2729/3184/906 2720/3166/902
f 801/923/936 808/930/954 2720/3166/902
f 801/923/936 2731/3190/866 2730/3186/870
f 784/906/935 801/923/936 2730/3186/870
f 2730/3186/870 2732/3192/868 785/907/934
f 784/906/935 2730/3186/870 785/907/934
f 2732/3192/868 2733/3194/867 786/908/933
f 785/907/934 2732/3192/868 786/908/933
f 786/908/933 2733/3194/867 733/847/869
f 789/911/931 786/908/933 733/847/869
f 789/911/931 733/847/869 717/816/807
f 718/818/806 789/911/931 717/816/807
f 801/923/936 2720/3166/902 777/899/911
f 801/923/936 777/899/911 2731/3190/866
f 827/949/955 837/961/956 853/980/957
f 854/981/958 827/949/955 853/980/957
f 842/966/959 827/949/955 854/981/958
f 855/982/960 842/966/959 854/981/958
f 841/965/961 842/966/959 855/982/960
f 856/983/962 841/965/961 855/982/960
f 840/964/963 841/965/961 856/983/962
f 857/984/964 840/964/963 856/983/962
f 839/963/965 840/964/963 857/984/964
f 858/985/966 839/963/965 857/984/964
f 838/962/967 839/963/965 858/985/966
f 859/986/968 838/962/967 858/985/966
f 828/951/969 838/962/967 859/986/968
f 852/979/970 828/951/969 859/986/968
f 837/961/956 828/950/969 852/978/970
f 853/980/957 837/961/956 852/978/970
f 829/952/971 830/953/972 837/961/956
f 827/949/955 829/952/971 837/961/956
f 831/954/973 828/950/969 837/961/956
f 830/953/972 831/954/973 837/961/956
f 831/955/973 832/956/974 838/962/967
f 828/951/969 831/955/973 838/962/967
f 832/956/974 833/957/975 839/963/965
f 838/962/967 832/956/974 839/963/965
f 833/957/975 834/958/976 840/964/963
f 839/963/965 833/957/975 840/964/963
f 834/958/976 835/959/977 841/965/961
f 840/964/963 834/958/976 841/965/961
f 835/959/977 836/960/978 842/966/959
f 841/965/961 835/959/977 842/966/959
f 836/960/978 829/952/971 827/949/955
f 842/966/959 836/960/978 827/949/955
f 823/945/979 2739/3205/980 2738/3203/981
f 822/944/982 823/945/979 2738/3203/981
f 822/944/982 2738/3203/981 2737/3199/983
f 2734/3195/984 822/944/982 2737/3199/983
f 825/947/985 2743/3213/986 2742/3211/987
f 824/946/988 825/947/985 2742/3211/987
f 824/946/988 2742/3211/987 2741/3209/989
f 826/948/990 824/946/988 2741/3209/989
f 2734/3196/984 2737/3200/983 2743/3213/986
f 825/947/985 2734/3196/984 2743/3213/986
f 2735/3197/991 2740/3207/992 843/967/993
f 2736/3198/994 2735/3197/991 843/967/993
f 2736/3198/994 843/967/993 2739/3205/980
f 823/945/979 2736/3198/994 2739/3205/980
f 826/948/990 2741/3209/989 2740/3207/992
f 2735/3197/991 826/948/990 2740/3207/992
f 861/989/995 862/990/996 823/945/979
f 822/944/982 861/989/995 823/945/979
f 860/987/997 861/989/995 822/944/982
f 2734/3195/984 860/987/997 822/944/982
f 866/994/998 867/995/999 825/947/985
f 824/946/988 866/994/998 825/947/985
f 865/993/1000 866/994/998 824/946/988
f 826/948/990 865/993/1000 824/946/988
f 867/995/999 860/988/997 2734/3196/984
f 825/947/985 867/995/999 2734/3196/984
f 863/991/1001 864/992/1002 2735/3197/991
f 2736/3198/994 863/991/1001 2735/3197/991
f 862/990/996 863/991/1001 2736/3198/994
f 823/945/979 862/990/996 2736/3198/994
f 864/992/1002 865/993/1000 826/948/990
f 2735/3197/991 864/992/1002 826/948/990
f 853/980/957 852/978/970 2737/3201/983
f 2738/3204/981 853/980/957 2737/3201/983
f 854/981/958 853/980/957 2738/3204/981
f 2739/3206/980 854/981/958 2738/3204/981
f 855/982/960 854/981/958 2739/3206/980
f 843/968/993 855/982/960 2739/3206/980
f 856/983/962 855/982/960 843/968/993
f 2740/3208/992 856/983/962 843/968/993
f 857/984/964 856/983/962 2740/3208/992
f 2741/3210/989 857/984/964 2740/3208/992
f 858/985/966 857/984/964 2741/3210/989
f 2742/3212/987 858/985/966 2741/3210/989
f 859/986/968 858/985/966 2742/3212/987
f 2743/3214/986 859/986/968 2742/3212/987
f 852/979/970 859/986/968 2743/3214/986
f 2737/3202/983 852/979/970 2743/3214/986
f 2744/3216/1003 877/1006/1004 861/989/995
f 860/987/997 2744/3216/1003 861/989/995
f 877/1006/1004 878/1007/1005 862/990/996
f 861/989/995 877/1006/1004 862/990/996
f 878/1007/1005 879/1008/1006 863/991/1001
f 862/990/996 878/1007/1005 863/991/1001
f 879/1008/1006 880/1009/1007 864/992/1002
f 863/991/1001 879/1008/1006 864/992/1002
f 880/1009/1007 881/1010/1008 865/993/1000
f 864/992/1002 880/1009/1007 865/993/1000
f 881/1010/1008 882/1011/1009 866/994/998
f 865/993/1000 881/1010/1008 866/994/998
f 882/1011/1009 876/1005/1010 867/995/999
f 866/994/998 882/1011/1009 867/995/999
f 876/1005/1010 2744/3215/1003 860/988/997
f 867/995/999 876/1005/1010 860/988/997
f 887/1016/1011 888/1017/1012 869/997/1013
f 868/996/1014 887/1016/1011 869/997/1013
f 888/1017/1012 889/1018/1015 870/998/1016
f 869/997/1013 888/1017/1012 870/998/1016
f 889/1018/1015 883/1012/1017 871/999/1018
f 870/998/1016 889/1018/1015 871/999/1018
f 883/1012/1017 2745/3217/1019 872/1000/1020
f 871/999/1018 883/1012/1017 872/1000/1020
f 2745/3218/1019 884/1013/1021 873/1002/1022
f 872/1001/1020 2745/3218/1019 873/1002/1022
f 884/1013/1021 885/1014/1023 874/1003/1024
f 873/1002/1022 884/1013/1021 874/1003/1024
f 885/1014/1023 886/1015/1025 875/1004/1026
f 874/1003/1024 885/1014/1023 875/1004/1026
f 886/1015/1025 887/1016/1011 868/996/1014
f 875/1004/1026 886/1015/1025 868/996/1014
f 871/999/1018 872/1000/1020 2744/3215/1003
f 876/1005/1010 871/999/1018 2744/3215/1003
f 872/1001/1020 873/1002/1022 877/1006/1004
f 2744/3216/1003 872/1001/1020 877/1006/1004
f 873/1002/1022 874/1003/1024 878/1007/1005
f 877/1006/1004 873/1002/1022 878/1007/1005
f 874/1003/1024 875/1004/1026 879/1008/1006
f 878/1007/1005 874/1003/1024 879/1008/1006
f 875/1004/1026 868/996/1014 880/1009/1007
f 879/1008/1006 875/1004/1026 880/1009/1007
f 868/996/1014 869/997/1013 881/1010/1008
f 880/1009/1007 868/996/1014 881/1010/1008
f 869/997/1013 870/998/1016 882/1011/1009
f 881/1010/1008 869/997/1013 882/1011/1009
f 870/998/1016 871/999/1018 876/1005/1010
f 882/1011/1009 870/998/1016 876/1005/1010
f 848/974/1027 846/971/1028 2745/3217/1019
f 883/1012/1017 848/974/1027 2745/3217/1019
f 846/972/1028 844/969/1029 884/1013/1021
f 2745/3218/1019 846/972/1028 884/1013/1021
f 844/969/1029 845/970/1030 885/1014/1023
f 884/1013/1021 844/969/1029 885/1014/1023
f 845/970/1030 850/976/1031 886/1015/1025
f 885/1014/1023 845/970/1030 886/1015/1025
f 850/976/1031 851/977/1032 887/1016/1011
f 886/1015/1025 850/976/1031 887/1016/1011
f 851/977/1032 849/975/1033 888/1017/1012
f 887/1016/1011 851/977/1032 888/1017/1012
f 849/975/1033 847/973/1034 889/1018/1015
f 888/1017/1012 849/975/1033 889/1018/1015
f 847/973/1034 848/974/1027 883/1012/1017
f 889/1018/1015 847/973/1034 883/1012/1017
f 2751/3225/1035 893/1024/1036 2747/3221/1037
f 2746/3219/1038 2751/3225/1035 2747/3221/1037
f 892/1023/1039 890/1019/1040 2746/3219/1038
f 2747/3221/1037 892/1023/1039 2746/3219/1038
f 2748/3222/1041 891/1021/1042 890/1019/1040
f 892/1023/1039 2748/3222/1041 890/1019/1040
f 893/1025/1036 2751/3226/1035 891/1021/1042
f 2748/3222/1041 893/1025/1036 891/1021/1042
f 893/1024/1036 895/1027/1043 2749/3223/1044
f 2747/3221/1037 893/1024/1036 2749/3223/1044
f 2749/3223/1044 2750/3224/1045 892/1023/1039
f 2747/3221/1037 2749/3223/1044 892/1023/1039
f 2750/3224/1045 894/1026/1046 2748/3222/1041
f 892/1023/1039 2750/3224/1045 2748/3222/1041
f 894/1026/1046 895/1028/1043 893/1025/1036
f 2748/3222/1041 894/1026/1046 893/1025/1036
f 2749/3223/1044 895/1027/1043 2751/3227/1035
f 2746/3220/1038 2749/3223/1044 2751/3227/1035
f 2746/3220/1038 890/1020/1040 2750/3224/1045
f 2749/3223/1044 2746/3220/1038 2750/3224/1045
f 890/1020/1040 891/1022/1042 894/1026/1046
f 2750/3224/1045 890/1020/1040 894/1026/1046
f 891/1022/1042 2751/3228/1035 895/1028/1043
f 894/1026/1046 891/1022/1042 895/1028/1043
f 2753/3230/1047 2752/3229/1048 900/1035/771
f 896/1029/1049 2753/3230/1047 900/1035/771
f 2752/3229/1048 2753/3230/1047 897/1030/1050
f 2755/3233/1051 2752/3229/1048 897/1030/1050
f 898/1031/1052 2754/3231/776 2753/3230/1047
f 896/1029/1049 898/1031/1052 2753/3230/1047
f 2753/3230/1047 2754/3231/776 899/1033/1053
f 897/1030/1050 2753/3230/1047 899/1033/1053
f 900/1035/771 2752/3229/1048 2754/3232/776
f 898/1032/1052 900/1035/771 2754/3232/776
f 2754/3232/776 2752/3229/1048 2755/3233/1051
f 899/1034/1053 2754/3232/776 2755/3233/1051
f 901/1036/1054 2760/3239/1055 910/1047/1056
f 2776/3261/1057 901/1036/1054 910/1047/1056
f 2764/3243/1058 910/1047/1056 2760/3239/1055
f 2758/3237/1059 2764/3243/1058 2760/3239/1055
f 2756/3234/1060 2764/3243/1058 2758/3237/1059
f 2761/3240/1061 2756/3234/1060 2758/3237/1059
f 2765/3245/1062 2756/3234/1060 2761/3240/1061
f 902/1038/1063 2765/3245/1062 2761/3240/1061
f 911/1049/1064 2765/3245/1062 902/1038/1063
f 2757/3236/1065 911/1049/1064 902/1038/1063
f 2766/3247/1066 911/1049/1064 2757/3236/1065
f 2763/3242/1067 2766/3247/1066 2757/3236/1065
f 912/1051/1068 2766/3247/1066 2763/3242/1067
f 903/1039/1069 912/1051/1068 2763/3242/1067
f 903/1039/1069 904/1040/1070 2785/3278/1071
f 912/1051/1068 903/1039/1069 2785/3278/1071
f 2759/3238/1072 2760/3239/1055 901/1036/1054
f 2777/3265/1073 2759/3238/1072 901/1036/1054
f 2759/3238/1072 905/1042/1074 2758/3237/1059
f 2760/3239/1055 2759/3238/1072 2758/3237/1059
f 905/1042/1074 906/1043/1075 2761/3240/1061
f 2758/3237/1059 905/1042/1074 2761/3240/1061
f 906/1043/1075 907/1044/1076 902/1038/1063
f 2761/3240/1061 906/1043/1075 902/1038/1063
f 907/1044/1076 2762/3241/1077 2757/3236/1065
f 902/1038/1063 907/1044/1076 2757/3236/1065
f 2762/3241/1077 908/1045/1078 2763/3242/1067
f 2757/3236/1065 2762/3241/1077 2763/3242/1067
f 908/1045/1078 909/1046/1079 903/1039/1069
f 2763/3242/1067 908/1045/1078 903/1039/1069
f 2775/3259/1080 904/1040/1070 903/1039/1069
f 909/1046/1079 2775/3259/1080 903/1039/1069
f 2776/3262/1057 910/1048/1056 2759/3238/1072
f 2777/3265/1073 2776/3262/1057 2759/3238/1072
f 910/1048/1056 2764/3244/1058 905/1042/1074
f 2759/3238/1072 910/1048/1056 905/1042/1074
f 2764/3244/1058 2756/3235/1060 906/1043/1075
f 905/1042/1074 2764/3244/1058 906/1043/1075
f 2756/3235/1060 2765/3246/1062 907/1044/1076
f 906/1043/1075 2756/3235/1060 907/1044/1076
f 2765/3246/1062 911/1050/1064 2762/3241/1077
f 907/1044/1076 2765/3246/1062 2762/3241/1077
f 911/1050/1064 2766/3248/1066 908/1045/1078
f 2762/3241/1077 911/1050/1064 908/1045/1078
f 2766/3248/1066 912/1052/1068 909/1046/1079
f 908/1045/1078 2766/3248/1066 909/1046/1079
f 912/1052/1068 2785/3279/1071 2775/3259/1080
f 909/1046/1079 912/1052/1068 2775/3259/1080
f 2776/3263/1057 2779/3268/1081 2769/3253/1082
f 901/1037/1054 2776/3263/1057 2769/3253/1082
f 2779/3268/1081 2780/3270/1083 2770/3254/1084
f 2769/3253/1082 2779/3268/1081 2770/3254/1084
f 2780/3270/1083 2767/3249/1085 2771/3255/1086
f 2770/3254/1084 2780/3270/1083 2771/3255/1086
f 2767/3249/1085 2781/3272/1087 2772/3256/1088
f 2771/3255/1086 2767/3249/1085 2772/3256/1088
f 2781/3272/1087 2768/3251/1089 2773/3257/1090
f 2772/3256/1088 2781/3272/1087 2773/3257/1090
f 2768/3251/1089 918/1058/1091 2774/3258/1092
f 2773/3257/1090 2768/3251/1089 2774/3258/1092
f 918/1058/1091 2784/3276/1093 913/1053/1094
f 2774/3258/1092 918/1058/1091 913/1053/1094
f 2784/3276/1093 2785/3280/1071 904/1041/1070
f 913/1053/1094 2784/3276/1093 904/1041/1070
f 2769/3253/1082 2778/3267/1095 2777/3266/1073
f 901/1037/1054 2769/3253/1082 2777/3266/1073
f 914/1054/1096 2778/3267/1095 2769/3253/1082
f 2770/3254/1084 914/1054/1096 2769/3253/1082
f 915/1055/1097 914/1054/1096 2770/3254/1084
f 2771/3255/1086 915/1055/1097 2770/3254/1084
f 2782/3274/1098 915/1055/1097 2771/3255/1086
f 2772/3256/1088 2782/3274/1098 2771/3255/1086
f 916/1056/1099 2782/3274/1098 2772/3256/1088
f 2773/3257/1090 916/1056/1099 2772/3256/1088
f 2783/3275/1100 916/1056/1099 2773/3257/1090
f 2774/3258/1092 2783/3275/1100 2773/3257/1090
f 917/1057/1101 2783/3275/1100 2774/3258/1092
f 913/1053/1094 917/1057/1101 2774/3258/1092
f 904/1041/1070 2775/3260/1080 917/1057/1101
f 913/1053/1094 904/1041/1070 917/1057/1101
f 2778/3267/1095 2779/3269/1081 2776/3264/1057
f 2777/3266/1073 2778/3267/1095 2776/3264/1057
f 2780/3271/1083 2779/3269/1081 2778/3267/1095
f 914/1054/1096 2780/3271/1083 2778/3267/1095
f 2767/3250/1085 2780/3271/1083 914/1054/1096
f 915/1055/1097 2767/3250/1085 914/1054/1096
f 2781/3273/1087 2767/3250/1085 915/1055/1097
f 2782/3274/1098 2781/3273/1087 915/1055/1097
f 2768/3252/1089 2781/3273/1087 2782/3274/1098
f 916/1056/1099 2768/3252/1089 2782/3274/1098
f 918/1059/1091 2768/3252/1089 916/1056/1099
f 2783/3275/1100 918/1059/1091 916/1056/1099
f 2784/3277/1093 918/1059/1091 2783/3275/1100
f 917/1057/1101 2784/3277/1093 2783/3275/1100
f 2775/3260/1080 2785/3281/1071 2784/3277/1093
f 917/1057/1101 2775/3260/1080 2784/3277/1093
f 921/1062/1102 920/1061/1103 919/1060/1104
f 922/1063/1105 921/1062/1102 919/1060/1104
f 1817/2089/1106 1816/2087/1107 923/1064/1108
f 924/1065/1109 1817/2089/1106 923/1064/1108
f 2787/3284/1110 2786/3282/1111 926/1067/1112
f 931/1073/1113 2787/3284/1110 926/1067/1112
f 931/1073/1113 926/1067/1112 925/1066/1114
f 2789/3290/1115 931/1073/1113 925/1066/1114
f 2788/3287/1116 927/1068/1117 2786/3283/1111
f 2787/3285/1110 2788/3287/1116 2786/3283/1111
f 928/1069/1118 2788/3288/1116 2787/3286/1110
f 931/1074/1113 928/1069/1118 2787/3286/1110
f 929/1070/1119 928/1069/1118 931/1074/1113
f 2789/3289/1115 929/1070/1119 931/1074/1113
f 2789/3290/1115 925/1066/1114 930/1072/1120
f 929/1071/1119 2789/3290/1115 930/1072/1120
f 935/1078/1121 932/1075/1122 933/1076/1123
f 936/1079/1124 935/1078/1121 933/1076/1123
f 937/1080/1125 935/1078/1121 936/1079/1124
f 934/1077/1126 937/1080/1125 936/1079/1124
f 932/1075/1122 927/1068/1117 2788/3287/1116
f 933/1076/1123 932/1075/1122 2788/3287/1116
f 933/1076/1123 2788/3288/1116 928/1069/1118
f 936/1079/1124 933/1076/1123 928/1069/1118
f 936/1079/1124 928/1069/1118 929/1070/1119
f 934/1077/1126 936/1079/1124 929/1070/1119
f 929/1071/1119 930/1072/1120 937/1080/1125
f 934/1077/1126 929/1071/1119 937/1080/1125
f 956/1099/1127 957/1100/1128 938/1081/1129
f 955/1098/1130 956/1099/1127 938/1081/1129
f 941/1084/1131 958/1101/1132 957/1100/1128
f 956/1099/1127 941/1084/1131 957/1100/1128
f 957/1100/1128 939/1082/1133 940/1083/1134
f 938/1081/1129 957/1100/1128 940/1083/1134
f 958/1101/1132 943/1086/1135 939/1082/1133
f 957/1100/1128 958/1101/1132 939/1082/1133
f 939/1082/1133 943/1086/1135 944/1087/1136
f 940/1083/1134 939/1082/1133 944/1087/1136
f 956/1099/1127 955/1098/1130 961/1104/1137
f 959/1102/1138 956/1099/1127 961/1104/1137
f 941/1084/1131 956/1099/1127 959/1102/1138
f 960/1103/1139 941/1084/1131 959/1102/1138
f 959/1102/1138 961/1104/1137 963/1106/1140
f 962/1105/1141 959/1102/1138 963/1106/1140
f 960/1103/1139 959/1102/1138 962/1105/1141
f 942/1085/1142 960/1103/1139 962/1105/1141
f 962/1105/1141 963/1106/1140 964/1107/1143
f 942/1085/1142 962/1105/1141 964/1107/1143
f 946/1089/1144 945/1088/1145 951/1094/1146
f 950/1093/1147 946/1089/1144 951/1094/1146
f 941/1084/1131 946/1089/1144 950/1093/1147
f 958/1101/1132 941/1084/1131 950/1093/1147
f 950/1093/1147 951/1094/1146 953/1096/1148
f 952/1095/1149 950/1093/1147 953/1096/1148
f 958/1101/1132 950/1093/1147 952/1095/1149
f 943/1086/1135 958/1101/1132 952/1095/1149
f 952/1095/1149 953/1096/1148 944/1087/1136
f 943/1086/1135 952/1095/1149 944/1087/1136
f 946/1089/1144 954/1097/1150 947/1090/1151
f 945/1088/1145 946/1089/1144 947/1090/1151
f 941/1084/1131 960/1103/1139 954/1097/1150
f 946/1089/1144 941/1084/1131 954/1097/1150
f 954/1097/1150 948/1091/1152 949/1092/1153
f 947/1090/1151 954/1097/1150 949/1092/1153
f 960/1103/1139 942/1085/1142 948/1091/1152
f 954/1097/1150 960/1103/1139 948/1091/1152
f 948/1091/1152 942/1085/1142 964/1107/1143
f 949/1092/1153 948/1091/1152 964/1107/1143
f 982/1125/1154 1036/1179/1155 1000/1143/1156
f 1034/1177/1157 982/1125/1154 1000/1143/1156
f 1061/1204/1158 981/1124/1159 969/1112/1160
f 998/1141/1161 1061/1204/1158 969/1112/1160
f 1058/1201/1162 1007/1150/1163 967/1110/1164
f 1030/1173/1165 1058/1201/1162 967/1110/1164
f 1057/1200/1166 1009/1152/1167 968/1111/1168
f 999/1142/1169 1057/1200/1166 968/1111/1168
f 990/1133/1170 979/1122/1171 972/1115/1172
f 1029/1172/1173 990/1133/1170 972/1115/1172
f 1056/1199/1174 1012/1155/93 970/1113/1175
f 1039/1182/1176 1056/1199/1174 970/1113/1175
f 1055/1198/1177 1013/1156/89 971/1114/1178
f 1042/1185/1179 1055/1198/1177 971/1114/1178
f 1054/1197/1180 995/1138/1181 979/1122/1171
f 1016/1159/1182 1054/1197/1180 979/1122/1171
f 1053/1196/1183 993/1136/1184 1017/1160/1185
f 1011/1154/1186 1053/1196/1183 1017/1160/1185
f 1052/1195/1187 1051/1194/1188 1001/1144/1189
f 1059/1202/1190 1052/1195/1187 1001/1144/1189
f 1051/1194/1188 990/1133/1170 1029/1172/1173
f 1003/1146/1191 1051/1194/1188 1029/1172/1173
f 1050/1193/138 1029/1172/1173 972/1115/1172
f 1008/1151/107 1050/1193/138 972/1115/1172
f 1049/1192/153 996/1139/1192 973/1116/110
f 1022/1165/109 1049/1192/153 973/1116/110
f 1048/1191/1193 1047/1190/1194 965/1108/1195
f 1031/1174/1196 1048/1191/1193 965/1108/1195
f 1046/1189/1197 1001/1144/1189 1032/1175/1198
f 999/1142/1169 1046/1189/1197 1032/1175/1198
f 1045/1188/1199 1046/1189/1197 980/1123/1200
f 1024/1167/1201 1045/1188/1199 980/1123/1200
f 1044/1187/1202 1034/1177/1157 1000/1143/1156
f 1030/1173/1165 1044/1187/1202 1000/1143/1156
f 1043/1186/1203 1044/1187/1202 1028/1171/1204
f 1004/1147/1205 1043/1186/1203 1028/1171/1204
f 1041/1184/1206 1042/1185/1179 971/1114/1178
f 1026/1169/1207 1041/1184/1206 971/1114/1178
f 1040/1183/1208 1039/1182/1176 970/1113/1175
f 1023/1166/1209 1040/1183/1208 970/1113/1175
f 1038/1181/1210 1035/1178/1211 1033/1176/1212
f 998/1141/1161 1038/1181/1210 1033/1176/1212
f 1037/1180/1213 982/1125/1154 1034/1177/1157
f 1060/1203/1214 1037/1180/1213 1034/1177/1157
f 984/1127/1215 1037/1180/1213 1013/1156/89
f 1014/1157/160 984/1127/1215 1013/1156/89
f 982/1125/1154 1037/1180/1213 984/1127/1215
f 983/1126/1216 982/1125/1154 984/1127/1215
f 1013/1156/89 1037/1180/1213 1060/1203/1214
f 971/1114/1178 1013/1156/89 1060/1203/1214
f 996/1139/1192 983/1126/1216 1017/1160/1185
f 973/1116/110 996/1139/1192 1017/1160/1185
f 983/1126/1216 984/1127/1215 1011/1154/1186
f 1017/1160/1185 983/1126/1216 1011/1154/1186
f 1011/1154/1186 984/1127/1215 1014/1157/160
f 978/1121/137 1011/1154/1186 1014/1157/160
f 985/1128/106 1038/1181/1210 1010/1153/1217
f 1018/1161/158 985/1128/106 1010/1153/1217
f 1035/1178/1211 1038/1181/1210 985/1128/106
f 997/1140/1218 1035/1178/1211 985/1128/106
f 1010/1153/1217 1038/1181/1210 998/1141/1161
f 969/1112/1160 1010/1153/1217 998/1141/1161
f 997/1140/1218 985/1128/106 1008/1151/107
f 972/1115/1172 997/1140/1218 1008/1151/107
f 1008/1151/107 985/1128/106 1018/1161/158
f 977/1120/142 1008/1151/107 1018/1161/158
f 986/1129/1219 987/1130/1220 1031/1174/1196
f 965/1108/1195 986/1129/1219 1031/1174/1196
f 1031/1174/1196 987/1130/1220 1025/1168/1221
f 966/1109/1222 1031/1174/1196 1025/1168/1221
f 987/1130/1220 1040/1183/1208 1005/1148/1223
f 1025/1168/1221 987/1130/1220 1005/1148/1223
f 1039/1182/1176 1040/1183/1208 987/1130/1220
f 986/1129/1219 1039/1182/1176 987/1130/1220
f 1005/1148/1223 1040/1183/1208 1023/1166/1209
f 975/1118/151 1005/1148/1223 1023/1166/1209
f 1061/1204/1158 1041/1184/1206 1027/1170/1224
f 981/1124/1159 1061/1204/1158 1027/1170/1224
f 1042/1185/1179 1041/1184/1206 1061/1204/1158
f 1002/1145/1225 1042/1185/1179 1061/1204/1158
f 1027/1170/1224 1041/1184/1206 1026/1169/1207
f 974/1117/148 1027/1170/1224 1026/1169/1207
f 1060/1203/1214 1043/1186/1203 1026/1169/1207
f 971/1114/1178 1060/1203/1214 1026/1169/1207
f 1044/1187/1202 1043/1186/1203 1060/1203/1214
f 1034/1177/1157 1044/1187/1202 1060/1203/1214
f 1026/1169/1207 1043/1186/1203 1004/1147/1205
f 974/1117/148 1026/1169/1207 1004/1147/1205
f 1028/1171/1204 1044/1187/1202 1030/1173/1165
f 967/1110/1164 1028/1171/1204 1030/1173/1165
f 1059/1202/1190 1045/1188/1199 1023/1166/1209
f 970/1113/1175 1059/1202/1190 1023/1166/1209
f 1046/1189/1197 1045/1188/1199 1059/1202/1190
f 1001/1144/1189 1046/1189/1197 1059/1202/1190
f 1023/1166/1209 1045/1188/1199 1024/1167/1201
f 975/1118/151 1023/1166/1209 1024/1167/1201
f 980/1123/1200 1046/1189/1197 999/1142/1169
f 968/1111/1168 980/1123/1200 999/1142/1169
f 988/1131/1226 989/1132/108 1022/1165/109
f 973/1116/110 988/1131/1226 1022/1165/109
f 1022/1165/109 989/1132/108 1021/1164/157
f 976/1119/154 1022/1165/109 1021/1164/157
f 989/1132/108 1048/1191/1193 1006/1149/1227
f 1021/1164/157 989/1132/108 1006/1149/1227
f 1047/1190/1194 1048/1191/1193 989/1132/108
f 988/1131/1226 1047/1190/1194 989/1132/108
f 1006/1149/1227 1048/1191/1193 1031/1174/1196
f 966/1109/1222 1006/1149/1227 1031/1174/1196
f 1020/1163/155 1049/1192/153 1022/1165/109
f 976/1119/154 1020/1163/155 1022/1165/109
f 1019/1162/139 1050/1193/138 1008/1151/107
f 977/1120/142 1019/1162/139 1008/1151/107
f 1001/1144/1189 1051/1194/1188 1003/1146/1191
f 1032/1175/1198 1001/1144/1189 1003/1146/1191
f 990/1133/1170 991/1134/1228 1016/1159/1182
f 979/1122/1171 990/1133/1170 1016/1159/1182
f 1016/1159/1182 991/1134/1228 1015/1158/135
f 978/1121/137 1016/1159/1182 1015/1158/135
f 991/1134/1228 1052/1195/1187 1012/1155/93
f 1015/1158/135 991/1134/1228 1012/1155/93
f 1051/1194/1188 1052/1195/1187 991/1134/1228
f 990/1133/1170 1051/1194/1188 991/1134/1228
f 1012/1155/93 1052/1195/1187 1059/1202/1190
f 970/1113/1175 1012/1155/93 1059/1202/1190
f 993/1136/1184 992/1135/1229 1047/1190/1194
f 988/1131/1226 993/1136/1184 1047/1190/1194
f 1047/1190/1194 992/1135/1229 986/1129/1219
f 965/1108/1195 1047/1190/1194 986/1129/1219
f 1015/1158/135 1053/1196/1183 1011/1154/1186
f 978/1121/137 1015/1158/135 1011/1154/1186
f 1017/1160/1185 993/1136/1184 988/1131/1226
f 973/1116/110 1017/1160/1185 988/1131/1226
f 995/1138/1181 994/1137/1230 1035/1178/1211
f 997/1140/1218 995/1138/1181 1035/1178/1211
f 1035/1178/1211 994/1137/1230 1002/1145/1225
f 1033/1176/1212 1035/1178/1211 1002/1145/1225
f 1014/1157/160 1054/1197/1180 1016/1159/1182
f 978/1121/137 1014/1157/160 1016/1159/1182
f 979/1122/1171 995/1138/1181 997/1140/1218
f 972/1115/1172 979/1122/1171 997/1140/1218
f 1054/1197/1180 1055/1198/1177 994/1137/1230
f 995/1138/1181 1054/1197/1180 994/1137/1230
f 1013/1156/89 1055/1198/1177 1054/1197/1180
f 1014/1157/160 1013/1156/89 1054/1197/1180
f 994/1137/1230 1055/1198/1177 1042/1185/1179
f 1002/1145/1225 994/1137/1230 1042/1185/1179
f 1053/1196/1183 1056/1199/1174 992/1135/1229
f 993/1136/1184 1053/1196/1183 992/1135/1229
f 1012/1155/93 1056/1199/1174 1053/1196/1183
f 1015/1158/135 1012/1155/93 1053/1196/1183
f 992/1135/1229 1056/1199/1174 1039/1182/1176
f 986/1129/1219 992/1135/1229 1039/1182/1176
f 1050/1193/138 1057/1200/1166 1003/1146/1191
f 1029/1172/1173 1050/1193/138 1003/1146/1191
f 1009/1152/1167 1057/1200/1166 1050/1193/138
f 1019/1162/139 1009/1152/1167 1050/1193/138
f 1003/1146/1191 1057/1200/1166 999/1142/1169
f 1032/1175/1198 1003/1146/1191 999/1142/1169
f 1049/1192/153 1058/1201/1162 1036/1179/1155
f 996/1139/1192 1049/1192/153 1036/1179/1155
f 1007/1150/1163 1058/1201/1162 1049/1192/153
f 1020/1163/155 1007/1150/1163 1049/1192/153
f 1036/1179/1155 1058/1201/1162 1030/1173/1165
f 1000/1143/1156 1036/1179/1155 1030/1173/1165
f 1002/1145/1225 1061/1204/1158 998/1141/1161
f 1033/1176/1212 1002/1145/1225 998/1141/1161
f 1036/1179/1155 982/1125/1154 983/1126/1216
f 996/1139/1192 1036/1179/1155 983/1126/1216
f 1104/1257/1231 1063/1206/1232 1062/1205/1233
f 1089/1242/1234 1104/1257/1231 1062/1205/1233
f 1103/1256/1235 1064/1207/1236 1063/1206/1232
f 1104/1257/1231 1103/1256/1235 1063/1206/1232
f 1102/1255/1237 1065/1208/1238 1064/1207/1236
f 1103/1256/1235 1102/1255/1237 1064/1207/1236
f 1101/1254/1239 1066/1209/1240 1065/1208/1238
f 1102/1255/1237 1101/1254/1239 1065/1208/1238
f 1100/1253/1241 1067/1210/1242 1066/1209/1240
f 1101/1254/1239 1100/1253/1241 1066/1209/1240
f 1099/1252/1243 1068/1211/1244 1067/1210/1242
f 1100/1253/1241 1099/1252/1243 1067/1210/1242
f 1098/1251/1245 1069/1212/1246 1068/1211/1244
f 1099/1252/1243 1098/1251/1245 1068/1211/1244
f 1097/1250/1247 1070/1213/1248 1069/1212/1246
f 1098/1251/1245 1097/1250/1247 1069/1212/1246
f 1096/1249/1249 1071/1214/1250 1070/1213/1248
f 1097/1250/1247 1096/1249/1249 1070/1213/1248
f 1095/1248/1251 1072/1215/1252 1071/1214/1250
f 1096/1249/1249 1095/1248/1251 1071/1214/1250
f 1094/1247/1253 1073/1216/1254 1072/1215/1252
f 1095/1248/1251 1094/1247/1253 1072/1215/1252
f 1093/1246/1255 1074/1217/1256 1073/1216/1254
f 1094/1247/1253 1093/1246/1255 1073/1216/1254
f 1092/1245/1257 1075/1218/1258 1074/1217/1256
f 1093/1246/1255 1092/1245/1257 1074/1217/1256
f 1091/1244/1259 1076/1219/1260 1075/1218/1258
f 1092/1245/1257 1091/1244/1259 1075/1218/1258
f 1090/1243/1261 1077/1220/1262 1076/1219/1260
f 1091/1244/1259 1090/1243/1261 1076/1219/1260
f 1089/1242/1234 1062/1205/1233 1077/1220/1262
f 1090/1243/1261 1089/1242/1234 1077/1220/1262
f 1079/1224/1263 1107/1260/1264 1088/1241/1265
f 1080/1226/1266 1079/1224/1263 1088/1241/1265
f 1106/1259/1267 1081/1228/1268 2791/3294/1269
f 1105/1258/1270 1106/1259/1267 2791/3294/1269
f 1083/1232/1271 1106/1259/1267 1105/1258/1270
f 1084/1234/1272 1083/1232/1271 1105/1258/1270
f 2790/3292/1273 1085/1236/1274 1088/1241/1265
f 1107/1260/1264 2790/3292/1273 1088/1241/1265
f 2794/3299/1275 1104/1257/1231 1089/1242/1234
f 1078/1221/1276 2794/3299/1275 1089/1242/1234
f 1078/1221/1276 1089/1242/1234 1090/1243/1261
f 1087/1239/1277 1078/1221/1276 1090/1243/1261
f 1087/1239/1277 1090/1243/1261 1091/1244/1259
f 1086/1237/1278 1087/1239/1277 1091/1244/1259
f 1086/1237/1278 1091/1244/1259 1092/1245/1257
f 2795/3301/1279 1086/1237/1278 1092/1245/1257
f 2795/3301/1279 1092/1245/1257 1093/1246/1255
f 2790/3291/1273 2795/3301/1279 1093/1246/1255
f 2790/3291/1273 1093/1246/1255 1094/1247/1253
f 1085/1235/1274 2790/3291/1273 1094/1247/1253
f 1085/1235/1274 1094/1247/1253 1095/1248/1251
f 1084/1233/1272 1085/1235/1274 1095/1248/1251
f 1084/1233/1272 1095/1248/1251 1096/1249/1249
f 1083/1231/1271 1084/1233/1272 1096/1249/1249
f 1083/1231/1271 1096/1249/1249 1097/1250/1247
f 1082/1229/1280 1083/1231/1271 1097/1250/1247
f 1082/1229/1280 1097/1250/1247 1098/1251/1245
f 2792/3295/1281 1082/1229/1280 1098/1251/1245
f 2792/3295/1281 1098/1251/1245 1099/1252/1243
f 2793/3297/1282 2792/3295/1281 1099/1252/1243
f 2793/3297/1282 1099/1252/1243 1100/1253/1241
f 1081/1227/1268 2793/3297/1282 1100/1253/1241
f 1081/1227/1268 1100/1253/1241 1101/1254/1239
f 2791/3293/1269 1081/1227/1268 1101/1254/1239
f 2791/3293/1269 1101/1254/1239 1102/1255/1237
f 1080/1225/1266 2791/3293/1269 1102/1255/1237
f 1080/1225/1266 1102/1255/1237 1103/1256/1235
f 1079/1223/1263 1080/1225/1266 1103/1256/1235
f 1079/1223/1263 1103/1256/1235 1104/1257/1231
f 2794/3299/1275 1079/1223/1263 1104/1257/1231
f 2791/3294/1269 1080/1226/1266 1088/1241/1265
f 1105/1258/1270 2791/3294/1269 1088/1241/1265
f 1084/1234/1272 1105/1258/1270 1088/1241/1265
f 1085/1236/1274 1084/1234/1272 1088/1241/1265
f 1082/1230/1280 2792/3296/1281 1106/1259/1267
f 1083/1232/1271 1082/1230/1280 1106/1259/1267
f 2792/3296/1281 2793/3298/1282 1081/1228/1268
f 1106/1259/1267 2792/3296/1281 1081/1228/1268
f 2794/3300/1275 1108/1261/1283 1107/1260/1264
f 1079/1224/1263 2794/3300/1275 1107/1260/1264
f 1108/1261/1283 2795/3302/1279 2790/3292/1273
f 1107/1260/1264 1108/1261/1283 2790/3292/1273
f 1078/1222/1276 1087/1240/1277 1108/1261/1283
f 2794/3300/1275 1078/1222/1276 1108/1261/1283
f 1087/1240/1277 1086/1238/1278 2795/3302/1279
f 1108/1261/1283 1087/1240/1277 2795/3302/1279
f 1113/1266/1284 1110/1263/1285 1109/1262/1286
f 1112/1265/1287 1113/1266/1284 1109/1262/1286
f 1114/1267/1288 1111/1264/1289 1110/1263/1285
f 1113/1266/1284 1114/1267/1288 1110/1263/1285
f 1116/1269/1290 1113/1266/1284 1112/1265/1287
f 1115/1268/1291 1116/1269/1290 1112/1265/1287
f 1117/1270/1292 1114/1267/1288 1113/1266/1284
f 1116/1269/1290 1117/1270/1292 1113/1266/1284
f 2796/3303/1293 1116/1269/1290 1115/1268/1291
f 1118/1272/1294 2796/3303/1293 1115/1268/1291
f 1119/1274/1295 1117/1270/1292 1116/1269/1290
f 2796/3303/1293 1119/1274/1295 1116/1269/1290
f 1121/1276/1296 2796/3304/1293 1118/1271/1294
f 1120/1275/1297 1121/1276/1296 1118/1271/1294
f 1122/1277/1298 1119/1273/1295 2796/3304/1293
f 1121/1276/1296 1122/1277/1298 2796/3304/1293
f 1124/1279/1299 1121/1276/1296 1120/1275/1297
f 1123/1278/1300 1124/1279/1299 1120/1275/1297
f 1125/1280/1301 1122/1277/1298 1121/1276/1296
f 1124/1279/1299 1125/1280/1301 1121/1276/1296
f 1127/1282/1302 1124/1279/1299 1123/1278/1300
f 1126/1281/1303 1127/1282/1302 1123/1278/1300
f 1128/1283/1304 1125/1280/1301 1124/1279/1299
f 1127/1282/1302 1128/1283/1304 1124/1279/1299
f 1125/1280/1301 1128/1283/1304 2797/3305/1305
f 2798/3307/1306 1125/1280/1301 2797/3305/1305
f 2797/3306/1305 1111/1264/1289 1114/1267/1288
f 2798/3308/1306 2797/3306/1305 1114/1267/1288
f 1122/1277/1298 1125/1280/1301 2798/3307/1306
f 1119/1273/1295 1122/1277/1298 2798/3307/1306
f 1119/1274/1295 2798/3308/1306 1114/1267/1288
f 1117/1270/1292 1119/1274/1295 1114/1267/1288
f 1129/1284/1307 1126/1281/1303 1123/1278/1300
f 2799/3309/1308 1129/1284/1307 1123/1278/1300
f 1112/1265/1287 1109/1262/1286 1129/1285/1307
f 2799/3310/1308 1112/1265/1287 1129/1285/1307
f 1118/1271/1294 2799/3309/1308 1123/1278/1300
f 1120/1275/1297 1118/1271/1294 1123/1278/1300
f 1115/1268/1291 1112/1265/1287 2799/3310/1308
f 1118/1272/1294 1115/1268/1291 2799/3310/1308
f 1134/1290/1309 1131/1287/244 1130/1286/246
f 1133/1289/1310 1134/1290/1309 1130/1286/246
f 1135/1291/1311 1132/1288/243 1131/1287/244
f 1134/1290/1309 1135/1291/1311 1131/1287/244
f 1137/1293/1312 1134/1290/1309 1133/1289/1310
f 1136/1292/1313 1137/1293/1312 1133/1289/1310
f 1138/1294/1314 1135/1291/1311 1134/1290/1309
f 1137/1293/1312 1138/1294/1314 1134/1290/1309
f 1140/1297/1315 1137/1293/1312 1136/1292/1313
f 1139/1296/1316 1140/1297/1315 1136/1292/1313
f 2800/3312/1317 1138/1294/1314 1137/1293/1312
f 1140/1297/1315 2800/3312/1317 1137/1293/1312
f 1142/1300/1318 1140/1298/1315 1139/1295/1316
f 1141/1299/1319 1142/1300/1318 1139/1295/1316
f 1143/1301/1320 2800/3311/1317 1140/1298/1315
f 1142/1300/1318 1143/1301/1320 1140/1298/1315
f 1145/1303/1321 1142/1300/1318 1141/1299/1319
f 1144/1302/1322 1145/1303/1321 1141/1299/1319
f 1146/1304/1323 1143/1301/1320 1142/1300/1318
f 1145/1303/1321 1146/1304/1323 1142/1300/1318
f 1148/1306/259 1145/1303/1321 1144/1302/1322
f 1147/1305/261 1148/1306/259 1144/1302/1322
f 1149/1307/260 1146/1304/1323 1145/1303/1321
f 1148/1306/259 1149/1307/260 1145/1303/1321
f 1146/1304/1323 1149/1307/260 1150/1308/264
f 1151/1310/1324 1146/1304/1323 1150/1308/264
f 1150/1309/264 1132/1288/243 1135/1291/1311
f 1151/1311/1324 1150/1309/264 1135/1291/1311
f 1143/1301/1320 1146/1304/1323 1151/1310/1324
f 2800/3311/1317 1143/1301/1320 1151/1310/1324
f 2800/3312/1317 1151/1311/1324 1135/1291/1311
f 1138/1294/1314 2800/3312/1317 1135/1291/1311
f 2801/3313/263 1147/1305/261 1144/1302/1322
f 1152/1312/1325 2801/3313/263 1144/1302/1322
f 1133/1289/1310 1130/1286/246 2801/3314/263
f 1152/1313/1325 1133/1289/1310 2801/3314/263
f 1139/1295/1316 1152/1312/1325 1144/1302/1322
f 1141/1299/1319 1139/1295/1316 1144/1302/1322
f 1136/1292/1313 1133/1289/1310 1152/1313/1325
f 1139/1296/1316 1136/1292/1313 1152/1313/1325
f 1157/1318/510 1154/1315/1326 1153/1314/1327
f 1156/1317/1328 1157/1318/510 1153/1314/1327
f 1158/1319/1329 1155/1316/1330 1154/1315/1326
f 1157/1318/510 1158/1319/1329 1154/1315/1326
f 1160/1321/1331 1157/1318/510 1156/1317/1328
f 1159/1320/1332 1160/1321/1331 1156/1317/1328
f 1161/1322/1333 1158/1319/1329 1157/1318/510
f 1160/1321/1331 1161/1322/1333 1157/1318/510
f 1163/1325/1334 1160/1321/1331 1159/1320/1332
f 1162/1324/1335 1163/1325/1334 1159/1320/1332
f 1164/1328/1336 1161/1322/1333 1160/1321/1331
f 1163/1325/1334 1164/1328/1336 1160/1321/1331
f 1166/1330/1337 1163/1326/1334 1162/1323/1335
f 1165/1329/1338 1166/1330/1337 1162/1323/1335
f 1167/1331/1339 1164/1327/1336 1163/1326/1334
f 1166/1330/1337 1167/1331/1339 1163/1326/1334
f 1169/1333/1340 1166/1330/1337 1165/1329/1338
f 1168/1332/1341 1169/1333/1340 1165/1329/1338
f 1170/1334/1342 1167/1331/1339 1166/1330/1337
f 1169/1333/1340 1170/1334/1342 1166/1330/1337
f 1172/1336/1343 1169/1333/1340 1168/1332/1341
f 1171/1335/1344 1172/1336/1343 1168/1332/1341
f 1173/1337/1345 1170/1334/1342 1169/1333/1340
f 1172/1336/1343 1173/1337/1345 1169/1333/1340
f 1170/1334/1342 1173/1337/1345 2802/3315/1346
f 1174/1338/1347 1170/1334/1342 2802/3315/1346
f 2802/3316/1346 1155/1316/1330 1158/1319/1329
f 1174/1339/1347 2802/3316/1346 1158/1319/1329
f 1167/1331/1339 1170/1334/1342 1174/1338/1347
f 1164/1327/1336 1167/1331/1339 1174/1338/1347
f 1164/1328/1336 1174/1339/1347 1158/1319/1329
f 1161/1322/1333 1164/1328/1336 1158/1319/1329
f 2803/3317/1348 1171/1335/1344 1168/1332/1341
f 2804/3319/1349 2803/3317/1348 1168/1332/1341
f 1156/1317/1328 1153/1314/1327 2803/3318/1348
f 2804/3320/1349 1156/1317/1328 2803/3318/1348
f 1162/1323/1335 2804/3319/1349 1168/1332/1341
f 1165/1329/1338 1162/1323/1335 1168/1332/1341
f 1159/1320/1332 1156/1317/1328 2804/3320/1349
f 1162/1324/1335 1159/1320/1332 2804/3320/1349
f 2806/3323/1350 2807/3325/1351 1176/1342/1352
f 1175/1340/1353 2806/3323/1350 1176/1342/1352
f 2806/3324/1350 1180/1346/1354 2805/3321/1355
f 2807/3325/1351 2806/3323/1350 2805/3322/1355
f 1178/1344/1356 2807/3325/1351 2805/3322/1355
f 2805/3321/1355 1180/1346/1354 1181/1347/1357
f 2809/3328/1358 2805/3321/1355 1181/1347/1357
f 2808/3326/1359 1181/1347/1357 1180/1346/1354
f 1175/1341/1353 2808/3326/1359 1180/1346/1354
f 1175/1340/1353 1176/1342/1352 1177/1343/1360
f 2808/3327/1359 1175/1340/1353 1177/1343/1360
f 1179/1345/1361 1178/1344/1356 2805/3322/1355
f 2809/3329/1358 1179/1345/1361 2805/3322/1355
f 1175/1341/1353 1180/1346/1354 2806/3324/1350
f 1184/1352/1362 1185/1353/1363 1182/1349/305
f 1183/1351/304 1184/1352/1362 1182/1349/305
f 1188/1356/1364 1189/1357/1365 1186/1354/1366
f 1187/1355/1367 1188/1356/1364 1186/1354/1366
f 1192/1360/1368 1193/1361/1368 1190/1358/1368
f 1191/1359/1368 1192/1360/1368 1190/1358/1368
f 1198/1366/1369 1200/1369/1370 1194/1362/1371
f 1195/1363/1372 1198/1366/1369 1194/1362/1371
f 1195/1363/1372 1194/1362/1371 1196/1364/1373
f 1197/1365/1374 1195/1363/1372 1196/1364/1373
f 1223/1394/1375 1230/1404/1376 1200/1369/1370
f 1198/1366/1369 1223/1394/1375 1200/1369/1370
f 1199/1367/1377 2810/3330/1378 1198/1366/1369
f 1195/1363/1372 1199/1367/1377 1198/1366/1369
f 2812/3334/1379 1199/1367/1377 1195/1363/1372
f 1197/1365/1374 2812/3334/1379 1195/1363/1372
f 2810/3330/1378 2811/3332/1380 1223/1394/1375
f 1198/1366/1369 2810/3330/1378 1223/1394/1375
f 1201/1370/1381 2811/3333/1380 2810/3331/1378
f 1201/1370/1381 2810/3331/1378 1199/1368/1377
f 1201/1370/1381 1199/1368/1377 2812/3335/1379
f 1202/1371/1382 1197/1365/1374 1196/1364/1373
f 1203/1372/1383 1202/1371/1382 1196/1364/1373
f 1204/1373/1384 1202/1371/1382 1203/1372/1383
f 1207/1378/1385 1204/1373/1384 1203/1372/1383
f 2814/3338/1386 1204/1373/1384 1207/1378/1385
f 2813/3336/1387 2814/3338/1386 1207/1378/1385
f 2812/3334/1379 1197/1365/1374 1202/1371/1382
f 1206/1376/1388 2812/3334/1379 1202/1371/1382
f 1206/1376/1388 1202/1371/1382 1204/1373/1384
f 1205/1374/1389 1206/1376/1388 1204/1373/1384
f 1205/1374/1389 1204/1373/1384 2814/3338/1386
f 2816/3342/1390 1205/1374/1389 2814/3338/1386
f 1208/1379/1391 1220/1391/1392 1219/1390/1393
f 1214/1385/1394 1208/1379/1391 1219/1390/1393
f 1216/1387/1395 1222/1393/1396 1221/1392/1397
f 1217/1388/1398 1216/1387/1395 1221/1392/1397
f 2818/3347/1399 1224/1395/1400 1222/1393/1396
f 1216/1387/1395 2818/3347/1399 1222/1393/1396
f 1214/1385/1394 1219/1390/1393 1218/1389/1401
f 1215/1386/1402 1214/1385/1394 1218/1389/1401
f 1215/1386/1402 1218/1389/1401 1229/1403/1403
f 1228/1402/1404 1215/1386/1402 1229/1403/1403
f 1217/1388/1398 1221/1392/1397 1220/1391/1392
f 1208/1379/1391 1217/1388/1398 1220/1391/1392
f 1270/1447/1405 1271/1448/1406 1209/1380/1407
f 1210/1381/1408 1270/1447/1405 1209/1380/1407
f 1269/1446/1409 1270/1447/1405 1210/1381/1408
f 1211/1382/1410 1269/1446/1409 1210/1381/1408
f 1268/1445/1411 1269/1446/1409 1211/1382/1410
f 1227/1401/1412 1268/1445/1411 1211/1382/1410
f 1272/1449/1413 1273/1450/1414 1212/1383/1415
f 1213/1384/1416 1272/1449/1413 1212/1383/1415
f 1271/1448/1406 1272/1449/1413 1213/1384/1416
f 1209/1380/1407 1271/1448/1406 1213/1384/1416
f 1273/1450/1414 2820/3351/1417 2819/3349/1418
f 1212/1383/1415 1273/1450/1414 2819/3349/1418
f 1278/1456/1419 1226/1399/1420 2821/3353/1421
f 1277/1455/1422 1278/1456/1419 2821/3353/1421
f 1279/1457/1423 2822/3356/1424 1226/1399/1420
f 1278/1456/1419 1279/1457/1423 1226/1399/1420
f 1276/1454/1425 1277/1455/1422 2821/3353/1421
f 1225/1397/1426 1276/1454/1425 2821/3353/1421
f 1275/1453/1427 1276/1454/1425 1225/1397/1426
f 1274/1451/1428 1275/1453/1427 1225/1397/1426
f 1212/1383/1415 1216/1387/1395 1217/1388/1398
f 1213/1384/1416 1212/1383/1415 1217/1388/1398
f 1213/1384/1416 1217/1388/1398 1208/1379/1391
f 1209/1380/1407 1213/1384/1416 1208/1379/1391
f 2819/3349/1418 2818/3347/1399 1216/1387/1395
f 1212/1383/1415 2819/3349/1418 1216/1387/1395
f 1211/1382/1410 1215/1386/1402 1228/1402/1404
f 1227/1401/1412 1211/1382/1410 1228/1402/1404
f 1214/1385/1394 1210/1381/1408 1209/1380/1407
f 1208/1379/1391 1214/1385/1394 1209/1380/1407
f 1215/1386/1402 1211/1382/1410 1210/1381/1408
f 1214/1385/1394 1215/1386/1402 1210/1381/1408
f 1229/1403/1403 1218/1389/1401 1200/1369/1370
f 1230/1404/1376 1229/1403/1403 1200/1369/1370
f 1218/1389/1401 1219/1390/1393 1194/1362/1371
f 1200/1369/1370 1218/1389/1401 1194/1362/1371
f 1220/1391/1392 1196/1364/1373 1194/1362/1371
f 1219/1390/1393 1220/1391/1392 1194/1362/1371
f 1220/1391/1392 1221/1392/1397 1203/1372/1383
f 1196/1364/1373 1220/1391/1392 1203/1372/1383
f 1222/1393/1396 1207/1378/1385 1203/1372/1383
f 1221/1392/1397 1222/1393/1396 1203/1372/1383
f 1224/1395/1400 2813/3336/1387 1207/1378/1385
f 1222/1393/1396 1224/1395/1400 1207/1378/1385
f 1231/1405/1429 1232/1406/1430 1236/1412/1431
f 1238/1414/1432 1231/1405/1429 1236/1412/1431
f 1232/1406/1430 1233/1407/1433 1237/1413/1434
f 1236/1412/1431 1232/1406/1430 1237/1413/1434
f 1223/1394/1375 1231/1405/1429 1238/1414/1432
f 1230/1404/1376 1223/1394/1375 1238/1414/1432
f 1235/1410/1435 1232/1406/1430 1231/1405/1429
f 1234/1408/1436 1235/1410/1435 1231/1405/1429
f 2817/3345/1437 1233/1407/1433 1232/1406/1430
f 1235/1410/1435 2817/3345/1437 1232/1406/1430
f 1234/1408/1436 1231/1405/1429 1223/1394/1375
f 2811/3332/1380 1234/1408/1436 1223/1394/1375
f 1239/1415/1438 1242/1419/1439 1237/1413/1434
f 1233/1407/1433 1239/1415/1438 1237/1413/1434
f 1240/1416/1440 1243/1420/1441 1242/1419/1439
f 1239/1415/1438 1240/1416/1440 1242/1419/1439
f 2814/3339/1386 2813/3337/1387 1243/1420/1441
f 1240/1416/1440 2814/3339/1386 1243/1420/1441
f 2817/3345/1437 1241/1417/1442 1239/1415/1438
f 1233/1407/1433 2817/3345/1437 1239/1415/1438
f 1241/1417/1442 2815/3340/1443 1240/1416/1440
f 1239/1415/1438 1241/1417/1442 1240/1416/1440
f 2815/3340/1443 2816/3343/1390 2814/3339/1386
f 1240/1416/1440 2815/3340/1443 2814/3339/1386
f 1201/1370/1381 2816/3344/1390 2815/3341/1443
f 1201/1370/1381 1241/1418/1442 2817/3346/1437
f 1201/1370/1381 2815/3341/1443 1241/1418/1442
f 1261/1438/1444 1246/1423/1445 1244/1421/1446
f 1245/1422/1447 1261/1438/1444 1244/1421/1446
f 1250/1427/1448 1251/1428/1449 1249/1426/1450
f 1252/1429/1451 1250/1427/1448 1249/1426/1450
f 2818/3348/1399 1250/1427/1448 1252/1429/1451
f 1224/1396/1400 2818/3348/1399 1252/1429/1451
f 1246/1423/1445 1248/1425/1452 1247/1424/1453
f 1244/1421/1446 1246/1423/1445 1247/1424/1453
f 1248/1425/1452 1228/1402/1404 1229/1403/1403
f 1247/1424/1453 1248/1425/1452 1229/1403/1403
f 1251/1428/1449 1261/1438/1444 1245/1422/1447
f 1249/1426/1450 1251/1428/1449 1245/1422/1447
f 1266/1443/1454 1254/1431/1455 1253/1430/1456
f 1265/1442/1457 1266/1443/1454 1253/1430/1456
f 1267/1444/1458 1255/1432/1459 1254/1431/1455
f 1266/1443/1454 1267/1444/1458 1254/1431/1455
f 1268/1445/1411 1227/1401/1412 1255/1432/1459
f 1267/1444/1458 1268/1445/1411 1255/1432/1459
f 1264/1441/1460 1256/1433/1461 1257/1434/1462
f 1263/1440/1463 1264/1441/1460 1257/1434/1462
f 1265/1442/1457 1253/1430/1456 1256/1433/1461
f 1264/1441/1460 1265/1442/1457 1256/1433/1461
f 1263/1440/1463 1257/1434/1462 2819/3350/1418
f 2820/3352/1417 1263/1440/1463 2819/3350/1418
f 1258/1435/1464 1259/1436/1465 2821/3354/1421
f 1226/1400/1420 1258/1435/1464 2821/3354/1421
f 1280/1458/1466 1258/1435/1464 1226/1400/1420
f 2822/3355/1424 1280/1458/1466 1226/1400/1420
f 1260/1437/1467 1225/1398/1426 2821/3354/1421
f 1259/1436/1465 1260/1437/1467 2821/3354/1421
f 1262/1439/1468 1274/1452/1428 1225/1398/1426
f 1260/1437/1467 1262/1439/1468 1225/1398/1426
f 1257/1434/1462 1256/1433/1461 1251/1428/1449
f 1250/1427/1448 1257/1434/1462 1251/1428/1449
f 1256/1433/1461 1253/1430/1456 1261/1438/1444
f 1251/1428/1449 1256/1433/1461 1261/1438/1444
f 2819/3350/1418 1257/1434/1462 1250/1427/1448
f 2818/3348/1399 2819/3350/1418 1250/1427/1448
f 1255/1432/1459 1227/1401/1412 1228/1402/1404
f 1248/1425/1452 1255/1432/1459 1228/1402/1404
f 1246/1423/1445 1261/1438/1444 1253/1430/1456
f 1254/1431/1455 1246/1423/1445 1253/1430/1456
f 1248/1425/1452 1246/1423/1445 1254/1431/1455
f 1255/1432/1459 1248/1425/1452 1254/1431/1455
f 1229/1403/1403 1230/1404/1376 1238/1414/1432
f 1247/1424/1453 1229/1403/1403 1238/1414/1432
f 1247/1424/1453 1238/1414/1432 1236/1412/1431
f 1244/1421/1446 1247/1424/1453 1236/1412/1431
f 1245/1422/1447 1244/1421/1446 1236/1412/1431
f 1237/1413/1434 1245/1422/1447 1236/1412/1431
f 1245/1422/1447 1237/1413/1434 1242/1419/1439
f 1249/1426/1450 1245/1422/1447 1242/1419/1439
f 1252/1429/1451 1249/1426/1450 1242/1419/1439
f 1243/1420/1441 1252/1429/1451 1242/1419/1439
f 1224/1396/1400 1252/1429/1451 1243/1420/1441
f 2813/3337/1387 1224/1396/1400 1243/1420/1441
f 1260/1437/1467 1264/1441/1460 1263/1440/1463
f 1262/1439/1468 1260/1437/1467 1263/1440/1463
f 1260/1437/1467 1259/1436/1465 1265/1442/1457
f 1264/1441/1460 1260/1437/1467 1265/1442/1457
f 1259/1436/1465 1258/1435/1464 1266/1443/1454
f 1265/1442/1457 1259/1436/1465 1266/1443/1454
f 1258/1435/1464 1280/1458/1466 1267/1444/1458
f 1266/1443/1454 1258/1435/1464 1267/1444/1458
f 1280/1458/1466 2822/3355/1424 1268/1445/1411
f 1267/1444/1458 1280/1458/1466 1268/1445/1411
f 2822/3356/1424 1279/1457/1423 1269/1446/1409
f 1268/1445/1411 2822/3356/1424 1269/1446/1409
f 1279/1457/1423 1278/1456/1419 1270/1447/1405
f 1269/1446/1409 1279/1457/1423 1270/1447/1405
f 1278/1456/1419 1277/1455/1422 1271/1448/1406
f 1270/1447/1405 1278/1456/1419 1271/1448/1406
f 1277/1455/1422 1276/1454/1425 1272/1449/1413
f 1271/1448/1406 1277/1455/1422 1272/1449/1413
f 1276/1454/1425 1275/1453/1427 1273/1450/1414
f 1272/1449/1413 1276/1454/1425 1273/1450/1414
f 1275/1453/1427 1274/1451/1428 2820/3351/1417
f 1273/1450/1414 1275/1453/1427 2820/3351/1417
f 1274/1452/1428 1262/1439/1468 1263/1440/1463
f 2820/3352/1417 1274/1452/1428 1263/1440/1463
f 1206/1377/1388 1201/1370/1381 2812/3335/1379
f 1205/1375/1389 1201/1370/1381 1206/1377/1388
f 2816/3344/1390 1201/1370/1381 1205/1375/1389
f 1235/1411/1435 1201/1370/1381 2817/3346/1437
f 1234/1409/1436 1201/1370/1381 1235/1411/1435
f 2811/3333/1380 1201/1370/1381 1234/1409/1436
f 1297/1476/1469 2823/3357/1470 1314/1495/1471
f 1296/1475/1472 1297/1476/1469 1314/1495/1471
f 1298/1478/1473 1315/1496/1474 2823/3358/1470
f 1297/1477/1469 1298/1478/1473 2823/3358/1470
f 1298/1478/1473 1299/1479/1475 1316/1497/1476
f 1315/1496/1474 1298/1478/1473 1316/1497/1476
f 1299/1479/1475 1300/1480/1477 1317/1498/1478
f 1316/1497/1476 1299/1479/1475 1317/1498/1478
f 1301/1481/1479 1318/1499/1480 1317/1498/1478
f 1300/1480/1477 1301/1481/1479 1317/1498/1478
f 1318/1499/1480 1301/1481/1479 1302/1482/1481
f 1312/1493/1482 1318/1499/1480 1302/1482/1481
f 1302/1482/1481 1303/1483/1483 1313/1494/1484
f 1312/1493/1482 1302/1482/1481 1313/1494/1484
f 1303/1483/1483 1296/1475/1472 1314/1495/1471
f 1313/1494/1484 1303/1483/1483 1314/1495/1471
f 1287/1466/1485 1286/1465/431 1289/1468/1486
f 1295/1474/1487 1287/1466/1485 1289/1468/1486
f 1286/1465/431 1285/1464/1488 1290/1469/1489
f 1289/1468/1486 1286/1465/431 1290/1469/1489
f 1285/1464/1488 1284/1463/1490 1291/1470/1491
f 1290/1469/1489 1285/1464/1488 1291/1470/1491
f 1284/1463/1490 1283/1462/1492 1292/1471/1493
f 1291/1470/1491 1284/1463/1490 1292/1471/1493
f 1283/1462/1492 1282/1460/439 2824/3359/1494
f 1292/1471/1493 1283/1462/1492 2824/3359/1494
f 1282/1461/439 1281/1459/1495 1293/1472/1496
f 2824/3360/1494 1282/1461/439 1293/1472/1496
f 1281/1459/1495 1288/1467/1497 1294/1473/1498
f 1293/1472/1496 1281/1459/1495 1294/1473/1498
f 1288/1467/1497 1287/1466/1485 1295/1474/1487
f 1294/1473/1498 1288/1467/1497 1295/1474/1487
f 1295/1474/1487 1289/1468/1486 1304/1484/445
f 1305/1485/1499 1295/1474/1487 1304/1484/445
f 1311/1492/1500 1304/1484/445 1289/1468/1486
f 1290/1469/1489 1311/1492/1500 1289/1468/1486
f 1310/1491/1501 1311/1492/1500 1290/1469/1489
f 1291/1470/1491 1310/1491/1501 1290/1469/1489
f 1309/1490/1502 1310/1491/1501 1291/1470/1491
f 1292/1471/1493 1309/1490/1502 1291/1470/1491
f 1308/1489/449 1309/1490/1502 1292/1471/1493
f 2824/3359/1494 1308/1489/449 1292/1471/1493
f 1307/1487/1503 1308/1488/449 2824/3360/1494
f 1293/1472/1496 1307/1487/1503 2824/3360/1494
f 1306/1486/1504 1307/1487/1503 1293/1472/1496
f 1294/1473/1498 1306/1486/1504 1293/1472/1496
f 1305/1485/1499 1306/1486/1504 1294/1473/1498
f 1295/1474/1487 1305/1485/1499 1294/1473/1498
f 1305/1485/1499 1304/1484/445 1318/1499/1480
f 1312/1493/1482 1305/1485/1499 1318/1499/1480
f 1312/1493/1482 1313/1494/1484 1306/1486/1504
f 1305/1485/1499 1312/1493/1482 1306/1486/1504
f 1313/1494/1484 1314/1495/1471 1307/1487/1503
f 1306/1486/1504 1313/1494/1484 1307/1487/1503
f 1308/1488/449 1307/1487/1503 1314/1495/1471
f 2823/3357/1470 1308/1488/449 1314/1495/1471
f 1309/1490/1502 1308/1489/449 2823/3358/1470
f 1315/1496/1474 1309/1490/1502 2823/3358/1470
f 1315/1496/1474 1316/1497/1476 1310/1491/1501
f 1309/1490/1502 1315/1496/1474 1310/1491/1501
f 1316/1497/1476 1317/1498/1478 1311/1492/1500
f 1310/1491/1501 1316/1497/1476 1311/1492/1500
f 1304/1484/445 1311/1492/1500 1317/1498/1478
f 1318/1499/1480 1304/1484/445 1317/1498/1478
f 1296/1475/1472 1303/1483/1483 1319/1500/1505
f 1476/1673/1506 1296/1475/1472 1319/1500/1505
f 1303/1483/1483 1302/1482/1481 1320/1501/1507
f 1319/1500/1505 1303/1483/1483 1320/1501/1507
f 1300/1480/1477 1299/1479/1475 1323/1504/1508
f 1322/1503/1509 1300/1480/1477 1323/1504/1508
f 1299/1479/1475 1298/1478/1473 1324/1505/1510
f 1323/1504/1508 1299/1479/1475 1324/1505/1510
f 2826/3363/1511 1325/1506/1512 1326/1507/1513
f 1348/1531/1514 2826/3363/1511 1326/1507/1513
f 1348/1531/1514 1349/1532/1515 2825/3361/1516
f 2826/3363/1511 1348/1531/1514 2825/3361/1516
f 2826/3364/1511 2825/3362/1516 1327/1508/1517
f 1328/1509/1518 2826/3364/1511 1327/1508/1517
f 1328/1509/1518 1329/1510/1519 1325/1506/1512
f 2826/3364/1511 1328/1509/1518 1325/1506/1512
f 1325/1506/1512 1330/1511/1520 1331/1512/1521
f 1326/1507/1513 1325/1506/1512 1331/1512/1521
f 1348/1531/1514 1326/1507/1513 1331/1512/1521
f 1332/1513/1522 1348/1531/1514 1331/1512/1521
f 1332/1513/1522 1350/1533/1523 1349/1532/1515
f 1348/1531/1514 1332/1513/1522 1349/1532/1515
f 1349/1532/1515 1350/1533/1523 1333/1514/1524
f 2825/3361/1516 1349/1532/1515 1333/1514/1524
f 2825/3362/1516 1333/1515/1524 1334/1516/1525
f 1327/1508/1517 2825/3362/1516 1334/1516/1525
f 1328/1509/1518 1327/1508/1517 1334/1516/1525
f 1335/1517/1526 1328/1509/1518 1334/1516/1525
f 1330/1511/1520 1325/1506/1512 1329/1510/1519
f 1336/1518/1527 1330/1511/1520 1329/1510/1519
f 1335/1517/1526 1336/1518/1527 1329/1510/1519
f 1328/1509/1518 1335/1517/1526 1329/1510/1519
f 1499/1698/1528 1331/1512/1521 1330/1511/1520
f 1500/1699/1529 1499/1698/1528 1330/1511/1520
f 1336/1518/1527 1501/1700/1530 1500/1699/1529
f 1330/1511/1520 1336/1518/1527 1500/1699/1529
f 1332/1513/1522 1331/1512/1521 1499/1698/1528
f 1498/1697/1531 1332/1513/1522 1499/1698/1528
f 1498/1697/1531 1497/1696/1532 1350/1533/1523
f 1332/1513/1522 1498/1697/1531 1350/1533/1523
f 2827/3366/1533 1333/1514/1524 1350/1533/1523
f 1497/1696/1532 2827/3366/1533 1350/1533/1523
f 1496/1695/1534 1334/1516/1525 1333/1515/1524
f 2827/3365/1533 1496/1695/1534 1333/1515/1524
f 1335/1517/1526 1334/1516/1525 1496/1695/1534
f 1495/1694/1535 1335/1517/1526 1496/1695/1534
f 1495/1694/1535 1501/1700/1530 1336/1518/1527
f 1335/1517/1526 1495/1694/1535 1336/1518/1527
f 1338/1520/1536 1500/1699/1529 1501/1700/1530
f 1339/1521/1537 1338/1520/1536 1501/1700/1530
f 1500/1699/1529 1338/1520/1536 1337/1519/1538
f 1499/1698/1528 1500/1699/1529 1337/1519/1538
f 1498/1697/1531 1499/1698/1528 1337/1519/1538
f 1340/1522/1539 1498/1697/1531 1337/1519/1538
f 2827/3365/1533 1343/1525/1540 1341/1523/1541
f 1496/1695/1534 2827/3365/1533 1341/1523/1541
f 1495/1694/1535 1496/1695/1534 1341/1523/1541
f 1342/1524/1542 1495/1694/1535 1341/1523/1541
f 1342/1524/1542 1339/1521/1537 1501/1700/1530
f 1495/1694/1535 1342/1524/1542 1501/1700/1530
f 1338/1520/1536 1512/1711/1543 1468/1665/1544
f 1337/1519/1538 1338/1520/1536 1468/1665/1544
f 1512/1711/1543 1338/1520/1536 1339/1521/1537
f 1511/1710/1545 1512/1711/1543 1339/1521/1537
f 1342/1524/1542 1341/1523/1541 1509/1708/1546
f 1510/1709/1547 1342/1524/1542 1509/1708/1546
f 1340/1522/1539 1337/1519/1538 1468/1665/1544
f 1507/1706/1548 1340/1522/1539 1468/1665/1544
f 1340/1522/1539 1351/1534/1549 1497/1696/1532
f 1498/1697/1531 1340/1522/1539 1497/1696/1532
f 1509/1708/1546 1341/1523/1541 1343/1525/1540
f 1467/1664/1550 1509/1708/1546 1343/1525/1540
f 1343/1526/1540 2827/3366/1533 1497/1696/1532
f 1351/1534/1549 1343/1526/1540 1497/1696/1532
f 1467/1663/1550 1343/1526/1540 1351/1534/1549
f 1508/1707/1551 1467/1663/1550 1351/1534/1549
f 1510/1709/1547 1511/1710/1545 1339/1521/1537
f 1342/1524/1542 1510/1709/1547 1339/1521/1537
f 1507/1706/1548 1508/1707/1551 1351/1534/1549
f 1340/1522/1539 1507/1706/1548 1351/1534/1549
f 1531/1733/1552 1354/1537/1553 1439/1634/1554
f 1530/1732/1555 1531/1733/1552 1439/1634/1554
f 1532/1734/1556 2828/3368/1557 1354/1537/1553
f 1531/1733/1552 1532/1734/1556 1354/1537/1553
f 1533/1736/1558 1355/1538/1559 2828/3367/1557
f 1532/1735/1556 1533/1736/1558 2828/3367/1557
f 1534/1737/1560 1443/1638/1561 1355/1538/1559
f 1533/1736/1558 1534/1737/1560 1355/1538/1559
f 1527/1728/1562 1535/1738/1563 1548/1754/1564
f 1528/1729/266 1527/1728/1562 1548/1754/1564
f 1528/1730/266 1548/1755/1564 1547/1753/1565
f 1529/1731/1566 1528/1730/266 1547/1753/1565
f 1530/1732/1555 1549/1756/1567 1546/1752/1568
f 1531/1733/1552 1530/1732/1555 1546/1752/1568
f 1531/1733/1552 1546/1752/1568 1545/1750/1569
f 1532/1734/1556 1531/1733/1552 1545/1750/1569
f 1532/1735/1556 1545/1751/1569 1544/1749/1570
f 1533/1736/1558 1532/1735/1556 1544/1749/1570
f 1533/1736/1558 1544/1749/1570 1543/1748/1571
f 1534/1737/1560 1533/1736/1558 1543/1748/1571
f 1356/1539/1572 1361/1545/1573 1362/1547/1574
f 1357/1540/1575 1356/1539/1572 1362/1547/1574
f 1357/1541/1575 1362/1546/1574 1363/1548/1576
f 1358/1542/1577 1357/1541/1575 1363/1548/1576
f 1440/1635/1578 1364/1549/1579 1365/1550/1580
f 1359/1543/1581 1440/1635/1578 1365/1550/1580
f 1359/1543/1581 1365/1550/1580 2829/3369/1582
f 2830/3371/1583 1359/1543/1581 2829/3369/1582
f 2830/3372/1583 2829/3370/1582 1366/1551/1584
f 1360/1544/1585 2830/3372/1583 1366/1551/1584
f 1441/1636/1586 1442/1637/1587 1360/1544/1585
f 1366/1551/1584 1441/1636/1586 1360/1544/1585
f 1364/1549/1579 1367/1552/1588 2829/3369/1582
f 1365/1550/1580 1364/1549/1579 2829/3369/1582
f 1363/1548/1576 1362/1546/1574 1367/1552/1588
f 1364/1549/1579 1363/1548/1576 1367/1552/1588
f 1366/1551/1584 2829/3370/1582 1367/1553/1588
f 1441/1636/1586 1366/1551/1584 1367/1553/1588
f 1517/1717/1589 1368/1554/1590 2848/3407/1591
f 1516/1715/1592 1517/1717/1589 2848/3407/1591
f 1519/1719/1593 1369/1555/1594 1426/1620/1595
f 1518/1718/1596 1519/1719/1593 1426/1620/1595
f 2831/3374/1597 2832/3375/1598 1369/1555/1594
f 1519/1719/1593 2831/3374/1597 1369/1555/1594
f 2831/3373/1597 1513/1712/1599 1370/1556/1600
f 2832/3376/1598 2831/3373/1597 1370/1556/1600
f 1514/1713/1601 1474/1671/1602 1370/1556/1600
f 1513/1712/1599 1514/1713/1601 1370/1556/1600
f 1477/1675/1603 2834/3379/1604 1373/1559/1605
f 1484/1683/1606 1477/1675/1603 1373/1559/1605
f 1484/1683/1606 1373/1559/1605 1374/1560/1607
f 1483/1682/1608 1484/1683/1606 1374/1560/1607
f 1483/1682/1608 1374/1560/1607 1375/1561/1609
f 1482/1681/1610 1483/1682/1608 1375/1561/1609
f 1482/1681/1610 1375/1561/1609 1376/1562/1611
f 1481/1679/1612 1482/1681/1610 1376/1562/1611
f 1481/1680/1612 1376/1563/1611 1377/1564/1613
f 1480/1678/1614 1481/1680/1612 1377/1564/1613
f 1480/1678/1614 1377/1564/1613 1371/1557/1615
f 1479/1677/1616 1480/1678/1614 1371/1557/1615
f 1374/1560/1607 2833/3377/1617 1376/1562/1611
f 1375/1561/1609 1374/1560/1607 1376/1562/1611
f 1373/1559/1605 2834/3379/1604 2833/3377/1617
f 1374/1560/1607 1373/1559/1605 2833/3377/1617
f 1371/1557/1615 1377/1564/1613 1376/1563/1611
f 2833/3378/1617 1371/1557/1615 1376/1563/1611
f 2833/3378/1617 2834/3380/1604 1372/1558/1618
f 1371/1557/1615 2833/3378/1617 1372/1558/1618
f 2836/3383/1619 2835/3381/1620 1378/1565/1621
f 1489/1688/1622 2836/3383/1619 1378/1565/1621
f 1494/1693/1623 1379/1566/1624 2835/3382/1620
f 2836/3384/1619 1494/1693/1623 2835/3382/1620
f 1493/1692/1625 1488/1687/1626 1379/1566/1624
f 1494/1693/1623 1493/1692/1625 1379/1566/1624
f 1486/1685/1627 1492/1691/1628 2837/3385/1629
f 2838/3387/1630 1486/1685/1627 2837/3385/1629
f 2838/3388/1630 2837/3386/1629 1491/1690/1631
f 1485/1684/1632 2838/3388/1630 1491/1690/1631
f 1485/1684/1632 1491/1690/1631 1490/1689/1633
f 1487/1686/1634 1485/1684/1632 1490/1689/1633
f 1542/1746/1635 2836/3383/1619 1489/1688/1622
f 1536/1739/1636 1542/1746/1635 1489/1688/1622
f 1541/1745/1637 1494/1693/1623 2836/3384/1619
f 1542/1747/1635 1541/1745/1637 2836/3384/1619
f 1540/1744/1638 1493/1692/1625 1494/1693/1623
f 1541/1745/1637 1540/1744/1638 1494/1693/1623
f 1538/1741/1639 2837/3385/1629 1492/1691/1628
f 1539/1743/1640 1538/1741/1639 1492/1691/1628
f 1537/1740/1641 1491/1690/1631 2837/3386/1629
f 1538/1742/1639 1537/1740/1641 2837/3386/1629
f 1470/1667/1642 1490/1689/1633 1491/1690/1631
f 1537/1740/1641 1470/1667/1642 1491/1690/1631
f 1380/1567/1643 1387/1576/1644 1388/1578/1645
f 1381/1568/1646 1380/1567/1643 1388/1578/1645
f 1381/1569/1646 1388/1577/1645 1389/1579/1647
f 1382/1570/1648 1381/1569/1646 1389/1579/1647
f 1382/1570/1648 1389/1579/1647 1472/1669/1649
f 1473/1670/1650 1382/1570/1648 1472/1669/1649
f 1473/1670/1650 1472/1669/1649 1390/1580/1651
f 1383/1571/1652 1473/1670/1650 1390/1580/1651
f 1383/1571/1652 1390/1580/1651 1391/1582/1653
f 1384/1572/1654 1383/1571/1652 1391/1582/1653
f 1384/1573/1654 1391/1581/1653 1392/1583/1655
f 1385/1574/1656 1384/1573/1654 1392/1583/1655
f 1385/1574/1656 1392/1583/1655 1386/1575/1657
f 1469/1666/1658 1385/1574/1656 1386/1575/1657
f 1389/1579/1647 1388/1577/1645 2839/3390/1659
f 1472/1669/1649 1389/1579/1647 2839/3390/1659
f 2839/3389/1659 1388/1578/1645 1387/1576/1644
f 1386/1575/1657 2839/3389/1659 1387/1576/1644
f 2840/3391/1660 1454/1650/1661 1353/1536/1662
f 1394/1585/1663 2840/3391/1660 1353/1536/1662
f 1395/1586/1664 1378/1565/1621 2835/3381/1620
f 1396/1587/1665 1395/1586/1664 2835/3381/1620
f 1379/1566/1624 1397/1589/1666 1396/1588/1665
f 2835/3382/1620 1379/1566/1624 1396/1588/1665
f 1513/1712/1599 1524/1725/1667 1525/1726/1668
f 1514/1713/1601 1513/1712/1599 1525/1726/1668
f 2832/3375/1598 2840/3391/1660 1394/1585/1663
f 1369/1555/1594 2832/3375/1598 1394/1585/1663
f 1355/1538/1559 1395/1586/1664 1396/1587/1665
f 2828/3367/1557 1355/1538/1559 1396/1587/1665
f 1396/1588/1665 1397/1589/1666 1354/1537/1553
f 2828/3368/1557 1396/1588/1665 1354/1537/1553
f 2845/3401/1669 2848/3407/1591 1368/1554/1590
f 1393/1584/1670 2845/3401/1669 1368/1554/1590
f 1431/1625/1671 1460/1656/1672 1455/1651/1673
f 1456/1652/1674 1431/1625/1671 1455/1651/1673
f 1352/1535/1675 1454/1649/1661 2840/3392/1660
f 1453/1648/1676 1352/1535/1675 2840/3392/1660
f 1460/1656/1672 1445/1640/1677 1444/1639/1678
f 1455/1651/1673 1460/1656/1672 1444/1639/1678
f 1444/1639/1678 1405/1597/1679 1355/1538/1559
f 1443/1638/1561 1444/1639/1678 1355/1538/1559
f 1355/1538/1559 1405/1597/1679 1395/1586/1664
f 1471/1668/1680 1487/1686/1634 1378/1565/1621
f 1405/1597/1679 1471/1668/1680 1378/1565/1621
f 1485/1684/1632 1487/1686/1634 1471/1668/1680
f 1423/1617/1681 1485/1684/1632 1471/1668/1680
f 1379/1566/1624 1488/1687/1626 1434/1629/1682
f 1401/1593/1683 1379/1566/1624 1434/1629/1682
f 1401/1593/1683 1399/1591/1684 1397/1589/1666
f 1379/1566/1624 1401/1593/1683 1397/1589/1666
f 1399/1591/1684 1398/1590/1685 1354/1537/1553
f 1397/1589/1666 1399/1591/1684 1354/1537/1553
f 1439/1634/1554 1354/1537/1553 1398/1590/1685
f 1438/1633/1686 1439/1634/1554 1398/1590/1685
f 1403/1595/1687 1400/1592/1688 1394/1585/1663
f 1353/1536/1662 1403/1595/1687 1394/1585/1663
f 1400/1592/1688 1402/1594/1689 1369/1555/1594
f 1394/1585/1663 1400/1592/1688 1369/1555/1594
f 1369/1555/1594 1402/1594/1689 1425/1619/1690
f 1426/1620/1595 1369/1555/1594 1425/1619/1690
f 1393/1584/1670 1425/1619/1690 1465/1661/1691
f 1466/1662/1692 1393/1584/1670 1465/1661/1691
f 1447/1642/1693 1410/1602/1694 2846/3403/1695
f 1448/1643/1696 1447/1642/1693 2846/3403/1695
f 1323/1504/1508 1324/1505/1510 1412/1605/1697
f 1458/1654/1698 1323/1504/1508 1412/1605/1697
f 1324/1505/1510 2842/3396/1699 1413/1607/1700
f 1412/1605/1697 1324/1505/1510 1413/1607/1700
f 1476/1673/1506 1319/1500/1505 1415/1609/1701
f 1414/1608/1702 1476/1673/1506 1415/1609/1701
f 1503/1702/1703 1504/1703/1704 1502/1701/1705
f 1451/1646/1706 1503/1702/1703 1502/1701/1705
f 1409/1601/1707 1505/1704/1708 1417/1611/1709
f 1447/1642/1693 1409/1601/1707 1417/1611/1709
f 1418/1612/1710 1457/1653/1711 1406/1598/1712
f 1419/1613/1713 1418/1612/1710 1406/1598/1712
f 1410/1602/1694 1447/1642/1693 1417/1611/1709
f 2841/3393/1714 1410/1602/1694 1417/1611/1709
f 2841/3394/1714 1422/1616/1715 1408/1600/1716
f 1410/1603/1694 2841/3394/1714 1408/1600/1716
f 1421/1615/1717 1407/1599/1718 1408/1600/1716
f 1422/1616/1715 1421/1615/1717 1408/1600/1716
f 2842/3395/1699 1476/1673/1506 1414/1608/1702
f 1413/1606/1700 2842/3395/1699 1414/1608/1702
f 1319/1500/1505 1320/1501/1507 1416/1610/1719
f 1415/1609/1701 1319/1500/1505 1416/1610/1719
f 1320/1501/1507 1321/1502/1720 1450/1645/1721
f 1416/1610/1719 1320/1501/1507 1450/1645/1721
f 1417/1611/1709 1413/1607/1700 2841/3393/1714
f 2841/3394/1714 1413/1606/1700 1422/1616/1715
f 1413/1606/1700 1414/1608/1702 1421/1615/1717
f 1422/1616/1715 1413/1606/1700 1421/1615/1717
f 1419/1613/1713 1416/1610/1719 1450/1645/1721
f 1418/1612/1710 1419/1613/1713 1450/1645/1721
f 2831/3373/1597 2843/3398/1722 1524/1725/1667
f 1513/1712/1599 2831/3373/1597 1524/1725/1667
f 1519/1719/1593 1523/1724/1723 2843/3397/1722
f 2831/3374/1597 1519/1719/1593 2843/3397/1722
f 1518/1718/1596 1522/1723/1724 1523/1724/1723
f 1519/1719/1593 1518/1718/1596 1523/1724/1723
f 1517/1717/1589 1521/1722/1725 1522/1723/1724
f 1518/1718/1596 1517/1717/1589 1522/1723/1724
f 1516/1715/1592 1520/1721/1726 1521/1722/1725
f 1517/1717/1589 1516/1715/1592 1521/1722/1725
f 1405/1597/1679 1378/1565/1621 1395/1586/1664
f 1425/1619/1690 1393/1584/1670 1368/1554/1590
f 1426/1620/1595 1425/1619/1690 1368/1554/1590
f 1518/1718/1596 1426/1620/1595 1368/1554/1590
f 1517/1717/1589 1518/1718/1596 1368/1554/1590
f 1402/1594/1689 1400/1592/1688 1464/1660/1727
f 1398/1590/1685 1399/1591/1684 1427/1621/1728
f 1434/1629/1682 1433/1628/1729 1462/1658/1730
f 1428/1622/1731 1434/1629/1682 1462/1658/1730
f 1433/1628/1729 1432/1626/1732 2844/3400/1733
f 1462/1658/1730 1433/1628/1729 2844/3400/1733
f 1423/1617/1681 1429/1623/1734 2844/3399/1733
f 1432/1627/1732 1423/1617/1681 2844/3399/1733
f 1471/1668/1680 1461/1657/1735 1429/1623/1734
f 1423/1617/1681 1471/1668/1680 1429/1623/1734
f 2845/3402/1669 2847/3405/1736 1346/1529/1737
f 1430/1624/1738 2845/3402/1669 1346/1529/1737
f 1431/1625/1671 1456/1652/1674 1430/1624/1738
f 1346/1529/1737 1431/1625/1671 1430/1624/1738
f 1410/1603/1694 1408/1600/1716 1437/1632/1739
f 2846/3404/1695 1410/1603/1694 1437/1632/1739
f 1436/1631/1740 1437/1632/1739 1408/1600/1716
f 1407/1599/1718 1436/1631/1740 1408/1600/1716
f 1492/1691/1628 1486/1685/1627 1488/1687/1626
f 1493/1692/1625 1492/1691/1628 1488/1687/1626
f 1433/1628/1729 1486/1685/1627 2838/3387/1630
f 1432/1626/1732 1433/1628/1729 2838/3387/1630
f 1432/1627/1732 2838/3388/1630 1485/1684/1632
f 1423/1617/1681 1432/1627/1732 1485/1684/1632
f 2847/3406/1736 2845/3401/1669 1393/1584/1670
f 1466/1662/1692 2847/3406/1736 1393/1584/1670
f 1438/1633/1686 1403/1595/1687 1353/1536/1662
f 1439/1634/1554 1438/1633/1686 1353/1536/1662
f 1530/1732/1555 1439/1634/1554 1353/1536/1662
f 1529/1731/1566 1530/1732/1555 1353/1536/1662
f 1529/1731/1566 1547/1753/1565 1549/1756/1567
f 1530/1732/1555 1529/1731/1566 1549/1756/1567
f 1358/1542/1577 1363/1548/1576 1364/1549/1579
f 1440/1635/1578 1358/1542/1577 1364/1549/1579
f 1367/1553/1588 1362/1547/1574 1361/1545/1573
f 1441/1636/1586 1367/1553/1588 1361/1545/1573
f 1442/1637/1587 1441/1636/1586 1361/1545/1573
f 1356/1539/1572 1442/1637/1587 1361/1545/1573
f 1534/1737/1560 1543/1748/1571 1535/1738/1563
f 1527/1728/1562 1534/1737/1560 1535/1738/1563
f 1352/1535/1675 1443/1638/1561 1534/1737/1560
f 1527/1728/1562 1352/1535/1675 1534/1737/1560
f 1321/1502/1720 1322/1503/1509 1449/1644/1741
f 1450/1645/1721 1321/1502/1720 1449/1644/1741
f 1459/1655/1742 1345/1528/1743 1450/1645/1721
f 1452/1647/1744 1459/1655/1742 1450/1645/1721
f 1424/1618/1745 1406/1598/1712 1457/1653/1711
f 1347/1530/1746 1424/1618/1745 1457/1653/1711
f 2840/3392/1660 2832/3376/1598 1370/1556/1600
f 1453/1648/1676 2840/3392/1660 1370/1556/1600
f 1528/1729/266 1454/1649/1661 1352/1535/1675
f 1527/1728/1562 1528/1729/266 1352/1535/1675
f 1352/1535/1675 1455/1651/1673 1444/1639/1678
f 1443/1638/1561 1352/1535/1675 1444/1639/1678
f 1455/1651/1673 1352/1535/1675 1453/1648/1676
f 1455/1651/1673 1453/1648/1676 1370/1556/1600
f 1456/1652/1674 1455/1651/1673 1370/1556/1600
f 1474/1671/1602 1456/1652/1674 1370/1556/1600
f 1529/1731/1566 1353/1536/1662 1454/1650/1661
f 1528/1730/266 1529/1731/1566 1454/1650/1661
f 1506/1705/1747 1445/1640/1677 1460/1656/1672
f 1344/1527/1748 1506/1705/1747 1460/1656/1672
f 1322/1503/1509 1323/1504/1508 1458/1654/1698
f 1449/1644/1741 1322/1503/1509 1458/1654/1698
f 1446/1641/1749 1409/1601/1707 1447/1642/1693
f 1448/1643/1696 1446/1641/1749 1447/1642/1693
f 1446/1641/1749 1448/1643/1696 1429/1623/1734
f 1461/1657/1735 1446/1641/1749 1429/1623/1734
f 2844/3399/1733 1429/1623/1734 1448/1643/1696
f 2846/3403/1695 2844/3399/1733 1448/1643/1696
f 2846/3404/1695 1437/1632/1739 1462/1658/1730
f 2844/3400/1733 2846/3404/1695 1462/1658/1730
f 1437/1632/1739 1436/1631/1740 1428/1622/1731
f 1462/1658/1730 1437/1632/1739 1428/1622/1731
f 1466/1662/1692 1465/1661/1691 1424/1618/1745
f 1347/1530/1746 1466/1662/1692 1424/1618/1745
f 1509/1708/1546 1466/1662/1692 1347/1530/1746
f 1510/1709/1547 1509/1708/1546 1347/1530/1746
f 1386/1575/1657 1387/1576/1644 1380/1567/1643
f 1469/1666/1658 1386/1575/1657 1380/1567/1643
f 1536/1739/1636 1489/1688/1622 1490/1689/1633
f 1470/1667/1642 1536/1739/1636 1490/1689/1633
f 1378/1565/1621 1487/1686/1634 1490/1689/1633
f 1489/1688/1622 1378/1565/1621 1490/1689/1633
f 1386/1575/1657 1392/1583/1655 1391/1581/1653
f 2839/3389/1659 1386/1575/1657 1391/1581/1653
f 2839/3390/1659 1391/1582/1653 1390/1580/1651
f 1472/1669/1649 2839/3390/1659 1390/1580/1651
f 1539/1743/1640 1492/1691/1628 1493/1692/1625
f 1540/1744/1638 1539/1743/1640 1493/1692/1625
f 1371/1557/1615 1372/1558/1618 1478/1676/1750
f 1479/1677/1616 1371/1557/1615 1478/1676/1750
f 1514/1713/1601 1525/1726/1668 1526/1727/1751
f 1515/1714/1752 1514/1713/1601 1526/1727/1751
f 1515/1714/1752 1475/1672/1753 1474/1671/1602
f 1514/1713/1601 1515/1714/1752 1474/1671/1602
f 1475/1672/1753 1430/1624/1738 1456/1652/1674
f 1474/1671/1602 1475/1672/1753 1456/1652/1674
f 1372/1558/1618 2834/3380/1604 1477/1674/1603
f 1478/1676/1750 1372/1558/1618 1477/1674/1603
f 1515/1714/1752 1526/1727/1751 1520/1720/1726
f 1516/1716/1592 1515/1714/1752 1520/1720/1726
f 1516/1716/1592 2848/3408/1591 1475/1672/1753
f 1515/1714/1752 1516/1716/1592 1475/1672/1753
f 2848/3408/1591 2845/3402/1669 1430/1624/1738
f 1475/1672/1753 2848/3408/1591 1430/1624/1738
f 1434/1629/1682 1488/1687/1626 1486/1685/1627
f 1433/1628/1729 1434/1629/1682 1486/1685/1627
f 1469/1666/1658 1380/1567/1643 1536/1739/1636
f 1470/1667/1642 1469/1666/1658 1536/1739/1636
f 1380/1567/1643 1381/1568/1646 1542/1746/1635
f 1536/1739/1636 1380/1567/1643 1542/1746/1635
f 1381/1569/1646 1382/1570/1648 1541/1745/1637
f 1542/1747/1635 1381/1569/1646 1541/1745/1637
f 1382/1570/1648 1473/1670/1650 1540/1744/1638
f 1541/1745/1637 1382/1570/1648 1540/1744/1638
f 1473/1670/1650 1383/1571/1652 1539/1743/1640
f 1540/1744/1638 1473/1670/1650 1539/1743/1640
f 1383/1571/1652 1384/1572/1654 1538/1741/1639
f 1539/1743/1640 1383/1571/1652 1538/1741/1639
f 1384/1573/1654 1385/1574/1656 1537/1740/1641
f 1538/1742/1639 1384/1573/1654 1537/1740/1641
f 1537/1740/1641 1385/1574/1656 1469/1666/1658
f 1470/1667/1642 1537/1740/1641 1469/1666/1658
f 1480/1678/1614 1479/1677/1616 1525/1726/1668
f 1524/1725/1667 1480/1678/1614 1525/1726/1668
f 1479/1677/1616 1478/1676/1750 1526/1727/1751
f 1525/1726/1668 1479/1677/1616 1526/1727/1751
f 1478/1676/1750 1477/1674/1603 1520/1720/1726
f 1526/1727/1751 1478/1676/1750 1520/1720/1726
f 1477/1675/1603 1484/1683/1606 1521/1722/1725
f 1520/1721/1726 1477/1675/1603 1521/1722/1725
f 1484/1683/1606 1483/1682/1608 1522/1723/1724
f 1521/1722/1725 1484/1683/1606 1522/1723/1724
f 1483/1682/1608 1482/1681/1610 1523/1724/1723
f 1522/1723/1724 1483/1682/1608 1523/1724/1723
f 1482/1681/1610 1481/1679/1612 2843/3397/1722
f 1523/1724/1723 1482/1681/1610 2843/3397/1722
f 2843/3398/1722 1481/1680/1612 1480/1678/1614
f 1524/1725/1667 2843/3398/1722 1480/1678/1614
f 1449/1644/1741 1458/1654/1698 1504/1703/1704
f 1503/1702/1703 1449/1644/1741 1504/1703/1704
f 1412/1605/1697 1413/1607/1700 1417/1611/1709
f 1505/1704/1708 1412/1605/1697 1417/1611/1709
f 1502/1701/1705 1506/1705/1747 1344/1527/1748
f 1451/1646/1706 1502/1701/1705 1344/1527/1748
f 1451/1646/1706 1459/1655/1742 1452/1647/1744
f 1503/1702/1703 1451/1646/1706 1452/1647/1744
f 1452/1647/1744 1450/1645/1721 1449/1644/1741
f 1503/1702/1703 1452/1647/1744 1449/1644/1741
f 1344/1527/1748 1460/1656/1672 1431/1625/1671
f 1344/1527/1748 1507/1706/1548 1468/1665/1544
f 1468/1665/1544 1451/1646/1706 1344/1527/1748
f 1468/1665/1544 1459/1655/1742 1451/1646/1706
f 1431/1625/1671 1346/1529/1737 1508/1707/1551
f 1508/1707/1551 1507/1706/1548 1431/1625/1671
f 1507/1706/1548 1344/1527/1748 1431/1625/1671
f 1346/1529/1737 2847/3405/1736 1467/1663/1550
f 1508/1707/1551 1346/1529/1737 1467/1663/1550
f 2847/3406/1736 1466/1662/1692 1509/1708/1546
f 1467/1664/1550 2847/3406/1736 1509/1708/1546
f 1510/1709/1547 1347/1530/1746 1457/1653/1711
f 1511/1710/1545 1510/1709/1547 1457/1653/1711
f 1512/1711/1543 1345/1528/1743 1459/1655/1742
f 1468/1665/1544 1512/1711/1543 1459/1655/1742
f 1356/1539/1572 1357/1540/1575 1548/1754/1564
f 1535/1738/1563 1356/1539/1572 1548/1754/1564
f 1357/1541/1575 1358/1542/1577 1547/1753/1565
f 1548/1755/1564 1357/1541/1575 1547/1753/1565
f 1358/1542/1577 1440/1635/1578 1549/1756/1567
f 1547/1753/1565 1358/1542/1577 1549/1756/1567
f 1440/1635/1578 1359/1543/1581 1546/1752/1568
f 1549/1756/1567 1440/1635/1578 1546/1752/1568
f 1359/1543/1581 2830/3371/1583 1545/1750/1569
f 1546/1752/1568 1359/1543/1581 1545/1750/1569
f 2830/3372/1583 1360/1544/1585 1544/1749/1570
f 1545/1751/1569 2830/3372/1583 1544/1749/1570
f 1360/1544/1585 1442/1637/1587 1543/1748/1571
f 1544/1749/1570 1360/1544/1585 1543/1748/1571
f 1442/1637/1587 1356/1539/1572 1535/1738/1563
f 1543/1748/1571 1442/1637/1587 1535/1738/1563
f 1400/1592/1688 1403/1595/1687 1464/1660/1727
f 1464/1660/1727 1403/1595/1687 1438/1633/1686
f 1463/1659/1754 1464/1660/1727 1438/1633/1686
f 1463/1659/1754 1435/1630/1755 1424/1618/1745
f 1464/1660/1727 1463/1659/1754 1424/1618/1745
f 1406/1598/1712 1424/1618/1745 1435/1630/1755
f 1411/1604/1756 1406/1598/1712 1435/1630/1755
f 1411/1604/1756 1420/1614/1757 1419/1613/1713
f 1406/1598/1712 1411/1604/1756 1419/1613/1713
f 1420/1614/1757 1415/1609/1701 1416/1610/1719
f 1419/1613/1713 1420/1614/1757 1416/1610/1719
f 1464/1660/1727 1424/1618/1745 1465/1661/1691
f 1465/1661/1691 1425/1619/1690 1402/1594/1689
f 1464/1660/1727 1465/1661/1691 1402/1594/1689
f 1399/1591/1684 1401/1593/1683 1427/1621/1728
f 1401/1593/1683 1434/1629/1682 1428/1622/1731
f 1427/1621/1728 1401/1593/1683 1428/1622/1731
f 1427/1621/1728 1428/1622/1731 1436/1631/1740
f 1414/1608/1702 1415/1609/1701 1420/1614/1757
f 1421/1615/1717 1414/1608/1702 1420/1614/1757
f 1407/1599/1718 1421/1615/1717 1420/1614/1757
f 1411/1604/1756 1407/1599/1718 1420/1614/1757
f 1411/1604/1756 1435/1630/1755 1436/1631/1740
f 1407/1599/1718 1411/1604/1756 1436/1631/1740
f 1436/1631/1740 1435/1630/1755 1463/1659/1754
f 1427/1621/1728 1436/1631/1740 1463/1659/1754
f 1463/1659/1754 1438/1633/1686 1398/1590/1685
f 1427/1621/1728 1463/1659/1754 1398/1590/1685
f 1404/1596/1758 1405/1597/1679 1444/1639/1678
f 1445/1640/1677 1404/1596/1758 1444/1639/1678
f 1445/1640/1677 1506/1705/1747 1446/1641/1749
f 1404/1596/1758 1445/1640/1677 1446/1641/1749
f 1446/1641/1749 1506/1705/1747 1502/1701/1705
f 1409/1601/1707 1446/1641/1749 1502/1701/1705
f 1502/1701/1705 1504/1703/1704 1505/1704/1708
f 1409/1601/1707 1502/1701/1705 1505/1704/1708
f 1504/1703/1704 1458/1654/1698 1412/1605/1697
f 1505/1704/1708 1504/1703/1704 1412/1605/1697
f 1404/1596/1758 1446/1641/1749 1461/1657/1735
f 1404/1596/1758 1461/1657/1735 1471/1668/1680
f 1405/1597/1679 1404/1596/1758 1471/1668/1680
f 1550/1757/1759 1345/1528/1743 1512/1711/1543
f 1511/1710/1545 1550/1757/1759 1512/1711/1543
f 1550/1757/1759 1418/1612/1710 1450/1645/1721
f 1345/1528/1743 1550/1757/1759 1450/1645/1721
f 1322/1503/1509 1321/1502/1720 1301/1481/1479
f 1300/1480/1477 1322/1503/1509 1301/1481/1479
f 1321/1502/1720 1320/1501/1507 1302/1482/1481
f 1301/1481/1479 1321/1502/1720 1302/1482/1481
f 1476/1673/1506 2842/3395/1699 1297/1476/1469
f 1296/1475/1472 1476/1673/1506 1297/1476/1469
f 2842/3396/1699 1324/1505/1510 1298/1478/1473
f 1297/1477/1469 2842/3396/1699 1298/1478/1473
f 1550/1757/1759 1511/1710/1545 1457/1653/1711
f 1418/1612/1710 1550/1757/1759 1457/1653/1711
f 1553/1761/1760 1551/1758/1761 2852/3415/1762
f 1554/1762/1763 1553/1761/1760 2852/3415/1762
f 1563/1771/1764 2853/3417/1765 1551/1758/1761
f 1553/1761/1760 1563/1771/1764 1551/1758/1761
f 1562/1770/1766 2854/3419/1767 2853/3417/1765
f 1563/1771/1764 1562/1770/1766 2853/3417/1765
f 1561/1769/1768 2855/3421/1769 2854/3419/1767
f 1562/1770/1766 1561/1769/1768 2854/3419/1767
f 1560/1768/1770 1564/1772/1771 2855/3421/1769
f 1561/1769/1768 1560/1768/1770 2855/3421/1769
f 1559/1767/1772 2856/3423/1773 1564/1772/1771
f 1560/1768/1770 1559/1767/1772 1564/1772/1771
f 2849/3410/1774 1565/1774/1775 2856/3423/1773
f 1559/1767/1772 2849/3410/1774 2856/3423/1773
f 1558/1766/1776 2857/3425/1777 1565/1775/1775
f 2849/3409/1774 1558/1766/1776 1565/1775/1775
f 1557/1765/1778 2858/3427/1779 2857/3425/1777
f 1558/1766/1776 1557/1765/1778 2857/3425/1777
f 1556/1764/1780 2859/3429/1781 2858/3427/1779
f 1557/1765/1778 1556/1764/1780 2858/3427/1779
f 1555/1763/1782 2851/3413/1783 2859/3429/1781
f 1556/1764/1780 1555/1763/1782 2859/3429/1781
f 1554/1762/1763 2852/3415/1762 2851/3413/1783
f 1555/1763/1782 1554/1762/1763 2851/3413/1783
f 1568/1779/1784 1563/1771/1764 1553/1761/1760
f 1567/1778/1785 1568/1779/1784 1553/1761/1760
f 1567/1778/1785 1553/1761/1760 1554/1762/1763
f 1566/1777/1786 1567/1778/1785 1554/1762/1763
f 1566/1777/1786 1554/1762/1763 1555/1763/1782
f 1576/1787/1787 1566/1777/1786 1555/1763/1782
f 1576/1787/1787 1555/1763/1782 1556/1764/1780
f 1575/1786/1788 1576/1787/1787 1556/1764/1780
f 1575/1786/1788 1556/1764/1780 1557/1765/1778
f 1574/1785/1789 1575/1786/1788 1557/1765/1778
f 1574/1785/1789 1557/1765/1778 1558/1766/1776
f 1573/1784/1790 1574/1785/1789 1558/1766/1776
f 1573/1784/1790 1558/1766/1776 2849/3409/1774
f 2850/3411/1791 1573/1784/1790 2849/3409/1774
f 2850/3412/1791 2849/3410/1774 1559/1767/1772
f 1572/1783/1792 2850/3412/1791 1559/1767/1772
f 1572/1783/1792 1559/1767/1772 1560/1768/1770
f 1571/1782/1793 1572/1783/1792 1560/1768/1770
f 1571/1782/1793 1560/1768/1770 1561/1769/1768
f 1570/1781/1794 1571/1782/1793 1561/1769/1768
f 1570/1781/1794 1561/1769/1768 1562/1770/1766
f 1569/1780/1795 1570/1781/1794 1562/1770/1766
f 1569/1780/1795 1562/1770/1766 1563/1771/1764
f 1568/1779/1784 1569/1780/1795 1563/1771/1764
f 2852/3416/1762 1552/1760/1796 2851/3414/1783
f 1551/1759/1761 1552/1760/1796 2852/3416/1762
f 2853/3418/1765 1552/1760/1796 1551/1759/1761
f 2854/3420/1767 1552/1760/1796 2853/3418/1765
f 2855/3422/1769 1552/1760/1796 2854/3420/1767
f 1564/1773/1771 1552/1760/1796 2855/3422/1769
f 2856/3424/1773 1552/1760/1796 1564/1773/1771
f 1565/1776/1775 1552/1760/1796 2856/3424/1773
f 2857/3426/1777 1552/1760/1796 1565/1776/1775
f 2858/3428/1779 1552/1760/1796 2857/3426/1777
f 2859/3430/1781 1552/1760/1796 2858/3428/1779
f 2851/3414/1783 1552/1760/1796 2859/3430/1781
f 2860/3431/1797 1579/1790/1798 1577/1788/1799
f 1578/1789/1800 2860/3431/1797 1577/1788/1799
f 2861/3433/1801 2860/3431/1797 1578/1789/1800
f 2864/3437/1802 2861/3433/1801 1578/1789/1800
f 1580/1792/1803 2861/3433/1801 2864/3437/1802
f 2866/3440/1804 1580/1792/1803 2864/3437/1802
f 1579/1790/1798 1580/1793/1803 2866/3441/1804
f 1577/1788/1799 1579/1790/1798 2866/3441/1804
f 2862/3435/1805 1579/1791/1798 2860/3432/1797
f 1581/1796/1806 2862/3435/1805 2860/3432/1797
f 1581/1796/1806 2860/3432/1797 2861/3434/1801
f 2863/3436/1807 1581/1796/1806 2861/3434/1801
f 2863/3436/1807 2861/3434/1801 1580/1794/1803
f 2865/3438/1808 2863/3436/1807 1580/1794/1803
f 2865/3439/1808 1580/1795/1803 1579/1791/1798
f 2862/3435/1805 2865/3439/1808 1579/1791/1798
f 1577/1788/1799 2862/3435/1805 1581/1796/1806
f 1578/1789/1800 1577/1788/1799 1581/1796/1806
f 1578/1789/1800 1581/1796/1806 2863/3436/1807
f 2864/3437/1802 1578/1789/1800 2863/3436/1807
f 2864/3437/1802 2863/3436/1807 2865/3438/1808
f 2866/3440/1804 2864/3437/1802 2865/3438/1808
f 2866/3441/1804 2865/3439/1808 2862/3435/1805
f 1577/1788/1799 2866/3441/1804 2862/3435/1805
f 2868/3444/1809 1582/1797/1810 1583/1798/1811
f 2867/3442/1812 2868/3444/1809 1583/1798/1811
f 2869/3446/1813 2867/3442/1812 1583/1798/1811
f 2872/3450/1814 2869/3446/1813 1583/1798/1811
f 1585/1800/1815 2869/3446/1813 2872/3450/1814
f 1584/1799/1816 1585/1800/1815 2872/3450/1814
f 2871/3449/1817 2868/3445/1809 2867/3443/1812
f 2870/3448/1818 2871/3449/1817 2867/3443/1812
f 2873/3451/1819 2870/3448/1818 2867/3443/1812
f 2869/3447/1813 2873/3451/1819 2867/3443/1812
f 2873/3451/1819 2869/3447/1813 1585/1801/1815
f 2874/3452/1820 2873/3451/1819 1585/1801/1815
f 1582/1797/1810 2871/3449/1817 2870/3448/1818
f 1583/1798/1811 1582/1797/1810 2870/3448/1818
f 2872/3450/1814 1583/1798/1811 2870/3448/1818
f 2873/3451/1819 2872/3450/1814 2870/3448/1818
f 2872/3450/1814 2873/3451/1819 2874/3452/1820
f 1584/1799/1816 2872/3450/1814 2874/3452/1820
f 1586/1802/1821 2875/3453/1822 2876/3454/1823
f 1591/1810/1824 1586/1802/1821 2876/3454/1823
f 1591/1810/1824 2877/3455/1825 1587/1803/1826
f 1586/1802/1821 1591/1810/1824 1587/1803/1826
f 1588/1804/1827 2875/3453/1822 1586/1802/1821
f 1589/1806/1828 1588/1804/1827 1586/1802/1821
f 1586/1802/1821 1587/1803/1826 1590/1808/1829
f 1589/1806/1828 1586/1802/1821 1590/1808/1829
f 2876/3454/1823 1588/1805/1827 1589/1807/1828
f 1591/1810/1824 2876/3454/1823 1589/1807/1828
f 1589/1807/1828 1590/1809/1829 2877/3455/1825
f 1591/1810/1824 1589/1807/1828 2877/3455/1825
f 1593/1812/1809 1592/1811/1810 2881/3461/1830
f 2878/3456/1831 1593/1812/1809 2881/3461/1830
f 1597/1817/1813 2878/3456/1831 2881/3461/1830
f 1596/1816/1814 1597/1817/1813 2881/3461/1830
f 2879/3458/1832 1597/1817/1813 1596/1816/1814
f 2882/3462/1816 2879/3458/1832 1596/1816/1814
f 1594/1814/1817 1593/1813/1809 2878/3457/1831
f 2880/3460/1833 1594/1814/1817 2878/3457/1831
f 1598/1819/1819 2880/3460/1833 2878/3457/1831
f 1597/1818/1813 1598/1819/1819 2878/3457/1831
f 1598/1819/1819 1597/1818/1813 2879/3459/1832
f 1595/1815/1834 1598/1819/1819 2879/3459/1832
f 1592/1811/1810 1594/1814/1817 2880/3460/1833
f 2881/3461/1830 1592/1811/1810 2880/3460/1833
f 1596/1816/1814 2881/3461/1830 2880/3460/1833
f 1598/1819/1819 1596/1816/1814 2880/3460/1833
f 1596/1816/1814 1598/1819/1819 1595/1815/1834
f 2882/3462/1816 1596/1816/1814 1595/1815/1834
f 1601/1822/1835 1600/1821/1836 1608/1832/1837
f 2884/3464/1838 1601/1822/1835 1608/1832/1837
f 1615/1845/1839 1602/1823/1840 2883/3463/1841
f 1613/1841/1842 1615/1845/1839 2883/3463/1841
f 1605/1826/1843 1612/1839/1844 1606/1827/793
f 1602/1823/1840 1615/1845/1839 2885/3466/1845
f 1603/1824/1846 1602/1823/1840 2885/3466/1845
f 1603/1824/1846 2885/3466/1845 2886/3468/1847
f 1604/1825/1848 1603/1824/1846 2886/3468/1847
f 1604/1825/1848 2886/3468/1847 2887/3470/1849
f 1605/1826/1843 1604/1825/1848 2887/3470/1849
f 2887/3470/1849 1611/1837/1850 1612/1839/1844
f 1605/1826/1843 2887/3470/1849 1612/1839/1844
f 1616/1847/1851 1613/1842/1842 1619/1853/1852
f 2883/3463/1841 1601/1822/1835 2884/3464/1838
f 1613/1841/1842 2883/3463/1841 2884/3464/1838
f 1613/1842/1842 2884/3465/1838 1608/1831/1837
f 1619/1853/1852 1613/1842/1842 1608/1831/1837
f 1614/1843/1853 1610/1835/1854 2890/3476/1855
f 2899/3492/1856 1614/1843/1853 2890/3476/1855
f 1618/1851/1857 2885/3467/1845 1615/1846/1839
f 2893/3483/1858 1618/1851/1857 1615/1846/1839
f 2920/3532/1859 2886/3469/1847 2885/3467/1845
f 1618/1851/1857 2920/3532/1859 2885/3467/1845
f 2921/3534/1860 2887/3471/1849 2886/3469/1847
f 2920/3532/1859 2921/3534/1860 2886/3469/1847
f 1617/1849/1861 1611/1838/1850 2887/3471/1849
f 2921/3534/1860 1617/1849/1861 2887/3471/1849
f 2922/3536/1862 1612/1840/1844 1611/1838/1850
f 1617/1849/1861 2922/3536/1862 1611/1838/1850
f 1607/1829/812 1606/1828/793 1612/1840/1844
f 2922/3536/1862 1607/1829/812 1612/1840/1844
f 2893/3483/1858 1615/1846/1839 1613/1842/1842
f 1616/1847/1851 2893/3483/1858 1613/1842/1842
f 2900/3495/1863 1619/1853/1852 1608/1831/1837
f 1609/1833/1864 2900/3495/1863 1608/1831/1837
f 1609/1834/1864 1608/1832/1837 1600/1821/1836
f 1599/1820/1865 1609/1834/1864 1600/1821/1836
f 1614/1843/1853 2900/3495/1863 1609/1833/1864
f 1610/1835/1854 1614/1843/1853 1609/1833/1864
f 1610/1836/1854 1609/1834/1864 1599/1820/1865
f 2890/3478/1855 1610/1836/1854 1599/1820/1865
f 2889/3475/1866 1600/1821/1836 1601/1822/1835
f 1620/1855/1867 2889/3475/1866 1601/1822/1835
f 2888/3472/1868 2883/3463/1841 1602/1823/1840
f 1625/1865/1869 2888/3472/1868 1602/1823/1840
f 1605/1826/1843 1606/1827/793 2891/3479/1870
f 1603/1824/1846 1626/1867/1871 1625/1865/1869
f 1602/1823/1840 1603/1824/1846 1625/1865/1869
f 1604/1825/1848 1621/1857/1872 1626/1867/1871
f 1603/1824/1846 1604/1825/1848 1626/1867/1871
f 1605/1826/1843 1622/1859/1873 1621/1857/1872
f 1604/1825/1848 1605/1826/1843 1621/1857/1872
f 1605/1826/1843 2891/3479/1870 1623/1861/1874
f 1622/1859/1873 1605/1826/1843 1623/1861/1874
f 2901/3497/1875 1624/1863/1876 2888/3473/1868
f 2888/3472/1868 1620/1855/1867 1601/1822/1835
f 2883/3463/1841 2888/3472/1868 1601/1822/1835
f 1624/1863/1876 2889/3474/1866 1620/1856/1867
f 2888/3473/1868 1624/1863/1876 1620/1856/1867
f 2899/3493/1856 2890/3477/1855 2892/3481/1877
f 1631/1877/1878 2899/3493/1856 2892/3481/1877
f 2904/3501/1879 1625/1866/1869 1626/1868/1871
f 1627/1869/1880 2904/3501/1879 1626/1868/1871
f 1627/1869/1880 1626/1868/1871 1621/1858/1872
f 1628/1871/1881 1627/1869/1880 1621/1858/1872
f 1628/1871/1881 1621/1858/1872 1622/1860/1873
f 2923/3538/1882 1628/1871/1881 1622/1860/1873
f 2923/3538/1882 1622/1860/1873 1623/1862/1874
f 1629/1873/1883 2923/3538/1882 1623/1862/1874
f 1629/1873/1883 1623/1862/1874 2891/3480/1870
f 2924/3540/1884 1629/1873/1883 2891/3480/1870
f 2891/3480/1870 1606/1828/793 1607/1829/812
f 2924/3540/1884 2891/3480/1870 1607/1829/812
f 2901/3497/1875 2888/3473/1868 1625/1866/1869
f 2904/3501/1879 2901/3497/1875 1625/1866/1869
f 1624/1863/1876 2906/3505/1885 1630/1875/1886
f 2889/3474/1866 1624/1863/1876 1630/1875/1886
f 2889/3475/1866 1630/1876/1886 1599/1820/1865
f 1600/1821/1836 2889/3475/1866 1599/1820/1865
f 1630/1875/1886 2906/3505/1885 1631/1877/1878
f 2892/3481/1877 1630/1875/1886 1631/1877/1878
f 1599/1820/1865 1630/1876/1886 2892/3482/1877
f 2890/3478/1855 1599/1820/1865 2892/3482/1877
f 1639/1889/1887 1648/1898/1888 1647/1897/1889
f 1640/1890/1890 1639/1889/1887 1647/1897/1889
f 1647/1897/1889 1646/1896/1891 1653/1903/1892
f 1640/1890/1890 1647/1897/1889 1653/1903/1892
f 1642/1892/1893 1643/1893/1894 2897/3490/1895
f 1641/1891/1896 1642/1892/1893 2897/3490/1895
f 1638/1888/1897 2917/3526/1898 2918/3528/1899
f 1637/1887/1900 1638/1888/1897 2918/3528/1899
f 1639/1889/1887 2915/3522/1901 2916/3524/1902
f 1648/1898/1888 1639/1889/1887 2916/3524/1902
f 1632/1879/1903 2908/3509/1904 2914/3520/1905
f 1649/1899/1906 1632/1879/1903 2914/3520/1905
f 1638/1888/1897 1637/1887/1900 2897/3490/1895
f 1643/1893/1894 1638/1888/1897 2897/3490/1895
f 1641/1891/1896 1644/1894/1907 1642/1892/1893
f 2893/3484/1858 1616/1848/1851 1642/1892/1893
f 1644/1894/1907 2893/3484/1858 1642/1892/1893
f 1645/1895/1908 2919/3530/1909 2894/3486/1910
f 2895/3488/1911 1645/1895/1908 2894/3486/1910
f 2895/3488/1911 2896/3489/1912 2898/3491/1913
f 1645/1895/1908 2895/3488/1911 2898/3491/1913
f 1645/1895/1908 2898/3491/1913 2897/3490/1895
f 1637/1887/1900 1645/1895/1908 2897/3490/1895
f 1637/1887/1900 2918/3528/1899 2919/3530/1909
f 1645/1895/1908 1637/1887/1900 2919/3530/1909
f 2894/3486/1910 1635/1883/1914 2907/3507/1915
f 2895/3488/1911 2894/3486/1910 2907/3507/1915
f 2895/3488/1911 2907/3507/1915 2928/3550/1916
f 2896/3489/1912 2895/3488/1911 2928/3550/1916
f 2897/3490/1895 1634/1881/1917 2929/3554/1918
f 1641/1891/1896 2897/3490/1895 2929/3554/1918
f 1644/1894/1907 2930/3556/1919 2893/3484/1858
f 1641/1891/1896 2929/3554/1918 2930/3556/1919
f 1644/1894/1907 1641/1891/1896 2930/3556/1919
f 2896/3489/1912 2928/3551/1916 1636/1885/1920
f 2898/3491/1913 2896/3489/1912 1636/1885/1920
f 2898/3491/1913 1636/1885/1920 1634/1881/1917
f 2897/3490/1895 2898/3491/1913 1634/1881/1917
f 1616/1848/1851 1619/1854/1852 1646/1896/1891
f 1642/1892/1893 1616/1848/1851 1646/1896/1891
f 1647/1897/1889 1643/1893/1894 1642/1892/1893
f 1646/1896/1891 1647/1897/1889 1642/1892/1893
f 1648/1898/1888 1638/1888/1897 1643/1893/1894
f 1647/1897/1889 1648/1898/1888 1643/1893/1894
f 1638/1888/1897 1648/1898/1888 2916/3524/1902
f 2917/3526/1898 1638/1888/1897 2916/3524/1902
f 1649/1899/1906 1639/1889/1887 1640/1890/1890
f 1650/1900/1921 1649/1899/1906 1640/1890/1890
f 1639/1889/1887 1649/1899/1906 2914/3520/1905
f 2915/3522/1901 1639/1889/1887 2914/3520/1905
f 1632/1879/1903 1649/1899/1906 1650/1900/1921
f 1633/1880/1922 1632/1879/1903 1650/1900/1921
f 1650/1900/1921 1652/1902/1923 1651/1901/1924
f 1633/1880/1922 1650/1900/1921 1651/1901/1924
f 1652/1902/1923 1614/1844/1853 2899/3494/1856
f 1651/1901/1924 1652/1902/1923 2899/3494/1856
f 1646/1896/1891 1619/1854/1852 2900/3496/1863
f 1653/1903/1892 1646/1896/1891 2900/3496/1863
f 1653/1903/1892 2900/3496/1863 1614/1844/1853
f 1652/1902/1923 1653/1903/1892 1614/1844/1853
f 1653/1903/1892 1652/1902/1923 1650/1900/1921
f 1640/1890/1890 1653/1903/1892 1650/1900/1921
f 1676/1933/1925 1677/1934/1926 1668/1924/1927
f 1669/1925/1928 1676/1933/1925 1668/1924/1927
f 1668/1924/1927 1677/1934/1926 1674/1931/1929
f 1673/1930/1930 1668/1924/1927 1674/1931/1929
f 1667/1923/1931 2902/3499/1932 2903/3500/1933
f 1663/1919/1934 1667/1923/1931 2903/3500/1933
f 1662/1918/1935 2912/3516/1936 1654/1904/1937
f 1661/1917/1938 1662/1918/1935 1654/1904/1937
f 1670/1926/1939 2913/3518/1940 1676/1933/1925
f 1669/1925/1928 1670/1926/1939 1676/1933/1925
f 2909/3511/1941 2908/3509/1904 1632/1879/1903
f 1672/1929/1942 2909/3511/1941 1632/1879/1903
f 1661/1917/1938 1663/1919/1934 2903/3500/1933
f 1662/1918/1935 1661/1917/1938 2903/3500/1933
f 1664/1920/1943 2902/3499/1932 1667/1923/1931
f 2904/3502/1879 1664/1920/1943 1667/1923/1931
f 2901/3498/1875 2904/3502/1879 1667/1923/1931
f 1660/1916/1944 1656/1908/1945 2911/3514/1946
f 1665/1921/1947 1660/1916/1944 2911/3514/1946
f 1660/1916/1944 1665/1921/1947 1666/1922/1948
f 2905/3504/1949 1660/1916/1944 1666/1922/1948
f 1665/1921/1947 1662/1918/1935 2903/3500/1933
f 1666/1922/1948 1665/1921/1947 2903/3500/1933
f 1665/1921/1947 2911/3514/1946 2912/3516/1936
f 1662/1918/1935 1665/1921/1947 2912/3516/1936
f 1657/1910/1950 1658/1912/1951 1656/1908/1945
f 1660/1916/1944 1657/1910/1950 1656/1908/1945
f 2905/3504/1949 2927/3546/1952 1657/1910/1950
f 1660/1916/1944 2905/3504/1949 1657/1910/1950
f 2902/3499/1932 2925/3542/1953 2926/3544/1954
f 2903/3500/1933 2902/3499/1932 2926/3544/1954
f 1664/1920/1943 2904/3502/1879 1655/1906/1955
f 1664/1920/1943 1655/1906/1955 2925/3542/1953
f 2902/3499/1932 1664/1920/1943 2925/3542/1953
f 1666/1922/1948 1659/1914/1956 2927/3547/1952
f 2905/3504/1949 1666/1922/1948 2927/3547/1952
f 2903/3500/1933 2926/3544/1954 1659/1914/1956
f 1666/1922/1948 2903/3500/1933 1659/1914/1956
f 2901/3498/1875 1667/1923/1931 1673/1930/1930
f 1624/1864/1876 2901/3498/1875 1673/1930/1930
f 1668/1924/1927 1673/1930/1930 1667/1923/1931
f 1663/1919/1934 1668/1924/1927 1667/1923/1931
f 1669/1925/1928 1668/1924/1927 1663/1919/1934
f 1661/1917/1938 1669/1925/1928 1663/1919/1934
f 1669/1925/1928 1661/1917/1938 1654/1904/1937
f 1670/1926/1939 1669/1925/1928 1654/1904/1937
f 1672/1929/1942 1671/1928/1957 1677/1934/1926
f 1676/1933/1925 1672/1929/1942 1677/1934/1926
f 2909/3511/1941 1672/1929/1942 1676/1933/1925
f 2913/3518/1940 2909/3511/1941 1676/1933/1925
f 1632/1879/1903 1633/1880/1922 1671/1928/1957
f 1672/1929/1942 1632/1879/1903 1671/1928/1957
f 1671/1928/1957 1633/1880/1922 1651/1901/1924
f 1675/1932/1958 1671/1928/1957 1651/1901/1924
f 1675/1932/1958 1651/1901/1924 2899/3494/1856
f 1631/1878/1878 1675/1932/1958 2899/3494/1856
f 1673/1930/1930 1674/1931/1929 2906/3506/1885
f 1624/1864/1876 1673/1930/1930 2906/3506/1885
f 1674/1931/1929 1675/1932/1958 1631/1878/1878
f 2906/3506/1885 1674/1931/1929 1631/1878/1878
f 1674/1931/1929 1677/1934/1926 1671/1928/1957
f 1675/1932/1958 1674/1931/1929 1671/1928/1957
f 1680/1938/909 2907/3508/1915 1635/1884/1914
f 2910/3513/910 1680/1938/909 1635/1884/1914
f 1679/1936/911 2928/3552/1916 2907/3508/1915
f 1680/1938/909 1679/1936/911 2907/3508/1915
f 2909/3512/1941 1678/1935/912 2908/3510/1904
f 1658/1913/1951 2910/3513/910 1635/1884/1914
f 1678/1935/912 1658/1913/1951 1635/1884/1914
f 1656/1909/1945 1658/1913/1951 1678/1935/912
f 2911/3515/1946 1656/1909/1945 1678/1935/912
f 2912/3517/1936 2911/3515/1946 1678/1935/912
f 1654/1905/1937 2912/3517/1936 1678/1935/912
f 1670/1927/1939 1654/1905/1937 1678/1935/912
f 2913/3519/1940 1670/1927/1939 1678/1935/912
f 2909/3512/1941 2913/3519/1940 1678/1935/912
f 2908/3510/1904 1678/1935/912 2914/3521/1905
f 2914/3521/1905 1678/1935/912 2915/3523/1901
f 2915/3523/1901 1678/1935/912 2916/3525/1902
f 2916/3525/1902 1678/1935/912 2917/3527/1898
f 2917/3527/1898 1678/1935/912 2918/3529/1899
f 2918/3529/1899 1678/1935/912 2919/3531/1909
f 2919/3531/1909 1678/1935/912 2894/3487/1910
f 2894/3487/1910 1678/1935/912 1635/1884/1914
f 2927/3548/1952 1679/1936/911 1680/1938/909
f 1657/1911/1950 2927/3548/1952 1680/1938/909
f 1657/1911/1950 1680/1938/909 2910/3513/910
f 1658/1913/1951 1657/1911/1950 2910/3513/910
f 1691/1949/937 1700/1958/916 1699/1957/915
f 1681/1939/938 1691/1949/937 1699/1957/915
f 1683/1941/939 1681/1939/938 1699/1957/915
f 1703/1961/918 1683/1941/939 1699/1957/915
f 1682/1940/940 1681/1939/938 1683/1941/939
f 1684/1942/941 1682/1940/940 1683/1941/939
f 1696/1954/1959 1695/1953/943 1691/1949/937
f 1693/1951/944 1696/1954/1959 1691/1949/937
f 1693/1951/944 1682/1940/940 1684/1942/941
f 1694/1952/945 1693/1951/944 1684/1942/941
f 1692/1950/946 2921/3535/1860 2920/3533/1859
f 1697/1955/1960 1692/1950/946 2920/3533/1859
f 1688/1946/948 2922/3537/1862 1617/1850/1861
f 1689/1947/949 1688/1946/948 1617/1850/1861
f 1704/1962/929 1607/1830/812 2922/3537/1862
f 1688/1946/948 1704/1962/929 2922/3537/1862
f 1703/1961/918 1704/1962/929 1688/1946/948
f 1683/1941/939 1703/1961/918 1688/1946/948
f 1688/1946/948 1689/1947/949 1684/1942/941
f 1683/1941/939 1688/1946/948 1684/1942/941
f 1694/1952/945 1684/1942/941 1689/1947/949
f 1692/1950/946 1694/1952/945 1689/1947/949
f 1694/1952/945 1692/1950/946 1697/1955/1960
f 1698/1956/1961 1694/1952/945 1697/1955/1960
f 2920/3533/1859 1618/1852/1857 1690/1948/1962
f 1697/1955/1960 2920/3533/1859 1690/1948/1962
f 1701/1959/932 1700/1958/916 1691/1949/937
f 1695/1953/943 1701/1959/932 1691/1949/937
f 1681/1939/938 1682/1940/940 1693/1951/944
f 1691/1949/937 1681/1939/938 1693/1951/944
f 1689/1947/949 1617/1850/1861 2921/3535/1860
f 1692/1950/946 1689/1947/949 2921/3535/1860
f 1696/1954/1959 1693/1951/944 1694/1952/945
f 1698/1956/1961 1696/1954/1959 1694/1952/945
f 1687/1945/1963 1686/1944/1964 1696/1954/1959
f 1698/1956/1961 1687/1945/1963 1696/1954/1959
f 1687/1945/1963 1698/1956/1961 1697/1955/1960
f 1690/1948/1962 1687/1945/1963 1697/1955/1960
f 1685/1943/1965 1695/1953/943 1696/1954/1959
f 1686/1944/1964 1685/1943/1965 1696/1954/1959
f 1702/1960/1966 1701/1959/932 1695/1953/943
f 1685/1943/1965 1702/1960/1966 1695/1953/943
f 1714/1972/913 1705/1963/914 1699/1957/915
f 1700/1958/916 1714/1972/913 1699/1957/915
f 1708/1966/917 1703/1961/918 1699/1957/915
f 1705/1963/914 1708/1966/917 1699/1957/915
f 1706/1964/919 1707/1965/920 1708/1966/917
f 1705/1963/914 1706/1964/919 1708/1966/917
f 1720/1978/1967 1716/1974/922 1714/1972/913
f 1719/1977/923 1720/1978/1967 1714/1972/913
f 1716/1974/922 1717/1975/924 1707/1965/920
f 1706/1964/919 1716/1974/922 1707/1965/920
f 1715/1973/925 1721/1979/1968 1628/1872/1881
f 2923/3539/1882 1715/1973/925 1628/1872/1881
f 1712/1970/927 1713/1971/928 1629/1874/1883
f 2924/3541/1884 1712/1970/927 1629/1874/1883
f 1704/1962/929 1712/1970/927 2924/3541/1884
f 1607/1830/812 1704/1962/929 2924/3541/1884
f 1703/1961/918 1708/1966/917 1712/1970/927
f 1704/1962/929 1703/1961/918 1712/1970/927
f 1712/1970/927 1708/1966/917 1707/1965/920
f 1713/1971/928 1712/1970/927 1707/1965/920
f 1717/1975/924 1715/1973/925 1713/1971/928
f 1707/1965/920 1717/1975/924 1713/1971/928
f 1717/1975/924 1718/1976/1969 1721/1979/1968
f 1715/1973/925 1717/1975/924 1721/1979/1968
f 1628/1872/1881 1721/1979/1968 1722/1980/1970
f 1627/1870/1880 1628/1872/1881 1722/1980/1970
f 1701/1959/932 1719/1977/923 1714/1972/913
f 1700/1958/916 1701/1959/932 1714/1972/913
f 1705/1963/914 1714/1972/913 1716/1974/922
f 1706/1964/919 1705/1963/914 1716/1974/922
f 1713/1971/928 1715/1973/925 2923/3539/1882
f 1629/1874/1883 1713/1971/928 2923/3539/1882
f 1720/1978/1967 1718/1976/1969 1717/1975/924
f 1716/1974/922 1720/1978/1967 1717/1975/924
f 1711/1969/1971 1718/1976/1969 1720/1978/1967
f 1710/1968/1972 1711/1969/1971 1720/1978/1967
f 1711/1969/1971 1722/1980/1970 1721/1979/1968
f 1718/1976/1969 1711/1969/1971 1721/1979/1968
f 1709/1967/1973 1710/1968/1972 1720/1978/1967
f 1719/1977/923 1709/1967/1973 1720/1978/1967
f 1702/1960/1966 1709/1967/1973 1719/1977/923
f 1701/1959/932 1702/1960/1966 1719/1977/923
f 1627/1870/1880 1722/1980/1970 1655/1907/1955
f 2904/3503/1879 1627/1870/1880 1655/1907/1955
f 1722/1980/1970 1711/1969/1971 2925/3543/1953
f 1655/1907/1955 1722/1980/1970 2925/3543/1953
f 2926/3545/1954 2925/3543/1953 1711/1969/1971
f 1710/1968/1972 2926/3545/1954 1711/1969/1971
f 1659/1915/1956 2926/3545/1954 1710/1968/1972
f 1709/1967/1973 1659/1915/1956 1710/1968/1972
f 1709/1967/1973 1702/1960/1966 2927/3549/1952
f 1659/1915/1956 1709/1967/1973 2927/3549/1952
f 1702/1960/1966 1685/1943/1965 1636/1886/1920
f 2928/3553/1916 1702/1960/1966 1636/1886/1920
f 1636/1886/1920 1685/1943/1965 1686/1944/1964
f 1634/1882/1917 1636/1886/1920 1686/1944/1964
f 1634/1882/1917 1686/1944/1964 1687/1945/1963
f 2929/3555/1918 1634/1882/1917 1687/1945/1963
f 1687/1945/1963 1690/1948/1962 2930/3557/1919
f 2929/3555/1918 1687/1945/1963 2930/3557/1919
f 1690/1948/1962 1618/1852/1857 2893/3485/1858
f 2930/3557/1919 1690/1948/1962 2893/3485/1858
f 2927/3549/1952 1702/1960/1966 1679/1937/911
f 1679/1937/911 1702/1960/1966 2928/3553/1916
f 1728/1987/1974 1755/2019/1975 1754/2018/1976
f 1736/1995/1977 1728/1987/1974 1754/2018/1976
f 1741/2000/1978 1756/2020/1979 1755/2019/1975
f 1728/1987/1974 1741/2000/1978 1755/2019/1975
f 1740/1999/1980 1757/2021/1981 1756/2020/1979
f 1741/2000/1978 1740/1999/1980 1756/2020/1979
f 1739/1998/1982 1758/2022/1983 1757/2021/1981
f 1740/1999/1980 1739/1998/1982 1757/2021/1981
f 1738/1997/1984 1759/2023/1985 1758/2022/1983
f 1739/1998/1982 1738/1997/1984 1758/2022/1983
f 1737/1996/1986 1760/2024/1987 1759/2023/1985
f 1738/1997/1984 1737/1996/1986 1759/2023/1985
f 2931/3559/1988 1753/2017/1989 1760/2024/1987
f 1737/1996/1986 2931/3559/1988 1760/2024/1987
f 1736/1995/1977 1754/2018/1976 1753/2016/1989
f 2931/3558/1988 1736/1995/1977 1753/2016/1989
f 1729/1988/1990 1728/1987/1974 1736/1995/1977
f 1730/1989/1991 1729/1988/1990 1736/1995/1977
f 2932/3560/1992 1730/1989/1991 1736/1995/1977
f 2931/3558/1988 2932/3560/1992 1736/1995/1977
f 2932/3561/1992 2931/3559/1988 1737/1996/1986
f 1731/1990/1993 2932/3561/1992 1737/1996/1986
f 1731/1990/1993 1737/1996/1986 1738/1997/1984
f 1732/1991/1994 1731/1990/1993 1738/1997/1984
f 1732/1991/1994 1738/1997/1984 1739/1998/1982
f 1733/1992/1995 1732/1991/1994 1739/1998/1982
f 1733/1992/1995 1739/1998/1982 1740/1999/1980
f 1734/1993/1996 1733/1992/1995 1740/1999/1980
f 1734/1993/1996 1740/1999/1980 1741/2000/1978
f 1735/1994/1997 1734/1993/1996 1741/2000/1978
f 1735/1994/1997 1741/2000/1978 1728/1987/1974
f 1729/1988/1990 1735/1994/1997 1728/1987/1974
f 1724/1982/1998 1723/1981/1999 2938/3571/2000
f 1742/2001/2001 1724/1982/1998 2938/3571/2000
f 1723/1981/1999 1725/1983/2002 2933/3562/2003
f 2938/3571/2000 1723/1981/1999 2933/3562/2003
f 2934/3566/2004 1726/1985/2005 1744/2005/2006
f 2941/3577/2007 2934/3566/2004 1744/2005/2006
f 1726/1985/2005 2935/3567/2008 2940/3575/2009
f 1744/2005/2006 1726/1985/2005 2940/3575/2009
f 1725/1984/2002 2934/3566/2004 2941/3577/2007
f 2933/3563/2003 1725/1984/2002 2941/3577/2007
f 2937/3570/2010 1727/1986/2011 2939/3573/2012
f 1743/2003/2013 2937/3570/2010 2939/3573/2012
f 1727/1986/2011 1724/1982/1998 1742/2001/2001
f 2939/3573/2012 1727/1986/2011 1742/2001/2001
f 2935/3567/2008 2937/3570/2010 1743/2003/2013
f 2940/3575/2009 2935/3567/2008 1743/2003/2013
f 1761/2025/2014 1723/1981/1999 1724/1982/1998
f 1762/2026/2015 1761/2025/2014 1724/1982/1998
f 2936/3568/2016 1725/1983/2002 1723/1981/1999
f 1761/2025/2014 2936/3568/2016 1723/1981/1999
f 1766/2030/2017 1726/1985/2005 2934/3566/2004
f 1767/2031/2018 1766/2030/2017 2934/3566/2004
f 1765/2029/2019 2935/3567/2008 1726/1985/2005
f 1766/2030/2017 1765/2029/2019 1726/1985/2005
f 1767/2031/2018 2934/3566/2004 1725/1984/2002
f 2936/3569/2016 1767/2031/2018 1725/1984/2002
f 1763/2027/2020 1727/1986/2011 2937/3570/2010
f 1764/2028/2021 1763/2027/2020 2937/3570/2010
f 1762/2026/2015 1724/1982/1998 1727/1986/2011
f 1763/2027/2020 1762/2026/2015 1727/1986/2011
f 1764/2028/2021 2937/3570/2010 2935/3567/2008
f 1765/2029/2019 1764/2028/2021 2935/3567/2008
f 1754/2018/1976 2938/3572/2000 2933/3564/2003
f 1753/2016/1989 1754/2018/1976 2933/3564/2003
f 1755/2019/1975 1742/2002/2001 2938/3572/2000
f 1754/2018/1976 1755/2019/1975 2938/3572/2000
f 1756/2020/1979 2939/3574/2012 1742/2002/2001
f 1755/2019/1975 1756/2020/1979 1742/2002/2001
f 1757/2021/1981 1743/2004/2013 2939/3574/2012
f 1756/2020/1979 1757/2021/1981 2939/3574/2012
f 1758/2022/1983 2940/3576/2009 1743/2004/2013
f 1757/2021/1981 1758/2022/1983 1743/2004/2013
f 1759/2023/1985 1744/2006/2006 2940/3576/2009
f 1758/2022/1983 1759/2023/1985 2940/3576/2009
f 1760/2024/1987 2941/3578/2007 1744/2006/2006
f 1759/2023/1985 1760/2024/1987 1744/2006/2006
f 1753/2017/1989 2933/3565/2003 2941/3578/2007
f 1760/2024/1987 1753/2017/1989 2941/3578/2007
f 2942/3580/2022 2936/3568/2016 1761/2025/2014
f 1777/2042/2023 2942/3580/2022 1761/2025/2014
f 1777/2042/2023 1761/2025/2014 1762/2026/2015
f 1778/2043/2024 1777/2042/2023 1762/2026/2015
f 1778/2043/2024 1762/2026/2015 1763/2027/2020
f 1779/2044/2025 1778/2043/2024 1763/2027/2020
f 1779/2044/2025 1763/2027/2020 1764/2028/2021
f 1780/2045/2026 1779/2044/2025 1764/2028/2021
f 1780/2045/2026 1764/2028/2021 1765/2029/2019
f 1781/2046/2027 1780/2045/2026 1765/2029/2019
f 1781/2046/2027 1765/2029/2019 1766/2030/2017
f 1782/2047/2028 1781/2046/2027 1766/2030/2017
f 1782/2047/2028 1766/2030/2017 1767/2031/2018
f 1776/2041/2029 1782/2047/2028 1767/2031/2018
f 1776/2041/2029 1767/2031/2018 2936/3569/2016
f 2942/3579/2022 1776/2041/2029 2936/3569/2016
f 1788/2054/2030 1768/2032/2031 1769/2033/2032
f 1789/2055/2033 1788/2054/2030 1769/2033/2032
f 1789/2055/2033 1769/2033/2032 1770/2034/2034
f 1790/2056/2035 1789/2055/2033 1770/2034/2034
f 1790/2056/2035 1770/2034/2034 1771/2035/2036
f 1783/2048/2037 1790/2056/2035 1771/2035/2036
f 1783/2048/2037 1771/2035/2036 1772/2036/2038
f 1784/2049/2039 1783/2048/2037 1772/2036/2038
f 1784/2050/2039 1772/2037/2038 1773/2038/2040
f 1785/2051/2041 1784/2050/2039 1773/2038/2040
f 1785/2051/2041 1773/2038/2040 1774/2039/2042
f 1786/2052/2043 1785/2051/2041 1774/2039/2042
f 1786/2052/2043 1774/2039/2042 1775/2040/2044
f 1787/2053/2045 1786/2052/2043 1775/2040/2044
f 1787/2053/2045 1775/2040/2044 1768/2032/2031
f 1788/2054/2030 1787/2053/2045 1768/2032/2031
f 1771/2035/2036 1776/2041/2029 2942/3579/2022
f 1772/2036/2038 1771/2035/2036 2942/3579/2022
f 1772/2037/2038 2942/3580/2022 1777/2042/2023
f 1773/2038/2040 1772/2037/2038 1777/2042/2023
f 1773/2038/2040 1777/2042/2023 1778/2043/2024
f 1774/2039/2042 1773/2038/2040 1778/2043/2024
f 1774/2039/2042 1778/2043/2024 1779/2044/2025
f 1775/2040/2044 1774/2039/2042 1779/2044/2025
f 1775/2040/2044 1779/2044/2025 1780/2045/2026
f 1768/2032/2031 1775/2040/2044 1780/2045/2026
f 1768/2032/2031 1780/2045/2026 1781/2046/2027
f 1769/2033/2032 1768/2032/2031 1781/2046/2027
f 1769/2033/2032 1781/2046/2027 1782/2047/2028
f 1770/2034/2034 1769/2033/2032 1782/2047/2028
f 1770/2034/2034 1782/2047/2028 1776/2041/2029
f 1771/2035/2036 1770/2034/2034 1776/2041/2029
f 1749/2012/2046 1783/2048/2037 1784/2049/2039
f 1747/2009/2047 1749/2012/2046 1784/2049/2039
f 1747/2010/2047 1784/2050/2039 1785/2051/2041
f 1745/2007/2048 1747/2010/2047 1785/2051/2041
f 1745/2007/2048 1785/2051/2041 1786/2052/2043
f 1746/2008/2049 1745/2007/2048 1786/2052/2043
f 1746/2008/2049 1786/2052/2043 1787/2053/2045
f 1751/2014/2050 1746/2008/2049 1787/2053/2045
f 1751/2014/2050 1787/2053/2045 1788/2054/2030
f 1752/2015/2051 1751/2014/2050 1788/2054/2030
f 1752/2015/2051 1788/2054/2030 1789/2055/2033
f 1750/2013/2052 1752/2015/2051 1789/2055/2033
f 1750/2013/2052 1789/2055/2033 1790/2056/2035
f 1748/2011/2053 1750/2013/2052 1790/2056/2035
f 1748/2011/2053 1790/2056/2035 1783/2048/2037
f 1749/2012/2046 1748/2011/2053 1783/2048/2037
f 2950/3593/2054 2946/3586/2055 1791/2057/2056
f 2943/3581/2057 2950/3593/2054 1791/2057/2056
f 1792/2058/2058 1791/2057/2056 2946/3586/2055
f 2947/3588/2059 1792/2058/2058 2946/3586/2055
f 2944/3583/2060 1792/2058/2058 2947/3588/2059
f 2949/3591/2061 2944/3583/2060 2947/3588/2059
f 2943/3582/2057 2944/3583/2060 2949/3591/2061
f 2950/3594/2054 2943/3582/2057 2949/3591/2061
f 2943/3581/2057 1791/2057/2056 1793/2059/2062
f 2945/3584/2063 2943/3581/2057 1793/2059/2062
f 1793/2059/2062 1791/2057/2056 1792/2058/2058
f 1794/2060/2064 1793/2059/2062 1792/2058/2058
f 1794/2060/2064 1792/2058/2058 2944/3583/2060
f 2948/3590/2065 1794/2060/2064 2944/3583/2060
f 2948/3590/2065 2944/3583/2060 2943/3582/2057
f 2945/3585/2063 2948/3590/2065 2943/3582/2057
f 1793/2059/2062 2946/3587/2055 2950/3595/2054
f 2945/3584/2063 1793/2059/2062 2950/3595/2054
f 2946/3587/2055 1793/2059/2062 1794/2060/2064
f 2947/3589/2059 2946/3587/2055 1794/2060/2064
f 2947/3589/2059 1794/2060/2064 2948/3590/2065
f 2949/3592/2061 2947/3589/2059 2948/3590/2065
f 2949/3592/2061 2948/3590/2065 2945/3585/2063
f 2950/3596/2054 2949/3592/2061 2945/3585/2063
f 2952/3598/2066 1795/2061/2067 1797/2064/1823
f 2955/3603/2068 2952/3598/2066 1797/2064/1823
f 2955/3603/2068 1798/2065/2069 2951/3597/2070
f 2952/3598/2066 2955/3603/2068 2951/3597/2070
f 2953/3599/2071 1795/2061/2067 2952/3598/2066
f 2954/3601/1828 2953/3599/2071 2952/3598/2066
f 2952/3598/2066 2951/3597/2070 1796/2062/2072
f 2954/3601/1828 2952/3598/2066 1796/2062/2072
f 1797/2064/1823 2953/3600/2071 2954/3602/1828
f 2955/3603/2068 1797/2064/1823 2954/3602/1828
f 2954/3602/1828 1796/2063/2072 1798/2065/2069
f 2955/3603/2068 2954/3602/1828 1798/2065/2069
f 2970/3627/2073 2971/3629/2074 1807/2075/2075
f 2957/3606/2076 2970/3627/2073 1807/2075/2075
f 2963/3613/2077 1799/2066/2078 2957/3606/2076
f 1807/2075/2075 2963/3613/2077 2957/3606/2076
f 2965/3616/2079 1800/2067/2080 1799/2066/2078
f 2963/3613/2077 2965/3616/2079 1799/2066/2078
f 2966/3618/2081 1801/2068/2082 1800/2067/2080
f 2965/3616/2079 2966/3618/2081 1800/2067/2080
f 2956/3604/2083 2959/3608/2084 1801/2068/2082
f 2966/3618/2081 2956/3604/2083 1801/2068/2082
f 2968/3621/2085 2958/3607/2086 2959/3608/2084
f 2956/3604/2083 2968/3621/2085 2959/3608/2084
f 1808/2077/2087 1802/2069/2088 2958/3607/2086
f 2968/3621/2085 1808/2077/2087 2958/3607/2086
f 1802/2069/2088 1808/2077/2087 2969/3623/2089
f 1803/2070/2090 1802/2069/2088 2969/3623/2089
f 2962/3612/2091 2961/3610/2092 2970/3627/2073
f 2957/3606/2076 2962/3612/2091 2970/3627/2073
f 2962/3612/2091 2957/3606/2076 1799/2066/2078
f 1804/2072/2093 2962/3612/2091 1799/2066/2078
f 1804/2072/2093 1799/2066/2078 1800/2067/2080
f 2964/3615/2094 1804/2072/2093 1800/2067/2080
f 2964/3615/2094 1800/2067/2080 1801/2068/2082
f 1805/2073/2095 2964/3615/2094 1801/2068/2082
f 1805/2073/2095 1801/2068/2082 2959/3608/2084
f 2960/3609/2096 1805/2073/2095 2959/3608/2084
f 2960/3609/2096 2959/3608/2084 2958/3607/2086
f 1806/2074/2097 2960/3609/2096 2958/3607/2086
f 1806/2074/2097 2958/3607/2086 1802/2069/2088
f 2967/3620/2098 1806/2074/2097 1802/2069/2088
f 2980/3643/2099 2967/3620/2098 1802/2069/2088
f 1803/2070/2090 2980/3643/2099 1802/2069/2088
f 2971/3630/2074 2961/3610/2092 2962/3612/2091
f 1807/2076/2075 2971/3630/2074 2962/3612/2091
f 1807/2076/2075 2962/3612/2091 1804/2072/2093
f 2963/3614/2077 1807/2076/2075 1804/2072/2093
f 2963/3614/2077 1804/2072/2093 2964/3615/2094
f 2965/3617/2079 2963/3614/2077 2964/3615/2094
f 2965/3617/2079 2964/3615/2094 1805/2073/2095
f 2966/3619/2081 2965/3617/2079 1805/2073/2095
f 2966/3619/2081 1805/2073/2095 2960/3609/2096
f 2956/3605/2083 2966/3619/2081 2960/3609/2096
f 2956/3605/2083 2960/3609/2096 1806/2074/2097
f 2968/3622/2085 2956/3605/2083 1806/2074/2097
f 2968/3622/2085 1806/2074/2097 2967/3620/2098
f 1808/2078/2087 2968/3622/2085 2967/3620/2098
f 1808/2078/2087 2967/3620/2098 2980/3643/2099
f 2969/3624/2089 1808/2078/2087 2980/3643/2099
f 2971/3631/2074 2970/3628/2073 1809/2079/2100
f 2982/3646/2101 2971/3631/2074 1809/2079/2100
f 2982/3646/2101 1809/2079/2100 2975/3638/2102
f 2984/3649/2103 2982/3646/2101 2975/3638/2102
f 2984/3649/2103 2975/3638/2102 2972/3633/2104
f 2973/3634/2105 2984/3649/2103 2972/3633/2104
f 2973/3634/2105 2972/3633/2104 2976/3639/2106
f 1811/2081/2107 2973/3634/2105 2976/3639/2106
f 1811/2081/2107 2976/3639/2106 2977/3640/2108
f 2974/3636/2109 1811/2081/2107 2977/3640/2108
f 2974/3636/2109 2977/3640/2108 2978/3641/2110
f 2988/3654/2111 2974/3636/2109 2978/3641/2110
f 2988/3654/2111 2978/3641/2110 2979/3642/2112
f 2990/3657/2113 2988/3654/2111 2979/3642/2112
f 2990/3657/2113 2979/3642/2112 1803/2071/2090
f 2969/3625/2089 2990/3657/2113 1803/2071/2090
f 1809/2079/2100 2970/3628/2073 2961/3611/2092
f 2981/3645/2114 1809/2079/2100 2961/3611/2092
f 2983/3648/2115 2975/3638/2102 1809/2079/2100
f 2981/3645/2114 2983/3648/2115 1809/2079/2100
f 2985/3651/2116 2972/3633/2104 2975/3638/2102
f 2983/3648/2115 2985/3651/2116 2975/3638/2102
f 2986/3652/2117 2976/3639/2106 2972/3633/2104
f 2985/3651/2116 2986/3652/2117 2972/3633/2104
f 2987/3653/2118 2977/3640/2108 2976/3639/2106
f 2986/3652/2117 2987/3653/2118 2976/3639/2106
f 1810/2080/2119 2978/3641/2110 2977/3640/2108
f 2987/3653/2118 1810/2080/2119 2977/3640/2108
f 2989/3656/2120 2979/3642/2112 2978/3641/2110
f 1810/2080/2119 2989/3656/2120 2978/3641/2110
f 1803/2071/2090 2979/3642/2112 2989/3656/2120
f 2980/3644/2099 1803/2071/2090 2989/3656/2120
f 2981/3645/2114 2961/3611/2092 2971/3632/2074
f 2982/3647/2101 2981/3645/2114 2971/3632/2074
f 2984/3650/2103 2983/3648/2115 2981/3645/2114
f 2982/3647/2101 2984/3650/2103 2981/3645/2114
f 2973/3635/2105 2985/3651/2116 2983/3648/2115
f 2984/3650/2103 2973/3635/2105 2983/3648/2115
f 1811/2082/2107 2986/3652/2117 2985/3651/2116
f 2973/3635/2105 1811/2082/2107 2985/3651/2116
f 2974/3637/2109 2987/3653/2118 2986/3652/2117
f 1811/2082/2107 2974/3637/2109 2986/3652/2117
f 2988/3655/2111 1810/2080/2119 2987/3653/2118
f 2974/3637/2109 2988/3655/2111 2987/3653/2118
f 2990/3658/2113 2989/3656/2120 1810/2080/2119
f 2988/3655/2111 2990/3658/2113 1810/2080/2119
f 2980/3644/2099 2989/3656/2120 2990/3658/2113
f 2969/3626/2089 2980/3644/2099 2990/3658/2113
f 1814/2085/2121 1815/2086/2122 1812/2083/2123
f 1813/2084/2124 1814/2085/2121 1812/2083/2123
f 1817/2090/1106 1819/2092/2125 1818/2091/2126
f 1816/2088/1107 1817/2090/1106 1818/2091/2126
f 1824/2097/2127 1823/2096/2128 1838/2111/2129
f 1825/2098/2130 1824/2097/2127 1838/2111/2129
f 1827/2100/2131 1820/2093/2132 1839/2112/2133
f 1828/2101/2134 1827/2100/2131 1839/2112/2133
f 1820/2093/2132 1835/2108/2135 1834/2107/2136
f 1839/2112/2133 1820/2093/2132 1834/2107/2136
f 1823/2096/2128 1822/2095/2137 1821/2094/2138
f 1838/2111/2129 1823/2096/2128 1821/2094/2138
f 1820/2093/2132 1837/2110/2139 1836/2109/2140
f 1835/2108/2135 1820/2093/2132 1836/2109/2140
f 1820/2093/2132 1827/2100/2131 1826/2099/2141
f 1837/2110/2139 1820/2093/2132 1826/2099/2141
f 1838/2111/2129 1821/2094/2138 1836/2109/2140
f 1837/2110/2139 1838/2111/2129 1836/2109/2140
f 1838/2111/2129 1837/2110/2139 1826/2099/2141
f 1825/2098/2130 1838/2111/2129 1826/2099/2141
f 1840/2113/2142 1839/2112/2133 1834/2107/2136
f 1833/2106/2143 1840/2113/2142 1834/2107/2136
f 1828/2101/2134 1839/2112/2133 1840/2113/2142
f 1829/2102/2144 1828/2101/2134 1840/2113/2142
f 1832/2105/2145 1831/2104/2146 1840/2113/2142
f 1833/2106/2143 1832/2105/2145 1840/2113/2142
f 1840/2113/2142 1831/2104/2146 1830/2103/2147
f 1829/2102/2144 1840/2113/2142 1830/2103/2147
f 1842/2115/2148 2991/3659/2149 1843/2116/2150
f 1841/2114/2151 1842/2115/2148 1843/2116/2150
f 1843/2117/2150 2991/3660/2149 1845/2119/2152
f 1844/2118/2153 1843/2117/2150 1845/2119/2152
f 1843/2116/2150 2992/3661/2154 1846/2120/2155
f 1841/2114/2151 1843/2116/2150 1846/2120/2155
f 1844/2118/2153 1848/2122/2156 2992/3662/2154
f 1843/2117/2150 1844/2118/2153 2992/3662/2154
f 1847/2121/2157 1851/2125/2158 1842/2115/2148
f 1841/2114/2151 1847/2121/2157 1842/2115/2148
f 1846/2120/2155 1852/2126/2159 1847/2121/2157
f 1841/2114/2151 1846/2120/2155 1847/2121/2157
f 1842/2115/2148 1849/2123/2160 2993/3663/2161
f 2991/3659/2149 1842/2115/2148 2993/3663/2161
f 2993/3664/2161 1853/2127/2162 1845/2119/2152
f 2991/3660/2149 2993/3664/2161 1845/2119/2152
f 1845/2119/2152 1857/2132/2163 1850/2124/2164
f 1844/2118/2153 1845/2119/2152 1850/2124/2164
f 1850/2124/2164 1858/2133/2165 1848/2122/2156
f 1844/2118/2153 1850/2124/2164 1848/2122/2156
f 1849/2123/2160 1842/2115/2148 1851/2125/2158
f 1854/2128/2166 2993/3663/2161 1849/2123/2160
f 1852/2126/2159 1859/2134/2167 1855/2130/2168
f 1847/2121/2157 1852/2126/2159 1855/2130/2168
f 1853/2127/2162 2993/3664/2161 1854/2129/2166
f 1849/2123/2160 1860/2135/2169 2994/3665/2170
f 1854/2128/2166 1849/2123/2160 2994/3665/2170
f 1847/2121/2157 1855/2130/2168 1856/2131/2171
f 1851/2125/2158 1847/2121/2157 1856/2131/2171
f 1853/2127/2162 1857/2132/2163 1845/2119/2152
f 2994/3666/2170 1862/2137/2172 1853/2127/2162
f 1854/2129/2166 2994/3666/2170 1853/2127/2162
f 1861/2136/2173 1860/2135/2169 1849/2123/2160
f 1851/2125/2158 1861/2136/2173 1849/2123/2160
f 2994/3665/2170 1860/2135/2169 2995/3667/2174
f 2995/3668/2174 1862/2137/2172 2994/3666/2170
f 1863/2138/2175 1865/2140/2176 2995/3667/2174
f 1860/2135/2169 1863/2138/2175 2995/3667/2174
f 1864/2139/2177 1867/2143/2178 1855/2130/2168
f 1859/2134/2167 1864/2139/2177 1855/2130/2168
f 2995/3668/2174 1865/2141/2176 1866/2142/2179
f 1862/2137/2172 2995/3668/2174 1866/2142/2179
f 1868/2144/2180 1857/2132/2163 1853/2127/2162
f 1862/2137/2172 1868/2144/2180 1853/2127/2162
f 1855/2130/2168 1867/2143/2178 1869/2145/2181
f 1856/2131/2171 1855/2130/2168 1869/2145/2181
f 1861/2136/2173 1879/2157/2182 1863/2138/2175
f 1860/2135/2169 1861/2136/2173 1863/2138/2175
f 1870/2146/2183 1861/2136/2173 1851/2125/2158
f 1856/2131/2171 1870/2146/2183 1851/2125/2158
f 1863/2138/2175 1871/2148/2184 1865/2140/2176
f 1865/2141/2176 1871/2147/2184 1866/2142/2179
f 1872/2149/2185 1888/2166/2186 1858/2133/2165
f 1850/2124/2164 1872/2149/2185 1858/2133/2165
f 1866/2142/2179 1886/2164/2187 1868/2144/2180
f 1862/2137/2172 1866/2142/2179 1868/2144/2180
f 1873/2151/2188 1880/2158/2189 1866/2142/2179
f 1871/2147/2184 1873/2151/2188 1866/2142/2179
f 1874/2152/2190 1872/2149/2185 1850/2124/2164
f 1857/2132/2163 1874/2152/2190 1850/2124/2164
f 1875/2153/2191 1877/2155/2192 1867/2143/2178
f 1864/2139/2177 1875/2153/2191 1867/2143/2178
f 1876/2154/2193 1873/2150/2188 1871/2148/2184
f 1863/2138/2175 1876/2154/2193 1871/2148/2184
f 1878/2156/2194 1869/2145/2181 1867/2143/2178
f 1877/2155/2192 1878/2156/2194 1867/2143/2178
f 1873/2150/2188 1876/2154/2193 2996/3669/2195
f 2996/3670/2195 1880/2158/2189 1873/2151/2188
f 1863/2138/2175 1879/2157/2182 1876/2154/2193
f 1881/2159/2196 1882/2160/2197 1877/2155/2192
f 1875/2153/2191 1881/2159/2196 1877/2155/2192
f 1882/2160/2197 1889/2167/2198 1878/2156/2194
f 1877/2155/2192 1882/2160/2197 1878/2156/2194
f 1883/2161/2199 1870/2146/2183 1856/2131/2171
f 1869/2145/2181 1883/2161/2199 1856/2131/2171
f 1884/2162/2200 2997/3671/2201 2996/3669/2195
f 1876/2154/2193 1884/2162/2200 2996/3669/2195
f 2996/3670/2195 2997/3672/2201 1885/2163/2202
f 1880/2158/2189 2996/3670/2195 1885/2163/2202
f 1880/2158/2189 1886/2164/2187 1866/2142/2179
f 1881/2159/2196 1891/2169/2203 1887/2165/2204
f 1882/2160/2197 1881/2159/2196 1887/2165/2204
f 1878/2156/2194 1890/2168/2205 1869/2145/2181
f 1887/2165/2204 1896/2174/2206 1889/2167/2198
f 1882/2160/2197 1887/2165/2204 1889/2167/2198
f 1892/2170/2207 1879/2157/2182 1861/2136/2173
f 1870/2146/2183 1892/2170/2207 1861/2136/2173
f 2997/3671/2201 1884/2162/2200 2998/3673/2208
f 2998/3674/2208 1885/2163/2202 2997/3672/2201
f 1893/2171/2209 1874/2152/2190 1857/2132/2163
f 1868/2144/2180 1893/2171/2209 1857/2132/2163
f 1894/2172/2210 1890/2168/2205 1878/2156/2194
f 1889/2167/2198 1894/2172/2210 1878/2156/2194
f 1895/2173/2211 1884/2162/2200 1876/2154/2193
f 1879/2157/2182 1895/2173/2211 1876/2154/2193
f 1890/2168/2205 1907/2187/2212 1883/2161/2199
f 1869/2145/2181 1890/2168/2205 1883/2161/2199
f 1891/2169/2203 1903/2183/2213 1897/2175/2214
f 1887/2165/2204 1891/2169/2203 1897/2175/2214
f 1898/2176/2215 1901/2180/2216 2998/3673/2208
f 1884/2162/2200 1898/2176/2215 2998/3673/2208
f 2998/3674/2208 1901/2179/2216 1899/2177/2217
f 1885/2163/2202 2998/3674/2208 1899/2177/2217
f 1900/2178/2218 1886/2164/2187 1880/2158/2189
f 1885/2163/2202 1900/2178/2218 1880/2158/2189
f 1894/2172/2210 1889/2167/2198 1896/2174/2206
f 1897/2175/2214 1916/2197/2219 1896/2174/2206
f 1887/2165/2204 1897/2175/2214 1896/2174/2206
f 1902/2182/2220 1899/2177/2217 1901/2179/2216
f 1901/2180/2216 1898/2176/2215 1902/2181/2220
f 1895/2173/2211 1913/2194/2221 1898/2176/2215
f 1884/2162/2200 1895/2173/2211 1898/2176/2215
f 1894/2172/2210 1904/2184/2222 1890/2168/2205
f 1902/2181/2220 1898/2176/2215 1905/2185/2223
f 2999/3675/2224 1902/2181/2220 1905/2185/2223
f 1906/2186/2225 1899/2177/2217 1902/2182/2220
f 2999/3676/2224 1906/2186/2225 1902/2182/2220
f 1899/2177/2217 1922/2204/2226 1900/2178/2218
f 1885/2163/2202 1899/2177/2217 1900/2178/2218
f 1908/2188/2227 1892/2170/2207 1870/2146/2183
f 1883/2161/2199 1908/2188/2227 1870/2146/2183
f 1904/2184/2222 1914/2195/2228 1907/2187/2212
f 1890/2168/2205 1904/2184/2222 1907/2187/2212
f 1909/2190/2229 2999/3675/2224 1905/2185/2223
f 1910/2191/2230 1904/2184/2222 1894/2172/2210
f 1896/2174/2206 1910/2191/2230 1894/2172/2210
f 1909/2189/2229 1906/2186/2225 2999/3676/2224
f 1911/2192/2231 1895/2173/2211 1879/2157/2182
f 1892/2170/2207 1911/2192/2231 1879/2157/2182
f 1912/2193/2232 1893/2171/2209 1868/2144/2180
f 1886/2164/2187 1912/2193/2232 1868/2144/2180
f 3000/3678/2233 1920/2201/2234 1906/2186/2225
f 1909/2189/2229 3000/3678/2233 1906/2186/2225
f 1898/2176/2215 1913/2194/2221 1905/2185/2223
f 1915/2196/2235 3000/3677/2233 1909/2190/2229
f 1905/2185/2223 1915/2196/2235 1909/2190/2229
f 1872/2149/2185 1919/2200/2236 1917/2198/2237
f 1888/2166/2186 1872/2149/2185 1917/2198/2237
f 1914/2195/2228 1904/2184/2222 1910/2191/2230
f 1918/2199/2238 1908/2188/2227 1883/2161/2199
f 1907/2187/2212 1918/2199/2238 1883/2161/2199
f 1903/2183/2213 1926/2208/2239 1943/2226/2240
f 1897/2175/2214 1903/2183/2213 1943/2226/2240
f 1874/2152/2190 1936/2218/2241 1919/2200/2236
f 1872/2149/2185 1874/2152/2190 1919/2200/2236
f 3000/3677/2233 1915/2196/2235 1921/2202/2242
f 1899/2177/2217 1906/2186/2225 1922/2204/2226
f 1916/2197/2219 1910/2191/2230 1896/2174/2206
f 3000/3678/2233 1921/2203/2242 1920/2201/2234
f 1914/2195/2228 1923/2205/2243 1907/2187/2212
f 1921/2202/2242 1915/2196/2235 1924/2206/2244
f 3001/3680/2245 1921/2202/2242 1924/2206/2244
f 1925/2207/2246 1920/2201/2234 1921/2203/2242
f 3001/3679/2245 1925/2207/2246 1921/2203/2242
f 1927/2209/2247 1923/2205/2243 1914/2195/2228
f 1910/2191/2230 1927/2209/2247 1914/2195/2228
f 1923/2205/2243 1933/2215/2248 1918/2199/2238
f 1907/2187/2212 1923/2205/2243 1918/2199/2238
f 1905/2185/2223 1913/2194/2221 1928/2210/2249
f 1915/2196/2235 1905/2185/2223 1928/2210/2249
f 1943/2226/2240 1966/2249/2250 1916/2197/2219
f 1897/2175/2214 1943/2226/2240 1916/2197/2219
f 3002/3681/2251 3003/3684/2252 1925/2207/2246
f 3001/3679/2245 3002/3681/2251 1925/2207/2246
f 1929/2211/2253 1922/2204/2226 1906/2186/2225
f 1920/2201/2234 1929/2211/2253 1906/2186/2225
f 1895/2173/2211 1911/2192/2231 1930/2212/2254
f 1913/2194/2221 1895/2173/2211 1930/2212/2254
f 3004/3686/2255 3002/3682/2251 3001/3680/2245
f 1924/2206/2244 3004/3686/2255 3001/3680/2245
f 1931/2213/2256 1911/2192/2231 1892/2170/2207
f 1908/2188/2227 1931/2213/2256 1892/2170/2207
f 1915/2196/2235 1928/2210/2249 1932/2214/2257
f 1924/2206/2244 1915/2196/2235 1932/2214/2257
f 1927/2209/2247 1942/2225/2258 1933/2215/2248
f 1923/2205/2243 1927/2209/2247 1933/2215/2248
f 1934/2216/2259 1912/2193/2232 1886/2164/2187
f 1900/2178/2218 1934/2216/2259 1886/2164/2187
f 1935/2217/2260 1929/2211/2253 1920/2201/2234
f 1925/2207/2246 1935/2217/2260 1920/2201/2234
f 1893/2171/2209 1961/2244/2261 1936/2218/2241
f 1874/2152/2190 1893/2171/2209 1936/2218/2241
f 1918/2199/2238 1937/2219/2262 1908/2188/2227
f 1924/2206/2244 1932/2214/2257 3005/3688/2263
f 3004/3686/2255 1924/2206/2244 3005/3688/2263
f 1910/2191/2230 1916/2197/2219 1938/2220/2264
f 1927/2209/2247 1910/2191/2230 1938/2220/2264
f 1939/2221/2265 3003/3685/2252 3002/3683/2251
f 3004/3687/2255 1939/2221/2265 3002/3683/2251
f 1933/2215/2248 1940/2222/2266 1918/2199/2238
f 1941/2223/2267 1935/2217/2260 1925/2207/2246
f 3003/3684/2252 1941/2223/2267 1925/2207/2246
f 3005/3689/2263 1950/2233/2268 1939/2221/2265
f 3004/3687/2255 3005/3689/2263 1939/2221/2265
f 1937/2219/2262 1957/2240/2269 1931/2213/2256
f 1908/2188/2227 1937/2219/2262 1931/2213/2256
f 1933/2215/2248 1942/2225/2258 1940/2222/2266
f 1913/2194/2221 1930/2212/2254 1944/2227/2270
f 1928/2210/2249 1913/2194/2221 1944/2227/2270
f 1945/2228/2271 1937/2219/2262 1918/2199/2238
f 1940/2222/2266 1945/2228/2271 1918/2199/2238
f 1939/2221/2265 1953/2236/2272 1941/2224/2267
f 3003/3685/2252 1939/2221/2265 1941/2224/2267
f 1946/2229/2273 1932/2214/2257 1928/2210/2249
f 1935/2217/2260 1947/2230/2274 1929/2211/2253
f 1932/2214/2257 1946/2229/2273 3006/3690/2275
f 3005/3688/2263 1932/2214/2257 3006/3690/2275
f 1941/2223/2267 3007/3692/2276 1947/2230/2274
f 1935/2217/2260 1941/2223/2267 1947/2230/2274
f 1927/2209/2247 1938/2220/2264 1948/2231/2277
f 1942/2225/2258 1927/2209/2247 1948/2231/2277
f 1911/2192/2231 1931/2213/2256 1949/2232/2278
f 1930/2212/2254 1911/2192/2231 1949/2232/2278
f 1929/2211/2253 1951/2234/2279 1922/2204/2226
f 1928/2210/2249 1944/2227/2270 1952/2235/2280
f 1946/2229/2273 1928/2210/2249 1952/2235/2280
f 1954/2237/2281 1934/2216/2259 1900/2178/2218
f 1922/2204/2226 1954/2237/2281 1900/2178/2218
f 1945/2228/2271 1955/2238/2282 1937/2219/2262
f 3006/3691/2275 1950/2233/2268 3005/3689/2263
f 1956/2239/2283 1945/2228/2271 1940/2222/2266
f 1942/2225/2258 1956/2239/2283 1940/2222/2266
f 1947/2230/2274 1962/2245/2284 1951/2234/2279
f 1929/2211/2253 1947/2230/2274 1951/2234/2279
f 1958/2241/2285 1967/2250/2286 1938/2220/2264
f 1916/2197/2219 1958/2241/2285 1938/2220/2264
f 1941/2224/2267 1953/2236/2272 3007/3693/2276
f 1952/2235/2280 3008/3694/2287 3006/3690/2275
f 1946/2229/2273 1952/2235/2280 3006/3690/2275
f 1919/2200/2236 1970/2253/2288 1959/2242/2289
f 1917/2198/2237 1919/2200/2236 1959/2242/2289
f 1926/2208/2239 1964/2247/2290 1960/2243/2291
f 1943/2226/2240 1926/2208/2239 1960/2243/2291
f 1966/2249/2250 2014/2304/2292 1958/2241/2285
f 1916/2197/2219 1966/2249/2250 1958/2241/2285
f 1912/2193/2232 1993/2280/2293 1961/2244/2261
f 1893/2171/2209 1912/2193/2232 1961/2244/2261
f 3007/3692/2276 1974/2257/2294 1962/2245/2284
f 1947/2230/2274 3007/3692/2276 1962/2245/2284
f 1963/2246/2295 1957/2240/2269 1937/2219/2262
f 1955/2238/2282 1963/2246/2295 1937/2219/2262
f 1955/2238/2282 1945/2228/2271 1956/2239/2283
f 1948/2231/2277 1980/2264/2296 1956/2239/2283
f 1942/2225/2258 1948/2231/2277 1956/2239/2283
f 1965/2248/2297 1953/2236/2272 1939/2221/2265
f 1950/2233/2268 1965/2248/2297 1939/2221/2265
f 3009/3696/2298 1997/2284/2299 3057/3791/2300
f 3055/3789/2301 3009/3696/2298 3057/3791/2300
f 1967/2250/2286 1982/2266/2302 1948/2231/2277
f 1938/2220/2264 1967/2250/2286 1948/2231/2277
f 1997/2284/2299 2003/2291/2303 1968/2251/2304
f 3057/3791/2300 1997/2284/2299 1968/2251/2304
f 1969/2252/2305 1949/2232/2278 1931/2213/2256
f 1957/2240/2269 1969/2252/2305 1931/2213/2256
f 1971/2254/2306 1970/2253/2288 1919/2200/2236
f 1936/2218/2241 1971/2254/2306 1919/2200/2236
f 1930/2212/2254 1949/2232/2278 1972/2255/2307
f 1944/2227/2270 1930/2212/2254 1972/2255/2307
f 1973/2256/2308 1952/2235/2280 1944/2227/2270
f 3006/3691/2275 3008/3695/2287 1975/2259/2309
f 1950/2233/2268 3006/3691/2275 1975/2259/2309
f 1956/2239/2283 1987/2273/2310 1963/2246/2295
f 1955/2238/2282 1956/2239/2283 1963/2246/2295
f 1960/2243/2291 1992/2279/2311 1966/2249/2250
f 1943/2226/2240 1960/2243/2291 1966/2249/2250
f 1976/2260/2312 1954/2237/2281 1922/2204/2226
f 1951/2234/2279 1976/2260/2312 1922/2204/2226
f 1973/2256/2308 3010/3698/2313 3008/3694/2287
f 1952/2235/2280 1973/2256/2308 3008/3694/2287
f 1977/2261/2314 2043/2337/2315 1960/2243/2291
f 1964/2247/2290 1977/2261/2314 1960/2243/2291
f 1978/2262/2316 1974/2258/2294 3007/3693/2276
f 1953/2236/2272 1978/2262/2316 3007/3693/2276
f 2004/2292/2317 3009/3697/2298 3055/3789/2301
f 1979/2263/2318 2004/2292/2317 3055/3789/2301
f 2003/2291/2303 2024/2314/2319 1995/2282/2320
f 1968/2251/2304 2003/2291/2303 1995/2282/2320
f 1962/2245/2284 1981/2265/2321 1951/2234/2279
f 1957/2240/2269 1963/2246/2295 1983/2267/2322
f 1944/2227/2270 1972/2255/2307 1984/2268/2323
f 1973/2256/2308 1944/2227/2270 1984/2268/2323
f 1970/2253/2288 1989/2275/2324 1985/2269/2325
f 1959/2242/2289 1970/2253/2288 1985/2269/2325
f 1986/2271/2326 1981/2265/2321 1962/2245/2284
f 1974/2257/2294 1986/2271/2326 1962/2245/2284
f 1982/2266/2302 2009/2298/2327 1980/2264/2296
f 1948/2231/2277 1982/2266/2302 1980/2264/2296
f 3056/3790/2328 2022/2312/2329 2004/2292/2317
f 1979/2263/2318 3056/3790/2328 2004/2292/2317
f 1957/2240/2269 1983/2267/2322 1988/2274/2330
f 1969/2252/2305 1957/2240/2269 1988/2274/2330
f 3008/3695/2287 3010/3699/2313 1975/2259/2309
f 1950/2233/2268 1975/2259/2309 1990/2277/2331
f 1965/2248/2297 1950/2233/2268 1990/2277/2331
f 1949/2232/2278 1969/2252/2305 1991/2278/2332
f 1980/2264/2296 2041/2335/2333 1987/2273/2310
f 1956/2239/2283 1980/2264/2296 1987/2273/2310
f 1971/2254/2306 2008/2296/2334 1989/2275/2324
f 1970/2253/2288 1971/2254/2306 1989/2275/2324
f 1934/2216/2259 2054/2348/2335 1993/2280/2293
f 1912/2193/2232 1934/2216/2259 1993/2280/2293
f 1994/2281/2336 2006/2294/2337 1982/2266/2302
f 1967/2250/2286 1994/2281/2336 1982/2266/2302
f 1989/2276/2324 2005/2293/2338 1996/2283/2339
f 1985/2270/2325 1989/2276/2324 1996/2283/2339
f 1963/2246/2295 1987/2273/2310 1983/2267/2322
f 1981/2265/2321 2011/2301/2340 1976/2260/2312
f 1951/2234/2279 1981/2265/2321 1976/2260/2312
f 1998/2285/2341 1994/2281/2336 1967/2250/2286
f 1958/2241/2285 1998/2285/2341 1967/2250/2286
f 1999/2286/2342 1978/2262/2316 1953/2236/2272
f 1965/2248/2297 1999/2286/2342 1953/2236/2272
f 1991/2278/2332 2039/2333/2343 1972/2255/2307
f 1949/2232/2278 1991/2278/2332 1972/2255/2307
f 1971/2254/2306 1936/2218/2241 2000/2287/2344
f 1986/2272/2326 1974/2258/2294 1978/2262/2316
f 2001/2288/2345 2031/2323/2346 2022/2312/2329
f 3056/3790/2328 2001/2288/2345 2022/2312/2329
f 1973/2256/2308 1984/2268/2323 2002/2289/2347
f 3010/3698/2313 1973/2256/2308 2002/2289/2347
f 1961/2244/2261 2057/2351/2348 2000/2287/2344
f 1936/2218/2241 1961/2244/2261 2000/2287/2344
f 3009/3696/2298 2010/2299/2349 2007/2295/2350
f 1997/2284/2299 3009/3696/2298 2007/2295/2350
f 2004/2292/2317 2015/2305/2351 2010/2300/2349
f 3009/3697/2298 2004/2292/2317 2010/2300/2349
f 2002/2290/2347 2046/2340/2352 1975/2259/2309
f 3010/3699/2313 2002/2290/2347 1975/2259/2309
f 1986/2271/2326 3014/3707/2353 2011/2301/2340
f 1981/2265/2321 1986/2271/2326 2011/2301/2340
f 2024/2314/2319 2074/2368/2354 2012/2302/2355
f 1995/2282/2320 2024/2314/2319 2012/2302/2355
f 1988/2274/2330 2013/2303/2356 1969/2252/2305
f 2006/2294/2337 2037/2331/2357 2009/2298/2327
f 1982/2266/2302 2006/2294/2337 2009/2298/2327
f 2016/2306/2358 2003/2291/2303 1997/2284/2299
f 2007/2295/2350 2016/2306/2358 1997/2284/2299
f 2065/2359/2359 1992/2279/2311 1960/2243/2291
f 2043/2337/2315 2065/2359/2359 1960/2243/2291
f 1989/2276/2324 2008/2297/2334 2017/2307/2360
f 2005/2293/2338 1989/2276/2324 2017/2307/2360
f 1992/2279/2311 2051/2345/2361 2014/2304/2292
f 1966/2249/2250 1992/2279/2311 2014/2304/2292
f 2018/2308/2362 2023/2313/2363 1996/2283/2339
f 2005/2293/2338 2018/2308/2362 1996/2283/2339
f 1969/2252/2305 2013/2303/2356 2019/2309/2364
f 1991/2278/2332 1969/2252/2305 2019/2309/2364
f 2004/2292/2317 2022/2312/2329 2020/2310/2365
f 2015/2305/2351 2004/2292/2317 2020/2310/2365
f 2062/2356/2366 1998/2285/2341 1958/2241/2285
f 2014/2304/2292 2062/2356/2366 1958/2241/2285
f 2021/2311/2367 2028/2320/2368 2006/2294/2337
f 1994/2281/2336 2021/2311/2367 2006/2294/2337
f 2010/2299/2349 3011/3700/2369 3012/3703/2370
f 2007/2295/2350 2010/2299/2349 3012/3703/2370
f 2015/2305/2351 2027/2318/2371 3011/3701/2369
f 2010/2300/2349 2015/2305/2351 3011/3701/2369
f 2025/2315/2372 2027/2318/2371 2015/2305/2351
f 2020/2310/2365 2025/2315/2372 2015/2305/2351
f 2026/2317/2373 2021/2311/2367 1994/2281/2336
f 1998/2285/2341 2026/2317/2373 1994/2281/2336
f 2029/2321/2374 1988/2274/2330 1983/2267/2322
f 1987/2273/2310 2029/2321/2374 1983/2267/2322
f 2030/2322/2375 1984/2268/2323 1972/2255/2307
f 2031/2323/2346 2033/2325/2376 2020/2310/2365
f 2022/2312/2329 2031/2323/2346 2020/2310/2365
f 2007/2295/2350 3012/3703/2370 3013/3705/2377
f 2016/2306/2358 2007/2295/2350 3013/3705/2377
f 2034/2326/2378 2037/2331/2357 2006/2294/2337
f 2028/2320/2368 2034/2326/2378 2006/2294/2337
f 2035/2327/2379 2025/2315/2372 2020/2310/2365
f 2033/2325/2376 2035/2327/2379 2020/2310/2365
f 3012/3704/2370 3011/3702/2369 2028/2320/2368
f 2021/2311/2367 3012/3704/2370 2028/2320/2368
f 1971/2254/2306 2000/2287/2344 2036/2329/2380
f 2008/2296/2334 1971/2254/2306 2036/2329/2380
f 2027/2319/2371 2034/2326/2378 2028/2320/2368
f 3011/3702/2369 2027/2319/2371 2028/2320/2368
f 2017/2307/2360 2061/2355/2381 2018/2308/2362
f 2005/2293/2338 2017/2307/2360 2018/2308/2362
f 2038/2332/2382 2034/2326/2378 2027/2319/2371
f 2025/2316/2372 2038/2332/2382 2027/2319/2371
f 2021/2311/2367 2026/2317/2373 3013/3706/2377
f 3012/3704/2370 2021/2311/2367 3013/3706/2377
f 2040/2334/2383 2024/2314/2319 2003/2291/2303
f 2016/2306/2358 2040/2334/2383 2003/2291/2303
f 2011/2301/2340 2042/2336/2384 1976/2260/2312
f 2025/2316/2372 2035/2328/2379 2044/2338/2385
f 2038/2332/2382 2025/2316/2372 2044/2338/2385
f 3014/3707/2353 3016/3711/2386 2042/2336/2384
f 2011/2301/2340 3014/3707/2353 2042/2336/2384
f 1984/2268/2323 2030/2322/2375 3017/3713/2387
f 2002/2289/2347 1984/2268/2323 3017/3713/2387
f 2045/2339/2388 3014/3708/2353 1986/2272/2326
f 1978/2262/2316 2045/2339/2388 1986/2272/2326
f 2009/2298/2327 2048/2342/2389 2041/2335/2333
f 1980/2264/2296 2009/2298/2327 2041/2335/2333
f 1998/2285/2341 2062/2356/2366 2069/2363/2390
f 2026/2317/2373 1998/2285/2341 2069/2363/2390
f 2029/2321/2374 2013/2303/2356 1988/2274/2330
f 2047/2341/2391 2037/2331/2357 2034/2326/2378
f 2038/2332/2382 2047/2341/2391 2034/2326/2378
f 2036/2330/2380 2063/2357/2392 2017/2307/2360
f 2008/2297/2334 2036/2330/2380 2017/2307/2360
f 2039/2333/2343 2068/2362/2393 2030/2322/2375
f 1972/2255/2307 2039/2333/2343 2030/2322/2375
f 2046/2340/2352 2076/2370/2394 1990/2277/2331
f 1975/2259/2309 2046/2340/2352 1990/2277/2331
f 3015/3709/2395 2040/2334/2383 2016/2306/2358
f 3013/3705/2377 3015/3709/2395 2016/2306/2358
f 2037/2331/2357 2047/2341/2391 2048/2342/2389
f 2009/2298/2327 2037/2331/2357 2048/2342/2389
f 2026/2317/2373 2069/2363/2390 3015/3710/2395
f 3013/3706/2377 2026/2317/2373 3015/3710/2395
f 2074/2368/2354 2117/2413/2396 2067/2361/2397
f 2012/2302/2355 2074/2368/2354 2067/2361/2397
f 2019/2309/2364 2049/2343/2398 1991/2278/2332
f 2050/2344/2399 2060/2354/2400 2023/2313/2363
f 2018/2308/2362 2050/2344/2399 2023/2313/2363
f 1976/2260/2312 2052/2346/2401 1954/2237/2281
f 2053/2347/2402 2047/2341/2391 2038/2332/2382
f 2044/2338/2385 2053/2347/2402 2038/2332/2382
f 1954/2237/2281 2103/2398/2403 2054/2348/2335
f 1934/2216/2259 1954/2237/2281 2054/2348/2335
f 2049/2343/2398 2072/2366/2404 2039/2333/2343
f 1991/2278/2332 2049/2343/2398 2039/2333/2343
f 2055/2349/2405 1999/2286/2342 1965/2248/2297
f 1990/2277/2331 2055/2349/2405 1965/2248/2297
f 2056/2350/2406 3018/3715/2407 2035/2327/2379
f 2033/2325/2376 2056/2350/2406 2035/2327/2379
f 2029/2321/2374 1987/2273/2310 2041/2335/2333
f 2058/2352/2408 2056/2350/2406 2033/2325/2376
f 2031/2323/2346 2058/2352/2408 2033/2325/2376
f 2059/2353/2409 2052/2346/2401 1976/2260/2312
f 2042/2336/2384 2059/2353/2409 1976/2260/2312
f 2045/2339/2388 3016/3712/2386 3014/3708/2353
f 2002/2290/2347 3017/3714/2387 2046/2340/2352
f 3018/3716/2407 2083/2377/2410 2044/2338/2385
f 2035/2328/2379 3018/3716/2407 2044/2338/2385
f 2013/2303/2356 2029/2321/2374 2064/2358/2411
f 2019/2309/2364 2013/2303/2356 2064/2358/2411
f 2001/2288/2345 2032/2324/2412 2058/2352/2408
f 2031/2323/2346 2001/2288/2345 2058/2352/2408
f 2000/2287/2344 3019/3717/2413 2036/2329/2380
f 2066/2360/2414 2088/2383/2415 2043/2337/2315
f 1977/2261/2314 2066/2360/2414 2043/2337/2315
f 3020/3719/2416 2059/2353/2409 2042/2336/2384
f 3016/3711/2386 3020/3719/2416 2042/2336/2384
f 2051/2345/2361 2080/2374/2417 2062/2356/2366
f 2014/2304/2292 2051/2345/2361 2062/2356/2366
f 2097/2392/2418 2051/2345/2361 1992/2279/2311
f 2065/2359/2359 2097/2392/2418 1992/2279/2311
f 3053/3787/2419 2100/2395/2420 2058/2352/2408
f 2032/2324/2412 3053/3787/2419 2058/2352/2408
f 2017/2307/2360 2063/2357/2392 2061/2355/2381
f 2047/2341/2391 2053/2347/2402 2070/2364/2421
f 2048/2342/2389 2047/2341/2391 2070/2364/2421
f 2071/2365/2422 2045/2339/2388 1978/2262/2316
f 1999/2286/2342 2071/2365/2422 1978/2262/2316
f 2064/2358/2411 2049/2343/2398 2019/2309/2364
f 2073/2367/2423 2057/2351/2348 1961/2244/2261
f 1993/2280/2293 2073/2367/2423 1961/2244/2261
f 2063/2357/2392 2036/2330/2380 3019/3718/2413
f 2030/2322/2375 2068/2362/2393 3021/3721/2424
f 3017/3713/2387 2030/2322/2375 3021/3721/2424
f 2045/2339/2388 2090/2385/2425 3020/3720/2416
f 3016/3712/2386 2045/2339/2388 3020/3720/2416
f 2000/2287/2344 2057/2351/2348 3022/3723/2426
f 3019/3717/2413 2000/2287/2344 3022/3723/2426
f 2044/2338/2385 2083/2377/2410 2075/2369/2427
f 2053/2347/2402 2044/2338/2385 2075/2369/2427
f 2052/2346/2401 2077/2371/2428 1954/2237/2281
f 2050/2344/2399 2096/2391/2429 2078/2372/2430
f 2060/2354/2400 2050/2344/2399 2078/2372/2430
f 2079/2373/2431 2095/2390/2432 2068/2362/2393
f 2039/2333/2343 2079/2373/2431 2068/2362/2393
f 2079/2373/2431 2039/2333/2343 2072/2366/2404
f 2081/2375/2433 2074/2368/2354 2024/2314/2319
f 2040/2334/2383 2081/2375/2433 2024/2314/2319
f 2018/2308/2362 2061/2355/2381 2082/2376/2434
f 2050/2344/2399 2018/2308/2362 2082/2376/2434
f 3017/3714/2387 3021/3722/2424 2084/2378/2435
f 2046/2340/2352 3017/3714/2387 2084/2378/2435
f 2062/2356/2366 2080/2374/2417 2085/2379/2436
f 2069/2363/2390 2062/2356/2366 2085/2379/2436
f 2076/2370/2394 2121/2417/2437 2055/2349/2405
f 1990/2277/2331 2076/2370/2394 2055/2349/2405
f 2049/2343/2398 2064/2358/2411 2086/2380/2438
f 2072/2366/2404 2049/2343/2398 2086/2380/2438
f 2087/2381/2439 2081/2375/2433 2040/2334/2383
f 3015/3709/2395 2087/2381/2439 2040/2334/2383
f 2089/2384/2440 2077/2371/2428 2052/2346/2401
f 2059/2353/2409 2089/2384/2440 2052/2346/2401
f 2069/2363/2390 2085/2379/2436 2087/2382/2439
f 3015/3710/2395 2069/2363/2390 2087/2382/2439
f 3019/3718/2413 3022/3724/2426 2091/2386/2441
f 2063/2357/2392 3019/3718/2413 2091/2386/2441
f 2117/2413/2396 2149/2450/2442 2092/2387/2443
f 2067/2361/2397 2117/2413/2396 2092/2387/2443
f 2048/2342/2389 2070/2364/2421 2093/2388/2444
f 2041/2335/2333 2048/2342/2389 2093/2388/2444
f 2051/2345/2361 2097/2392/2418 2112/2408/2445
f 2080/2374/2417 2051/2345/2361 2112/2408/2445
f 2094/2389/2446 2064/2358/2411 2029/2321/2374
f 2041/2335/2333 2094/2389/2446 2029/2321/2374
f 3020/3719/2416 3023/3725/2447 2089/2384/2440
f 2059/2353/2409 3020/3719/2416 2089/2384/2440
f 2057/2351/2348 3024/3727/2448 3022/3723/2426
f 2081/2375/2433 2128/2425/2449 2117/2413/2396
f 2074/2368/2354 2081/2375/2433 2117/2413/2396
f 2079/2373/2431 2072/2366/2404 2086/2380/2438
f 2068/2362/2393 2095/2390/2432 2098/2393/2450
f 3021/3721/2424 2068/2362/2393 2098/2393/2450
f 2053/2347/2402 2075/2369/2427 2099/2394/2451
f 2070/2364/2421 2053/2347/2402 2099/2394/2451
f 2084/2378/2435 2123/2420/2452 2076/2370/2394
f 2046/2340/2352 2084/2378/2435 2076/2370/2394
f 2100/2395/2420 2101/2396/2453 2056/2350/2406
f 2058/2352/2408 2100/2395/2420 2056/2350/2406
f 2101/2396/2453 3025/3729/2454 3018/3715/2407
f 2056/2350/2406 2101/2396/2453 3018/3715/2407
f 2071/2365/2422 2125/2422/2455 2090/2385/2425
f 2045/2339/2388 2071/2365/2422 2090/2385/2425
f 2112/2408/2445 2106/2401/2456 2085/2379/2436
f 2080/2374/2417 2112/2408/2445 2085/2379/2436
f 2063/2357/2392 2091/2386/2441 2102/2397/2457
f 2061/2355/2381 2063/2357/2392 2102/2397/2457
f 2073/2367/2423 3026/3731/2458 3024/3727/2448
f 2057/2351/2348 2073/2367/2423 3024/3727/2448
f 2077/2371/2428 2143/2443/2459 2103/2398/2403
f 1954/2237/2281 2077/2371/2428 2103/2398/2403
f 3054/3788/2460 2129/2426/2461 2100/2395/2420
f 3053/3787/2419 3054/3788/2460 2100/2395/2420
f 2087/2381/2439 2111/2406/2462 2128/2425/2449
f 2081/2375/2433 2087/2381/2439 2128/2425/2449
f 2090/2385/2425 2124/2421/2463 3023/3726/2447
f 3020/3720/2416 2090/2385/2425 3023/3726/2447
f 2096/2391/2429 2118/2414/2464 2104/2399/2465
f 2078/2372/2430 2096/2391/2429 2104/2399/2465
f 3024/3728/2448 2091/2386/2441 3022/3724/2426
f 3025/3730/2454 2120/2416/2466 2083/2377/2410
f 3018/3716/2407 3025/3730/2454 2083/2377/2410
f 2105/2400/2467 2130/2427/2468 2088/2383/2415
f 2066/2360/2414 2105/2400/2467 2088/2383/2415
f 2106/2401/2456 2111/2407/2462 2087/2382/2439
f 2085/2379/2436 2106/2401/2456 2087/2382/2439
f 2043/2337/2315 2088/2383/2415 2107/2402/2469
f 2065/2359/2359 2043/2337/2315 2107/2402/2469
f 2108/2403/2470 2071/2365/2422 1999/2286/2342
f 2055/2349/2405 2108/2403/2470 1999/2286/2342
f 2054/2348/2335 2148/2449/2471 2109/2404/2472
f 1993/2280/2293 2054/2348/2335 2109/2404/2472
f 1993/2280/2293 2109/2404/2472 2073/2367/2423
f 2079/2373/2431 2086/2380/2438 2110/2405/2473
f 2095/2390/2432 2079/2373/2431 2110/2405/2473
f 2086/2380/2438 2064/2358/2411 2094/2389/2446
f 2083/2377/2410 2120/2416/2466 2113/2409/2474
f 2075/2369/2427 2083/2377/2410 2113/2409/2474
f 2050/2344/2399 2082/2376/2434 2114/2410/2475
f 2096/2391/2429 2050/2344/2399 2114/2410/2475
f 2115/2411/2476 2084/2378/2435 3021/3722/2424
f 2098/2393/2450 2115/2411/2476 3021/3722/2424
f 2089/2384/2440 2116/2412/2477 2077/2371/2428
f 2110/2405/2473 2115/2411/2476 2098/2393/2450
f 2095/2390/2432 2110/2405/2473 2098/2393/2450
f 2118/2414/2464 2137/2436/2478 2119/2415/2479
f 2104/2399/2465 2118/2414/2464 2119/2415/2479
f 2122/2418/2480 2116/2412/2477 2089/2384/2440
f 3023/3725/2447 2122/2418/2480 2089/2384/2440
f 3024/3728/2448 3026/3732/2458 2126/2423/2481
f 2091/2386/2441 3024/3728/2448 2126/2423/2481
f 2061/2355/2381 2102/2397/2457 2127/2424/2482
f 2082/2376/2434 2061/2355/2381 2127/2424/2482
f 2129/2426/2461 2138/2437/2483 2101/2396/2453
f 2100/2395/2420 2129/2426/2461 2101/2396/2453
f 2149/2450/2442 2200/2504/2484 3058/3792/2485
f 2092/2387/2443 2149/2450/2442 3058/3792/2485
f 2119/2415/2479 2137/2436/2478 2130/2427/2468
f 2105/2400/2467 2119/2415/2479 2130/2427/2468
f 2073/2367/2423 2131/2428/2486 3026/3731/2458
f 2065/2359/2359 2107/2402/2469 2132/2430/2487
f 2097/2392/2418 2065/2359/2359 2132/2430/2487
f 2133/2431/2488 2143/2443/2459 2077/2371/2428
f 2116/2412/2477 2133/2431/2488 2077/2371/2428
f 2134/2432/2489 2094/2389/2446 2041/2335/2333
f 2093/2388/2444 2134/2432/2489 2041/2335/2333
f 3023/3726/2447 2124/2421/2463 2122/2419/2480
f 2101/2396/2453 2138/2437/2483 2135/2433/2490
f 3025/3729/2454 2101/2396/2453 2135/2433/2490
f 2070/2364/2421 2099/2394/2451 2136/2435/2491
f 2093/2388/2444 2070/2364/2421 2136/2435/2491
f 2139/2438/2492 2123/2420/2452 2084/2378/2435
f 2115/2411/2476 2139/2438/2492 2084/2378/2435
f 2123/2420/2452 2177/2480/2493 2121/2417/2437
f 2076/2370/2394 2123/2420/2452 2121/2417/2437
f 2096/2391/2429 2114/2410/2475 2140/2439/2494
f 2118/2414/2464 2096/2391/2429 2140/2439/2494
f 2126/2423/2481 2166/2468/2495 2102/2397/2457
f 2091/2386/2441 2126/2423/2481 2102/2397/2457
f 2086/2380/2438 2094/2389/2446 2141/2440/2496
f 2110/2405/2473 2086/2380/2438 2141/2440/2496
f 2142/2441/2497 2131/2428/2486 2073/2367/2423
f 2109/2404/2472 2142/2441/2497 2073/2367/2423
f 3060/3794/2498 2162/2464/2499 2129/2426/2461
f 3054/3788/2460 3060/3794/2498 2129/2426/2461
f 2144/2444/2500 2133/2431/2488 2116/2412/2477
f 2122/2418/2480 2144/2444/2500 2116/2412/2477
f 3025/3730/2454 2135/2434/2490 2145/2446/2501
f 2120/2416/2466 3025/3730/2454 2145/2446/2501
f 3026/3732/2458 2131/2429/2486 2126/2423/2481
f 3027/3733/2502 2154/2455/2503 2146/2447/2504
f 3051/3783/2505 3027/3733/2502 2146/2447/2504
f 2132/2430/2487 2157/2459/2506 2112/2408/2445
f 2097/2392/2418 2132/2430/2487 2112/2408/2445
f 2090/2385/2425 2125/2422/2455 2147/2448/2507
f 2124/2421/2463 2090/2385/2425 2147/2448/2507
f 2145/2446/2501 2156/2458/2508 2113/2409/2474
f 2120/2416/2466 2145/2446/2501 2113/2409/2474
f 2124/2421/2463 2167/2469/2509 2144/2445/2500
f 2122/2419/2480 2124/2421/2463 2144/2445/2500
f 2141/2440/2496 2139/2438/2492 2115/2411/2476
f 2110/2405/2473 2141/2440/2496 2115/2411/2476
f 2140/2439/2494 2161/2463/2510 2137/2436/2478
f 2118/2414/2464 2140/2439/2494 2137/2436/2478
f 2127/2424/2482 2186/2489/2511 2114/2410/2475
f 2082/2376/2434 2127/2424/2482 2114/2410/2475
f 2128/2425/2449 2164/2466/2512 2149/2450/2442
f 2117/2413/2396 2128/2425/2449 2149/2450/2442
f 2150/2451/2513 2107/2402/2469 2088/2383/2415
f 2130/2427/2468 2150/2451/2513 2088/2383/2415
f 2071/2365/2422 2108/2403/2470 2151/2452/2514
f 2125/2422/2455 2071/2365/2422 2151/2452/2514
f 2146/2447/2504 2155/2457/2515 2152/2453/2516
f 2153/2454/2517 2146/2447/2504 2152/2453/2516
f 2154/2455/2503 3029/3738/2518 2155/2457/2515
f 2146/2447/2504 2154/2455/2503 2155/2457/2515
f 2157/2459/2506 2172/2474/2519 2106/2401/2456
f 2112/2408/2445 2157/2459/2506 2106/2401/2456
f 2158/2460/2520 2108/2403/2470 2055/2349/2405
f 2121/2417/2437 2158/2460/2520 2055/2349/2405
f 2159/2461/2521 2148/2449/2471 2054/2348/2335
f 2103/2398/2403 2159/2461/2521 2054/2348/2335
f 2154/2456/2503 3027/3734/2502 3052/3785/2522
f 2160/2462/2523 2154/2456/2503 3052/3785/2522
f 2161/2463/2510 2150/2451/2513 2130/2427/2468
f 2137/2436/2478 2161/2463/2510 2130/2427/2468
f 2162/2464/2499 2179/2482/2524 2138/2437/2483
f 2129/2426/2461 2162/2464/2499 2138/2437/2483
f 2144/2444/2500 2174/2476/2525 2163/2465/2526
f 2133/2431/2488 2144/2444/2500 2163/2465/2526
f 2133/2431/2488 2163/2465/2526 2143/2443/2459
f 3030/3740/2527 2142/2441/2497 2109/2404/2472
f 2111/2406/2462 3028/3736/2528 2164/2466/2512
f 2128/2425/2449 2111/2406/2462 2164/2466/2512
f 2131/2429/2486 2142/2442/2497 2165/2467/2529
f 2126/2423/2481 2131/2429/2486 2165/2467/2529
f 2153/2454/2517 2152/2453/2516 2169/2471/2530
f 2168/2470/2531 2153/2454/2517 2169/2471/2530
f 2123/2420/2452 2139/2438/2492 2170/2472/2532
f 2094/2389/2446 2171/2473/2533 2141/2440/2496
f 2148/2449/2471 2192/2495/2534 3030/3740/2527
f 2109/2404/2472 2148/2449/2471 3030/3740/2527
f 2172/2474/2519 3028/3737/2528 2111/2407/2462
f 2106/2401/2456 2172/2474/2519 2111/2407/2462
f 2138/2437/2483 2179/2482/2524 3031/3742/2535
f 2135/2433/2490 2138/2437/2483 3031/3742/2535
f 2173/2475/2536 3029/3739/2518 2154/2456/2503
f 2160/2462/2523 2173/2475/2536 2154/2456/2503
f 2175/2478/2537 2140/2439/2494 2114/2410/2475
f 2200/2504/2484 3034/3748/2538 2176/2479/2539
f 3058/3792/2485 2200/2504/2484 2176/2479/2539
f 2147/2448/2507 2209/2513/2540 2167/2469/2509
f 2124/2421/2463 2147/2448/2507 2167/2469/2509
f 2171/2473/2533 2170/2472/2532 2139/2438/2492
f 2141/2440/2496 2171/2473/2533 2139/2438/2492
f 2134/2432/2489 2212/2516/2541 2171/2473/2533
f 2094/2389/2446 2134/2432/2489 2171/2473/2533
f 2195/2499/2542 2372/2692/2543 3036/3752/2544
f 2178/2481/2545 2195/2499/2542 3036/3752/2544
f 2142/2442/2497 3030/3741/2527 2165/2467/2529
f 2151/2452/2514 2211/2515/2546 2147/2448/2507
f 2125/2422/2455 2151/2452/2514 2147/2448/2507
f 2143/2443/2459 2180/2483/2547 2103/2398/2403
f 2135/2434/2490 3031/3743/2535 2182/2485/2548
f 2145/2446/2501 2135/2434/2490 2182/2485/2548
f 2174/2477/2525 2144/2445/2500 2167/2469/2509
f 2183/2486/2549 2197/2501/2550 2152/2453/2516
f 2155/2457/2515 2183/2486/2549 2152/2453/2516
f 2165/2467/2529 2166/2468/2495 2126/2423/2481
f 3029/3738/2518 3033/3746/2551 2183/2486/2549
f 2155/2457/2515 3029/3738/2518 2183/2486/2549
f 2168/2470/2531 2169/2471/2530 2184/2487/2552
f 2178/2481/2545 2168/2470/2531 2184/2487/2552
f 2185/2488/2553 2180/2483/2547 2143/2443/2459
f 2163/2465/2526 2185/2488/2553 2143/2443/2459
f 2182/2485/2548 2201/2505/2554 2156/2458/2508
f 2145/2446/2501 2182/2485/2548 2156/2458/2508
f 2187/2490/2555 2173/2475/2536 2160/2462/2523
f 2188/2491/2556 2187/2490/2555 2160/2462/2523
f 2102/2397/2457 2166/2468/2495 2189/2492/2557
f 2127/2424/2482 2102/2397/2457 2189/2492/2557
f 2170/2472/2532 2215/2519/2558 2177/2480/2493
f 2123/2420/2452 2170/2472/2532 2177/2480/2493
f 2190/2493/2559 2196/2500/2560 2132/2430/2487
f 2107/2402/2469 2190/2493/2559 2132/2430/2487
f 2140/2439/2494 2175/2478/2537 2191/2494/2561
f 2161/2463/2510 2140/2439/2494 2191/2494/2561
f 2193/2497/2562 2208/2512/2563 2162/2464/2499
f 3060/3794/2498 2193/2497/2562 2162/2464/2499
f 2194/2498/2564 2134/2432/2489 2093/2388/2444
f 2136/2435/2491 2194/2498/2564 2093/2388/2444
f 2184/2487/2552 2198/2502/2565 2195/2499/2542
f 2178/2481/2545 2184/2487/2552 2195/2499/2542
f 2196/2500/2560 2210/2514/2566 2157/2459/2506
f 2132/2430/2487 2196/2500/2560 2157/2459/2506
f 2198/2502/2565 2187/2490/2555 2188/2491/2556
f 2195/2499/2542 2198/2502/2565 2188/2491/2556
f 2186/2489/2511 2225/2529/2567 2175/2478/2537
f 2114/2410/2475 2186/2489/2511 2175/2478/2537
f 2152/2453/2516 2197/2501/2550 2199/2503/2568
f 2169/2471/2530 2152/2453/2516 2199/2503/2568
f 3032/3744/2569 2185/2488/2553 2163/2465/2526
f 2174/2476/2525 3032/3744/2569 2163/2465/2526
f 2164/2466/2512 2213/2517/2570 2200/2504/2484
f 2149/2450/2442 2164/2466/2512 2200/2504/2484
f 2177/2480/2493 2237/2544/2571 2158/2460/2520
f 2121/2417/2437 2177/2480/2493 2158/2460/2520
f 2201/2505/2554 2223/2527/2572 2202/2506/2573
f 2156/2458/2508 2201/2505/2554 2202/2506/2573
f 2203/2507/2574 2107/2402/2469 2150/2451/2513
f 2161/2463/2510 2191/2494/2561 2150/2451/2513
f 3030/3741/2527 2192/2496/2534 2204/2508/2575
f 2165/2467/2529 3030/3741/2527 2204/2508/2575
f 2205/2509/2576 2159/2461/2521 2103/2398/2403
f 2192/2495/2534 2148/2449/2471 3035/3750/2577
f 2167/2469/2509 2224/2528/2578 3032/3745/2569
f 2174/2477/2525 2167/2469/2509 3032/3745/2569
f 2206/2510/2579 3033/3747/2551 3029/3739/2518
f 2173/2475/2536 2206/2510/2579 3029/3739/2518
f 2199/2503/2568 2220/2524/2580 2184/2487/2552
f 2169/2471/2530 2199/2503/2568 2184/2487/2552
f 2180/2483/2547 2240/2548/2581 2205/2509/2576
f 2103/2398/2403 2180/2483/2547 2205/2509/2576
f 2108/2403/2470 2158/2460/2520 2207/2511/2582
f 2151/2452/2514 2108/2403/2470 2207/2511/2582
f 3037/3754/2583 3035/3750/2577 2148/2449/2471
f 2159/2461/2521 3037/3754/2583 2148/2449/2471
f 2210/2514/2566 2219/2523/2584 2172/2474/2519
f 2157/2459/2506 2210/2514/2566 2172/2474/2519
f 2212/2516/2541 2215/2519/2558 2170/2472/2532
f 2171/2473/2533 2212/2516/2541 2170/2472/2532
f 3028/3736/2528 2229/2533/2585 2213/2517/2570
f 2164/2466/2512 3028/3736/2528 2213/2517/2570
f 2203/2507/2574 2246/2554/2586 2190/2493/2559
f 2107/2402/2469 2203/2507/2574 2190/2493/2559
f 2162/2464/2499 2208/2512/2563 2214/2518/2587
f 2179/2482/2524 2162/2464/2499 2214/2518/2587
f 3034/3749/2538 2238/2545/2588 3059/3793/2589
f 2176/2479/2539 3034/3749/2538 3059/3793/2589
f 2187/2490/2555 2234/2541/2590 2206/2510/2579
f 2173/2475/2536 2187/2490/2555 2206/2510/2579
f 3059/3793/2589 2238/2545/2588 2208/2512/2563
f 2193/2497/2562 3059/3793/2589 2208/2512/2563
f 2192/2496/2534 3035/3751/2577 2204/2508/2575
f 2216/2520/2591 2221/2525/2592 2197/2501/2550
f 2183/2486/2549 2216/2520/2591 2197/2501/2550
f 2165/2467/2529 2204/2508/2575 2217/2521/2593
f 2166/2468/2495 2165/2467/2529 2217/2521/2593
f 2214/2518/2587 2232/2538/2594 3031/3742/2535
f 2179/2482/2524 2214/2518/2587 3031/3742/2535
f 2191/2494/2561 2222/2526/2595 2203/2507/2574
f 2150/2451/2513 2191/2494/2561 2203/2507/2574
f 2181/2484/2596 2258/2568/2597 2194/2498/2564
f 2136/2435/2491 2181/2484/2596 2194/2498/2564
f 2184/2487/2552 2220/2524/2580 2218/2522/2598
f 2198/2502/2565 2184/2487/2552 2218/2522/2598
f 2219/2523/2584 2229/2534/2585 3028/3737/2528
f 2172/2474/2519 2219/2523/2584 3028/3737/2528
f 2221/2525/2592 2241/2549/2599 2199/2503/2568
f 2197/2501/2550 2221/2525/2592 2199/2503/2568
f 2222/2526/2595 2191/2494/2561 2175/2478/2537
f 2218/2522/2598 2234/2541/2590 2187/2490/2555
f 2198/2502/2565 2218/2522/2598 2187/2490/2555
f 3038/3756/2600 2216/2520/2591 2183/2486/2549
f 3033/3746/2551 3038/3756/2600 2183/2486/2549
f 2211/2515/2546 2265/2575/2601 2209/2513/2540
f 2147/2448/2507 2211/2515/2546 2209/2513/2540
f 2226/2530/2602 2212/2516/2541 2134/2432/2489
f 3039/3758/2603 3037/3754/2583 2159/2461/2521
f 2213/2517/2570 2239/2546/2604 3034/3748/2538
f 2200/2504/2484 2213/2517/2570 3034/3748/2538
f 2185/2488/2553 2227/2531/2605 2180/2483/2547
f 2373/2694/2606 3036/3753/2544 2372/2693/2543
f 2374/2695/2607 2373/2694/2606 2372/2693/2543
f 2205/2509/2576 3041/3763/2608 3039/3758/2603
f 2159/2461/2521 2205/2509/2576 3039/3758/2603
f 2127/2424/2482 2189/2492/2557 2230/2535/2609
f 2186/2489/2511 2127/2424/2482 2230/2535/2609
f 2231/2536/2610 2227/2531/2605 2185/2488/2553
f 3032/3744/2569 2231/2536/2610 2185/2488/2553
f 2232/2539/2594 2236/2543/2611 2182/2485/2548
f 3031/3743/2535 2232/2539/2594 2182/2485/2548
f 2215/2519/2558 2233/2540/2612 2177/2480/2493
f 2209/2513/2540 2273/2584/2613 2224/2528/2578
f 2167/2469/2509 2209/2513/2540 2224/2528/2578
f 2194/2498/2564 2264/2574/2614 2226/2530/2602
f 2134/2432/2489 2194/2498/2564 2226/2530/2602
f 2225/2529/2567 2244/2552/2615 2222/2526/2595
f 2175/2478/2537 2225/2529/2567 2222/2526/2595
f 2207/2511/2582 2270/2581/2616 2211/2515/2546
f 2151/2452/2514 2207/2511/2582 2211/2515/2546
f 3035/3751/2577 3037/3755/2583 2235/2542/2617
f 2204/2508/2575 3035/3751/2577 2235/2542/2617
f 2206/2510/2579 2255/2564/2618 3038/3757/2600
f 3033/3747/2551 2206/2510/2579 3038/3757/2600
f 2236/2543/2611 2245/2553/2619 2201/2505/2554
f 2182/2485/2548 2236/2543/2611 2201/2505/2554
f 2223/2527/2572 2280/2592/2620 2228/2532/2621
f 2202/2506/2573 2223/2527/2572 2228/2532/2621
f 2212/2516/2541 2226/2530/2602 2233/2540/2612
f 2215/2519/2558 2212/2516/2541 2233/2540/2612
f 2241/2549/2599 2256/2565/2622 2220/2524/2580
f 2199/2503/2568 2241/2549/2599 2220/2524/2580
f 2227/2531/2605 2251/2559/2623 2240/2548/2581
f 2180/2483/2547 2227/2531/2605 2240/2548/2581
f 2242/2550/2624 2250/2558/2625 2210/2514/2566
f 2196/2500/2560 2242/2550/2624 2210/2514/2566
f 2243/2551/2626 2242/2550/2624 2196/2500/2560
f 2190/2493/2559 2243/2551/2626 2196/2500/2560
f 2229/2533/2585 3040/3760/2627 2239/2546/2604
f 2213/2517/2570 2229/2533/2585 2239/2546/2604
f 2222/2526/2595 2244/2552/2615 2203/2507/2574
f 2238/2545/2588 2248/2556/2628 2214/2518/2587
f 2208/2512/2563 2238/2545/2588 2214/2518/2587
f 3037/3755/2583 3039/3759/2603 2235/2542/2617
f 2224/2528/2578 2231/2537/2610 3032/3745/2569
f 2239/2547/2604 2248/2556/2628 2238/2545/2588
f 3034/3749/2538 2239/2547/2604 2238/2545/2588
f 2245/2553/2619 2269/2580/2629 2223/2527/2572
f 2201/2505/2554 2245/2553/2619 2223/2527/2572
f 2233/2540/2612 2279/2591/2630 2237/2544/2571
f 2177/2480/2493 2233/2540/2612 2237/2544/2571
f 2235/2542/2617 2277/2589/2631 2217/2521/2593
f 2204/2508/2575 2235/2542/2617 2217/2521/2593
f 2247/2555/2632 2252/2560/2633 2221/2525/2592
f 2216/2520/2591 2247/2555/2632 2221/2525/2592
f 2166/2468/2495 2217/2521/2593 2249/2557/2634
f 2189/2492/2557 2166/2468/2495 2249/2557/2634
f 2250/2558/2625 2254/2563/2635 2219/2523/2584
f 2210/2514/2566 2250/2558/2625 2219/2523/2584
f 2231/2536/2610 2267/2577/2636 2251/2559/2623
f 2227/2531/2605 2231/2536/2610 2251/2559/2623
f 2252/2560/2633 2266/2576/2637 2241/2549/2599
f 2221/2525/2592 2252/2560/2633 2241/2549/2599
f 2244/2552/2615 2261/2571/2638 2246/2554/2586
f 2203/2507/2574 2244/2552/2615 2246/2554/2586
f 2253/2561/2639 3041/3763/2608 2205/2509/2576
f 2248/2556/2628 3042/3765/2640 2232/2538/2594
f 2214/2518/2587 2248/2556/2628 2232/2538/2594
f 3040/3761/2627 3042/3765/2640 2248/2556/2628
f 2239/2547/2604 3040/3761/2627 2248/2556/2628
f 2254/2563/2635 3040/3762/2627 2229/2534/2585
f 2219/2523/2584 2254/2563/2635 2229/2534/2585
f 2234/2541/2590 2268/2579/2641 2255/2564/2618
f 2206/2510/2579 2234/2541/2590 2255/2564/2618
f 2257/2566/2642 2253/2561/2639 2205/2509/2576
f 2240/2548/2581 2257/2566/2642 2205/2509/2576
f 3043/3767/2643 2247/2555/2632 2216/2520/2591
f 3038/3756/2600 3043/3767/2643 2216/2520/2591
f 2246/2554/2586 2285/2597/2644 2243/2551/2626
f 2190/2493/2559 2246/2554/2586 2243/2551/2626
f 2220/2524/2580 2256/2565/2622 2259/2569/2645
f 2218/2522/2598 2220/2524/2580 2259/2569/2645
f 2186/2489/2511 2230/2535/2609 2260/2570/2646
f 2225/2529/2567 2186/2489/2511 2260/2570/2646
f 2261/2571/2638 2244/2552/2615 2225/2529/2567
f 2228/2532/2621 2298/2612/2647 2258/2568/2597
f 2181/2484/2596 2228/2532/2621 2258/2568/2597
f 2158/2460/2520 2237/2544/2571 2262/2572/2648
f 2207/2511/2582 2158/2460/2520 2262/2572/2648
f 2263/2573/2649 2235/2542/2617 3039/3759/2603
f 3041/3764/2608 2263/2573/2649 3039/3759/2603
f 2264/2574/2614 2279/2591/2630 2233/2540/2612
f 2226/2530/2602 2264/2574/2614 2233/2540/2612
f 2218/2522/2598 2259/2569/2645 2268/2579/2641
f 2234/2541/2590 2218/2522/2598 2268/2579/2641
f 2266/2576/2637 2283/2595/2650 2256/2565/2622
f 2241/2549/2599 2266/2576/2637 2256/2565/2622
f 3042/3766/2640 2272/2583/2651 2236/2543/2611
f 2232/2539/2594 3042/3766/2640 2236/2543/2611
f 2255/2564/2618 2284/2596/2652 3043/3768/2643
f 3038/3757/2600 2255/2564/2618 3043/3768/2643
f 2254/2563/2635 2272/2583/2651 3042/3766/2640
f 3040/3762/2627 2254/2563/2635 3042/3766/2640
f 2271/2582/2653 2282/2594/2654 2252/2560/2633
f 2247/2555/2632 2271/2582/2653 2252/2560/2633
f 2272/2583/2651 2278/2590/2655 2245/2553/2619
f 2236/2543/2611 2272/2583/2651 2245/2553/2619
f 3041/3764/2608 2253/2562/2639 2263/2573/2649
f 2250/2558/2625 2278/2590/2655 2272/2583/2651
f 2254/2563/2635 2250/2558/2625 2272/2583/2651
f 2251/2559/2623 3045/3771/2656 2274/2585/2657
f 2240/2548/2581 2251/2559/2623 2274/2585/2657
f 2275/2587/2658 2267/2578/2636 2231/2537/2610
f 2224/2528/2578 2275/2587/2658 2231/2537/2610
f 2274/2585/2657 2257/2566/2642 2240/2548/2581
f 2252/2560/2633 2282/2594/2654 2276/2588/2659
f 2266/2576/2637 2252/2560/2633 2276/2588/2659
f 2281/2593/2660 2278/2590/2655 2250/2558/2625
f 2242/2550/2624 2281/2593/2660 2250/2558/2625
f 2260/2570/2646 2290/2604/2661 2261/2571/2638
f 2225/2529/2567 2260/2570/2646 2261/2571/2638
f 3044/3769/2662 2271/2582/2653 2247/2555/2632
f 3043/3767/2643 3044/3769/2662 2247/2555/2632
f 2278/2590/2655 2281/2593/2660 2269/2580/2629
f 2245/2553/2619 2278/2590/2655 2269/2580/2629
f 2276/2588/2659 2293/2607/2663 2283/2595/2650
f 2266/2576/2637 2276/2588/2659 2283/2595/2650
f 2270/2581/2616 2314/2629/2664 2265/2575/2601
f 2211/2515/2546 2270/2581/2616 2265/2575/2601
f 2269/2580/2629 2309/2624/2665 2280/2592/2620
f 2223/2527/2572 2269/2580/2629 2280/2592/2620
f 2286/2598/2666 2281/2593/2660 2242/2550/2624
f 2243/2551/2626 2286/2598/2666 2242/2550/2624
f 2287/2599/2667 2263/2573/2649 2253/2562/2639
f 2257/2567/2642 2287/2599/2667 2253/2562/2639
f 2288/2600/2668 3045/3771/2656 2251/2559/2623
f 2267/2577/2636 2288/2600/2668 2251/2559/2623
f 2256/2565/2622 2283/2595/2650 2289/2603/2669
f 2259/2569/2645 2256/2565/2622 2289/2603/2669
f 2277/2589/2631 2235/2542/2617 2263/2573/2649
f 2290/2604/2661 2285/2597/2644 2246/2554/2586
f 2261/2571/2638 2290/2604/2661 2246/2554/2586
f 2284/2596/2652 2294/2608/2670 3044/3770/2662
f 3043/3768/2643 2284/2596/2652 3044/3770/2662
f 2268/2579/2641 2295/2609/2671 2284/2596/2652
f 2255/2564/2618 2268/2579/2641 2284/2596/2652
f 2265/2575/2601 2315/2630/2672 2273/2584/2613
f 2209/2513/2540 2265/2575/2601 2273/2584/2613
f 2258/2568/2597 2305/2619/2673 2291/2605/2674
f 2194/2498/2564 2258/2568/2597 2291/2605/2674
f 2291/2605/2674 2264/2574/2614 2194/2498/2564
f 2271/2582/2653 3044/3769/2662 2292/2606/2675
f 2282/2594/2654 2271/2582/2653 2292/2606/2675
f 2262/2572/2648 2313/2628/2676 2270/2581/2616
f 2207/2511/2582 2262/2572/2648 2270/2581/2616
f 2287/2599/2667 2257/2567/2642 2274/2586/2657
f 2292/2606/2675 2293/2607/2663 2276/2588/2659
f 2282/2594/2654 2292/2606/2675 2276/2588/2659
f 2273/2584/2613 2312/2627/2677 2275/2587/2658
f 2224/2528/2578 2273/2584/2613 2275/2587/2658
f 2259/2569/2645 2289/2603/2669 2295/2609/2671
f 2268/2579/2641 2259/2569/2645 2295/2609/2671
f 2189/2492/2557 2249/2557/2634 2296/2610/2678
f 2230/2535/2609 2189/2492/2557 2296/2610/2678
f 2297/2611/2679 2289/2603/2669 2283/2595/2650
f 2293/2607/2663 2297/2611/2679 2283/2595/2650
f 2294/2608/2670 2300/2614/2680 2292/2606/2675
f 3044/3770/2662 2294/2608/2670 2292/2606/2675
f 2295/2609/2671 2300/2614/2680 2294/2608/2670
f 2284/2596/2652 2295/2609/2671 2294/2608/2670
f 2237/2544/2571 2279/2591/2630 2299/2613/2681
f 2275/2587/2658 2307/2621/2682 2288/2601/2668
f 2267/2578/2636 2275/2587/2658 2288/2601/2668
f 2299/2613/2681 2310/2625/2683 2262/2572/2648
f 2237/2544/2571 2299/2613/2681 2262/2572/2648
f 2292/2606/2675 2300/2614/2680 2297/2611/2679
f 2293/2607/2663 2292/2606/2675 2297/2611/2679
f 2297/2611/2679 2300/2614/2680 2295/2609/2671
f 2289/2603/2669 2297/2611/2679 2295/2609/2671
f 2301/2615/2684 2287/2599/2667 2274/2586/2657
f 3045/3772/2656 2301/2615/2684 2274/2586/2657
f 2280/2592/2620 2318/2633/2685 2298/2612/2647
f 2228/2532/2621 2280/2592/2620 2298/2612/2647
f 2264/2574/2614 2291/2605/2674 2299/2613/2681
f 2279/2591/2630 2264/2574/2614 2299/2613/2681
f 2302/2616/2686 2286/2598/2666 2243/2551/2626
f 2285/2597/2644 2302/2616/2686 2243/2551/2626
f 2217/2521/2593 2277/2589/2631 2303/2617/2687
f 2249/2557/2634 2217/2521/2593 2303/2617/2687
f 2288/2602/2668 2307/2622/2682 2301/2615/2684
f 3045/3772/2656 2288/2602/2668 2301/2615/2684
f 2285/2597/2644 2290/2604/2661 2304/2618/2688
f 2260/2570/2646 2304/2618/2688 2290/2604/2661
f 2306/2620/2689 2277/2589/2631 2263/2573/2649
f 2287/2599/2667 2306/2620/2689 2263/2573/2649
f 2308/2623/2690 2260/2570/2646 2230/2535/2609
f 2281/2593/2660 2286/2598/2666 2309/2624/2665
f 2269/2580/2629 2281/2593/2660 2309/2624/2665
f 2291/2605/2674 2305/2619/2673 2310/2625/2683
f 2299/2613/2681 2291/2605/2674 2310/2625/2683
f 2260/2570/2646 2308/2623/2690 2311/2626/2691
f 2304/2618/2688 2260/2570/2646 2311/2626/2691
f 2298/2612/2647 2319/2634/2692 2305/2619/2673
f 2258/2568/2597 2298/2612/2647 2305/2619/2673
f 2304/2618/2688 2311/2626/2691 2302/2616/2686
f 2285/2597/2644 2304/2618/2688 2302/2616/2686
f 2316/2631/2693 2306/2620/2689 2287/2599/2667
f 2301/2615/2684 2316/2631/2693 2287/2599/2667
f 2275/2587/2658 2312/2627/2677 3046/3773/2694
f 2307/2621/2682 2275/2587/2658 3046/3773/2694
f 2296/2610/2678 2327/2642/2695 2308/2623/2690
f 2230/2535/2609 2296/2610/2678 2308/2623/2690
f 2307/2622/2682 3046/3774/2694 2316/2631/2693
f 2301/2615/2684 2307/2622/2682 2316/2631/2693
f 2317/2632/2696 2313/2628/2676 2262/2572/2648
f 2310/2625/2683 2317/2632/2696 2262/2572/2648
f 2315/2630/2672 2333/2648/2697 2312/2627/2677
f 2273/2584/2613 2315/2630/2672 2312/2627/2677
f 2319/2634/2692 2317/2632/2696 2310/2625/2683
f 2305/2619/2673 2319/2634/2692 2310/2625/2683
f 2320/2635/2698 2309/2624/2665 2286/2598/2666
f 2302/2616/2686 2320/2635/2698 2286/2598/2666
f 2321/2636/2699 2303/2617/2687 2277/2589/2631
f 2306/2620/2689 2321/2636/2699 2277/2589/2631
f 2249/2557/2634 2303/2617/2687 2322/2637/2700
f 2296/2610/2678 2249/2557/2634 2322/2637/2700
f 2311/2626/2691 2323/2638/2701 2302/2616/2686
f 2316/2631/2693 2324/2639/2702 2306/2620/2689
f 2323/2638/2701 2311/2626/2691 2308/2623/2690
f 2309/2624/2665 2339/2654/2703 2318/2633/2685
f 2280/2592/2620 2309/2624/2665 2318/2633/2685
f 2312/2627/2677 3047/3775/2704 3046/3773/2694
f 2325/2640/2705 2314/2629/2664 2270/2581/2616
f 2313/2628/2676 2325/2640/2705 2270/2581/2616
f 3047/3776/2704 2324/2639/2702 2316/2631/2693
f 3046/3774/2694 3047/3776/2704 2316/2631/2693
f 2326/2641/2706 2315/2630/2672 2265/2575/2601
f 2314/2629/2664 2326/2641/2706 2265/2575/2601
f 2328/2643/2707 2319/2634/2692 2298/2612/2647
f 2323/2638/2701 2330/2645/2708 2320/2635/2698
f 2302/2616/2686 2323/2638/2701 2320/2635/2698
f 2329/2644/2709 2321/2636/2699 2306/2620/2689
f 2324/2639/2702 2329/2644/2709 2306/2620/2689
f 2308/2623/2690 2327/2642/2695 2330/2645/2708
f 2323/2638/2701 2308/2623/2690 2330/2645/2708
f 2331/2646/2710 2313/2628/2676 2317/2632/2696
f 2332/2647/2711 2328/2643/2707 2298/2612/2647
f 2318/2633/2685 2332/2647/2711 2298/2612/2647
f 2333/2648/2697 3048/3778/2712 3047/3775/2704
f 2312/2627/2677 2333/2648/2697 3047/3775/2704
f 2319/2634/2692 2328/2643/2707 2331/2646/2710
f 2317/2632/2696 2319/2634/2692 2331/2646/2710
f 3048/3777/2712 2329/2644/2709 2324/2639/2702
f 3047/3776/2704 3048/3777/2712 2324/2639/2702
f 2334/2649/2713 2325/2640/2705 2313/2628/2676
f 2331/2646/2710 2334/2649/2713 2313/2628/2676
f 2296/2610/2678 2322/2637/2700 2335/2650/2714
f 2327/2642/2695 2296/2610/2678 2335/2650/2714
f 2320/2635/2698 2330/2645/2708 2336/2651/2715
f 2330/2645/2708 2327/2642/2695 2336/2651/2715
f 2320/2635/2698 2337/2652/2716 2309/2624/2665
f 2338/2653/2717 2322/2637/2700 2303/2617/2687
f 2321/2636/2699 2338/2653/2717 2303/2617/2687
f 2328/2643/2707 2332/2647/2711 2334/2649/2713
f 2331/2646/2710 2328/2643/2707 2334/2649/2713
f 2327/2642/2695 2335/2650/2714 2340/2655/2718
f 2336/2651/2715 2327/2642/2695 2340/2655/2718
f 2336/2651/2715 2340/2655/2718 2337/2652/2716
f 2320/2635/2698 2336/2651/2715 2337/2652/2716
f 2341/2656/2719 2326/2641/2706 2314/2629/2664
f 2325/2640/2705 2341/2656/2719 2314/2629/2664
f 2329/2644/2709 2342/2657/2720 2321/2636/2699
f 2343/2658/2721 2332/2647/2711 2318/2633/2685
f 2315/2630/2672 2326/2641/2706 2344/2659/2722
f 2333/2648/2697 2315/2630/2672 2344/2659/2722
f 2337/2652/2716 2353/2670/2723 2339/2654/2703
f 2309/2624/2665 2337/2652/2716 2339/2654/2703
f 3048/3777/2712 2345/2661/2724 2342/2657/2720
f 2329/2644/2709 3048/3777/2712 2342/2657/2720
f 2343/2658/2721 2346/2662/2725 2334/2649/2713
f 2332/2647/2711 2343/2658/2721 2334/2649/2713
f 2345/2660/2724 3048/3778/2712 2333/2648/2697
f 2334/2649/2713 2346/2662/2725 2325/2640/2705
f 2335/2650/2714 2322/2637/2700 2347/2663/2726
f 2348/2664/2727 2338/2653/2717 2321/2636/2699
f 2342/2657/2720 2348/2664/2727 2321/2636/2699
f 2349/2665/2728 2343/2658/2721 2318/2633/2685
f 2339/2654/2703 2349/2665/2728 2318/2633/2685
f 2338/2653/2717 2358/2675/2729 2347/2663/2726
f 2322/2637/2700 2338/2653/2717 2347/2663/2726
f 2333/2648/2697 2344/2659/2722 2350/2666/2730
f 2345/2660/2724 2333/2648/2697 2350/2666/2730
f 2351/2668/2731 2340/2655/2718 2335/2650/2714
f 2351/2668/2731 2337/2652/2716 2340/2655/2718
f 2352/2669/2732 2341/2656/2719 2325/2640/2705
f 2346/2662/2725 2352/2669/2732 2325/2640/2705
f 2350/2667/2730 2348/2664/2727 2342/2657/2720
f 2345/2661/2724 2350/2667/2730 2342/2657/2720
f 2354/2671/2733 2351/2668/2731 2335/2650/2714
f 2347/2663/2726 2354/2671/2733 2335/2650/2714
f 2355/2672/2734 2344/2659/2722 2326/2641/2706
f 2341/2656/2719 2355/2672/2734 2326/2641/2706
f 2343/2658/2721 2349/2665/2728 2352/2669/2732
f 2346/2662/2725 2343/2658/2721 2352/2669/2732
f 2351/2668/2731 2354/2671/2733 2353/2670/2723
f 2337/2652/2716 2351/2668/2731 2353/2670/2723
f 2348/2664/2727 2356/2673/2735 2338/2653/2717
f 2349/2665/2728 2339/2654/2703 2357/2674/2736
f 2359/2676/2737 2341/2656/2719 2352/2669/2732
f 3049/3779/2738 2350/2666/2730 2344/2659/2722
f 3049/3780/2738 2356/2673/2735 2348/2664/2727
f 2350/2667/2730 3049/3780/2738 2348/2664/2727
f 2360/2677/2739 2354/2671/2733 2347/2663/2726
f 2349/2665/2728 2357/2674/2736 2359/2676/2737
f 2352/2669/2732 2349/2665/2728 2359/2676/2737
f 2356/2673/2735 2364/2681/2740 2358/2675/2729
f 2338/2653/2717 2356/2673/2735 2358/2675/2729
f 2353/2670/2723 2361/2678/2741 2339/2654/2703
f 2359/2676/2737 2362/2679/2742 2355/2672/2734
f 2341/2656/2719 2359/2676/2737 2355/2672/2734
f 2360/2677/2739 2353/2670/2723 2354/2671/2733
f 2355/2672/2734 3050/3781/2743 3049/3779/2738
f 2344/2659/2722 2355/2672/2734 3049/3779/2738
f 2358/2675/2729 2363/2680/2744 2360/2677/2739
f 2347/2663/2726 2358/2675/2729 2360/2677/2739
f 2361/2678/2741 2365/2682/2745 2357/2674/2736
f 2339/2654/2703 2361/2678/2741 2357/2674/2736
f 2360/2677/2739 2363/2680/2744 2361/2678/2741
f 2353/2670/2723 2360/2677/2739 2361/2678/2741
f 3050/3782/2743 2364/2681/2740 2356/2673/2735
f 3049/3780/2738 3050/3782/2743 2356/2673/2735
f 2357/2674/2736 2365/2682/2745 2362/2679/2742
f 2359/2676/2737 2357/2674/2736 2362/2679/2742
f 2355/2672/2734 2362/2679/2742 2366/2683/2746
f 3050/3781/2743 2355/2672/2734 2366/2683/2746
f 2358/2675/2729 2367/2684/2747 2363/2680/2744
f 2363/2680/2744 2367/2684/2747 2361/2678/2741
f 2364/2681/2740 2369/2687/2748 2367/2684/2747
f 2358/2675/2729 2364/2681/2740 2367/2684/2747
f 2366/2683/2746 2369/2687/2748 2364/2681/2740
f 3050/3782/2743 2366/2683/2746 2364/2681/2740
f 2367/2684/2747 2369/2687/2748 2365/2682/2745
f 2361/2678/2741 2367/2684/2747 2365/2682/2745
f 2365/2682/2745 2369/2687/2748 2366/2683/2746
f 2362/2679/2742 2365/2682/2745 2366/2683/2746
f 3051/3783/2505 2146/2447/2504 2153/2454/2517
f 2368/2685/2749 3051/3783/2505 2153/2454/2517
f 2168/2470/2531 2370/2688/2750 2368/2685/2749
f 2153/2454/2517 2168/2470/2531 2368/2685/2749
f 2178/2481/2545 3036/3752/2544 2370/2688/2750
f 2168/2470/2531 2178/2481/2545 2370/2688/2750
f 3052/3785/2522 2371/2690/2751 2188/2491/2556
f 2160/2462/2523 3052/3785/2522 2188/2491/2556
f 2371/2690/2751 2372/2692/2543 2195/2499/2542
f 2188/2491/2556 2371/2690/2751 2195/2499/2542
f 2113/2409/2474 3027/3735/2502 3051/3784/2505
f 2075/2369/2427 2113/2409/2474 3051/3784/2505
f 2202/2506/2573 2374/2695/2607 2372/2693/2543
f 2371/2691/2751 2202/2506/2573 2372/2693/2543
f 3027/3735/2502 2113/2409/2474 2156/2458/2508
f 3052/3786/2522 3027/3735/2502 2156/2458/2508
f 2099/2394/2451 2075/2369/2427 3051/3784/2505
f 2368/2686/2749 2099/2394/2451 3051/3784/2505
f 2371/2691/2751 3052/3786/2522 2156/2458/2508
f 2202/2506/2573 2371/2691/2751 2156/2458/2508
f 2228/2532/2621 2374/2695/2607 2202/2506/2573
f 2136/2435/2491 2099/2394/2451 2375/2696/2752
f 2370/2689/2750 3036/3753/2544 2373/2694/2606
f 2375/2696/2752 2370/2689/2750 2373/2694/2606
f 2370/2689/2750 2375/2696/2752 2099/2394/2451
f 2368/2686/2749 2370/2689/2750 2099/2394/2451
f 2181/2484/2596 2373/2694/2606 2374/2695/2607
f 2228/2532/2621 2181/2484/2596 2374/2695/2607
f 2375/2696/2752 2373/2694/2606 2181/2484/2596
f 2136/2435/2491 2375/2696/2752 2181/2484/2596
f 1995/2282/2320 2012/2302/2355 3053/3787/2419
f 2032/2324/2412 1995/2282/2320 3053/3787/2419
f 3053/3787/2419 2012/2302/2355 2067/2361/2397
f 3054/3788/2460 3053/3787/2419 2067/2361/2397
f 3056/3790/2328 1979/2263/2318 3055/3789/2301
f 3057/3791/2300 3056/3790/2328 3055/3789/2301
f 2001/2288/2345 3056/3790/2328 3057/3791/2300
f 1968/2251/2304 2001/2288/2345 3057/3791/2300
f 3059/3793/2589 2193/2497/2562 3058/3792/2485
f 2176/2479/2539 3059/3793/2589 3058/3792/2485
f 2193/2497/2562 3060/3794/2498 2092/2387/2443
f 3058/3792/2485 2193/2497/2562 2092/2387/2443
f 3060/3794/2498 3054/3788/2460 2067/2361/2397
f 2092/2387/2443 3060/3794/2498 2067/2361/2397
f 2032/2324/2412 2001/2288/2345 1968/2251/2304
f 1995/2282/2320 2032/2324/2412 1968/2251/2304
f 2381/2702/2753 2380/2701/2754 2376/2697/2755
f 2377/2698/2756 2381/2702/2753 2376/2697/2755
f 2382/2703/2757 2383/2704/2758 2378/2699/2759
f 2379/2700/2760 2382/2703/2757 2378/2699/2759
f 3061/3795/2761 3062/3797/2762 2379/2700/2760
f 2378/2699/2759 3061/3795/2761 2379/2700/2760
f 2389/2710/2763 2380/2701/2754 2381/2702/2753
f 2388/2709/2764 2389/2710/2763 2381/2702/2753
f 2383/2704/2758 2382/2703/2757 2377/2698/2756
f 2376/2697/2755 2383/2704/2758 2377/2698/2756
f 2390/2711/2765 2384/2705/2766 2380/2701/2754
f 2389/2710/2763 2390/2711/2765 2380/2701/2754
f 2376/2697/2755 2380/2701/2754 2384/2705/2766
f 2386/2707/2767 2376/2697/2755 2384/2705/2766
f 2386/2707/2767 2385/2706/2768 2383/2704/2758
f 2376/2697/2755 2386/2707/2767 2383/2704/2758
f 2385/2706/2768 2387/2708/2769 2378/2699/2759
f 2383/2704/2758 2385/2706/2768 2378/2699/2759
f 2387/2708/2769 3063/3799/2770 3061/3795/2761
f 2378/2699/2759 2387/2708/2769 3061/3795/2761
f 2395/2716/2771 2396/2717/2772 2392/2713/2773
f 2391/2712/2774 2395/2716/2771 2392/2713/2773
f 2398/2719/2775 2397/2718/2776 2394/2715/2777
f 2393/2714/2778 2398/2719/2775 2394/2715/2777
f 3062/3798/2762 3061/3796/2761 2393/2714/2778
f 2394/2715/2777 3062/3798/2762 2393/2714/2778
f 2396/2717/2772 2395/2716/2771 2389/2710/2763
f 2388/2709/2764 2396/2717/2772 2389/2710/2763
f 2397/2718/2776 2398/2719/2775 2391/2712/2774
f 2392/2713/2773 2397/2718/2776 2391/2712/2774
f 2389/2710/2763 2395/2716/2771 2399/2720/2779
f 2390/2711/2765 2389/2710/2763 2399/2720/2779
f 2401/2722/2780 2399/2720/2779 2395/2716/2771
f 2391/2712/2774 2401/2722/2780 2395/2716/2771
f 2391/2712/2774 2398/2719/2775 2400/2721/2781
f 2401/2722/2780 2391/2712/2774 2400/2721/2781
f 2398/2719/2775 2393/2714/2778 2402/2723/2782
f 2400/2721/2781 2398/2719/2775 2402/2723/2782
f 2393/2714/2778 3061/3796/2761 3063/3800/2770
f 2402/2723/2782 2393/2714/2778 3063/3800/2770
f 2413/2736/2783 2414/2737/2784 2406/2727/2785
f 2403/2724/2786 2413/2736/2783 2406/2727/2785
f 3064/3801/2787 2403/2724/2786 2404/2725/2788
f 2405/2726/2789 3064/3801/2787 2404/2725/2788
f 2403/2724/2786 2406/2727/2785 2407/2728/2790
f 2404/2725/2788 2403/2724/2786 2407/2728/2790
f 3064/3802/2787 2405/2726/2789 2418/2741/2791
f 2415/2738/2792 3064/3802/2787 2418/2741/2791
f 2403/2724/2786 3064/3801/2787 3066/3805/2793
f 2413/2736/2783 2403/2724/2786 3066/3805/2793
f 2416/2739/2794 3066/3806/2793 3064/3802/2787
f 2415/2738/2792 2416/2739/2794 3064/3802/2787
f 2407/2728/2790 2406/2727/2785 2409/2730/2795
f 2408/2729/2796 2407/2728/2790 2409/2730/2795
f 2408/2729/2796 2409/2731/2795 2420/2743/2797
f 2419/2742/2798 2408/2729/2796 2420/2743/2797
f 2414/2737/2784 3065/3804/2799 2409/2730/2795
f 2406/2727/2785 2414/2737/2784 2409/2730/2795
f 2409/2731/2795 3065/3803/2799 2421/2744/2800
f 2420/2743/2797 2409/2731/2795 2421/2744/2800
f 2418/2741/2791 2405/2726/2789 2408/2729/2796
f 2419/2742/2798 2418/2741/2791 2408/2729/2796
f 2411/2733/2801 2410/2732/2802 2413/2736/2783
f 3066/3805/2793 2411/2733/2801 2413/2736/2783
f 2417/2740/2803 2411/2734/2801 3066/3806/2793
f 2416/2739/2794 2417/2740/2803 3066/3806/2793
f 2421/2744/2800 3065/3803/2799 3067/3807/2804
f 2422/2745/2805 2421/2744/2800 3067/3807/2804
f 2412/2735/2806 3067/3808/2804 3065/3804/2799
f 2414/2737/2784 2412/2735/2806 3065/3804/2799
f 2410/2732/2802 2412/2735/2806 2414/2737/2784
f 2413/2736/2783 2410/2732/2802 2414/2737/2784
f 2423/2746/2807 2427/2751/2808 2433/2758/2809
f 3069/3811/2810 2423/2746/2807 2433/2758/2809
f 2424/2747/2811 2423/2746/2807 2426/2749/2812
f 2425/2748/2813 2424/2747/2811 2426/2749/2812
f 2428/2752/2814 2427/2751/2808 2423/2746/2807
f 2424/2747/2811 2428/2752/2814 2423/2746/2807
f 2425/2748/2813 2426/2750/2812 2415/2738/2792
f 2418/2741/2791 2425/2748/2813 2415/2738/2792
f 3069/3811/2810 2432/2756/2815 2426/2749/2812
f 2423/2746/2807 3069/3811/2810 2426/2749/2812
f 2426/2750/2812 2432/2757/2815 2416/2739/2794
f 2415/2738/2792 2426/2750/2812 2416/2739/2794
f 2425/2748/2813 2429/2753/2816 2428/2752/2814
f 2424/2747/2811 2425/2748/2813 2428/2752/2814
f 3068/3809/2817 2427/2751/2808 2428/2752/2814
f 2429/2753/2816 3068/3809/2817 2428/2752/2814
f 3068/3810/2817 2429/2753/2816 2419/2742/2798
f 2420/2743/2797 3068/3810/2817 2419/2742/2798
f 2427/2751/2808 3068/3809/2817 3072/3817/2818
f 2433/2758/2809 2427/2751/2808 3072/3817/2818
f 2421/2744/2800 3072/3816/2818 3068/3810/2817
f 2420/2743/2797 2421/2744/2800 3068/3810/2817
f 2419/2742/2798 2429/2753/2816 2425/2748/2813
f 2418/2741/2791 2419/2742/2798 2425/2748/2813
f 2430/2754/2819 3070/3812/2820 2432/2756/2815
f 3069/3811/2810 2430/2754/2819 2432/2756/2815
f 2416/2739/2794 2432/2757/2815 3070/3813/2820
f 2417/2740/2803 2416/2739/2794 3070/3813/2820
f 2422/2745/2805 3071/3814/2821 3072/3816/2818
f 2421/2744/2800 2422/2745/2805 3072/3816/2818
f 3071/3815/2821 2431/2755/2822 2433/2758/2809
f 3072/3817/2818 3071/3815/2821 2433/2758/2809
f 2431/2755/2822 2430/2754/2819 3069/3811/2810
f 2433/2758/2809 2431/2755/2822 3069/3811/2810
f 2408/2729/2796 2405/2726/2789 2404/2725/2788
f 2407/2728/2790 2408/2729/2796 2404/2725/2788
f 2443/2768/2823 2436/2761/2824 2434/2759/2825
f 2435/2760/2826 2443/2768/2823 2434/2759/2825
f 2456/2782/2827 2439/2764/2828 2437/2762/2829
f 2438/2763/2830 2456/2782/2827 2437/2762/2829
f 2467/2796/2831 2466/2795/2832 2440/2765/2833
f 2441/2766/2834 2467/2796/2831 2440/2765/2833
f 2456/2782/2827 2461/2790/2835 2442/2767/2836
f 2439/2764/2828 2456/2782/2827 2442/2767/2836
f 2437/2762/2829 2443/2768/2823 2435/2760/2826
f 2438/2763/2830 2437/2762/2829 2435/2760/2826
f 2470/2799/2837 2445/2770/2838 2444/2769/2839
f 2469/2798/2840 2470/2799/2837 2444/2769/2839
f 2444/2769/2839 2446/2771/2841 2474/2803/2842
f 2469/2798/2840 2444/2769/2839 2474/2803/2842
f 2474/2803/2842 2446/2771/2841 2434/2759/2825
f 2475/2804/2843 2474/2803/2842 2434/2759/2825
f 2476/2805/2844 2475/2804/2843 2434/2759/2825
f 2436/2761/2824 2476/2805/2844 2434/2759/2825
f 2447/2772/2845 2448/2773/2846 2478/2807/2847
f 2477/2806/2848 2447/2772/2845 2478/2807/2847
f 2448/2773/2846 2450/2776/2849 2479/2808/2850
f 2478/2807/2847 2448/2773/2846 2479/2808/2850
f 2479/2808/2850 2450/2776/2849 2451/2777/2851
f 2480/2809/2852 2479/2808/2850 2451/2777/2851
f 2481/2810/2853 2453/2779/2854 2452/2778/2855
f 2482/2811/2856 2481/2810/2853 2452/2778/2855
f 2482/2811/2856 2452/2778/2855 2454/2780/2857
f 2483/2812/2858 2482/2811/2856 2454/2780/2857
f 2463/2792/2859 2473/2802/2860 2455/2781/2861
f 2448/2773/2846 3075/3823/2862 3074/3820/2863
f 2450/2776/2849 2448/2773/2846 3074/3820/2863
f 2450/2776/2849 3074/3820/2863 3073/3819/2864
f 2451/2777/2851 2450/2776/2849 3073/3819/2864
f 2457/2784/2865 2458/2785/2866 2452/2778/2855
f 2453/2779/2854 2457/2784/2865 2452/2778/2855
f 2452/2778/2855 2458/2785/2866 2459/2787/2867
f 2454/2780/2857 2452/2778/2855 2459/2787/2867
f 2468/2797/2868 2467/2796/2831 2441/2766/2834
f 2460/2789/2869 2468/2797/2868 2441/2766/2834
f 2445/2770/2838 2462/2791/2870 2461/2790/2835
f 2456/2782/2827 2445/2770/2838 2461/2790/2835
f 2439/2764/2828 2442/2767/2836 2457/2783/2865
f 3073/3818/2864 2439/2764/2828 2457/2783/2865
f 2437/2762/2829 2439/2764/2828 3073/3818/2864
f 3074/3821/2863 2437/2762/2829 3073/3818/2864
f 3074/3821/2863 3075/3822/2862 2443/2768/2823
f 2437/2762/2829 3074/3821/2863 2443/2768/2823
f 3075/3822/2862 2449/2774/2871 2436/2761/2824
f 2443/2768/2823 3075/3822/2862 2436/2761/2824
f 3076/3824/2872 2476/2805/2844 2436/2761/2824
f 2449/2774/2871 3076/3824/2872 2436/2761/2824
f 2462/2791/2870 2464/2793/2873 2463/2792/2859
f 2460/2789/2869 2462/2791/2870 2463/2792/2859
f 2465/2794/2874 2445/2770/2838 2470/2799/2837
f 2471/2800/2875 2465/2794/2874 2470/2799/2837
f 2459/2788/2867 2458/2786/2866 2440/2765/2833
f 2466/2795/2832 2459/2788/2867 2440/2765/2833
f 2468/2797/2868 2460/2789/2869 2463/2792/2859
f 2455/2781/2861 2468/2797/2868 2463/2792/2859
f 2472/2801/2876 2464/2793/2873 2465/2794/2874
f 2471/2800/2875 2472/2801/2876 2465/2794/2874
f 2441/2766/2834 2440/2765/2833 2442/2767/2836
f 2461/2790/2835 2441/2766/2834 2442/2767/2836
f 2440/2765/2833 2458/2786/2866 2457/2783/2865
f 2442/2767/2836 2440/2765/2833 2457/2783/2865
f 2448/2773/2846 2447/2772/2845 2449/2775/2871
f 3075/3823/2862 2448/2773/2846 2449/2775/2871
f 2449/2775/2871 2447/2772/2845 2477/2806/2848
f 3076/3825/2872 2449/2775/2871 2477/2806/2848
f 2451/2777/2851 2453/2779/2854 2481/2810/2853
f 2480/2809/2852 2451/2777/2851 2481/2810/2853
f 2453/2779/2854 2451/2777/2851 3073/3819/2864
f 2457/2784/2865 2453/2779/2854 3073/3819/2864
f 2462/2791/2870 2445/2770/2838 2465/2794/2874
f 2464/2793/2873 2462/2791/2870 2465/2794/2874
f 2460/2789/2869 2441/2766/2834 2461/2790/2835
f 2462/2791/2870 2460/2789/2869 2461/2790/2835
f 2463/2792/2859 2464/2793/2873 2472/2801/2876
f 2473/2802/2860 2463/2792/2859 2472/2801/2876
f 2456/2782/2827 2438/2763/2830 2444/2769/2839
f 2445/2770/2838 2456/2782/2827 2444/2769/2839
f 2444/2769/2839 2438/2763/2830 2435/2760/2826
f 2446/2771/2841 2444/2769/2839 2435/2760/2826
f 2446/2771/2841 2435/2760/2826 2434/2759/2825
f 2484/2813/2877 2485/2814/2878 2504/2833/2879
f 2495/2824/2880 2484/2813/2877 2504/2833/2879
f 2488/2817/2881 2487/2816/2882 2503/2832/2883
f 2486/2815/2884 2488/2817/2881 2503/2832/2883
f 2514/2846/2885 2515/2847/2886 2508/2840/2887
f 2489/2818/2888 2514/2846/2885 2508/2840/2887
f 2490/2819/2889 2491/2820/2890 2487/2816/2882
f 2488/2817/2881 2490/2819/2889 2487/2816/2882
f 2504/2833/2879 2485/2814/2878 2486/2815/2884
f 2503/2832/2883 2504/2833/2879 2486/2815/2884
f 2492/2821/2891 2493/2822/2892 2470/2799/2837
f 2469/2798/2840 2492/2821/2891 2470/2799/2837
f 2492/2821/2891 2469/2798/2840 2474/2803/2842
f 2494/2823/2893 2492/2821/2891 2474/2803/2842
f 2474/2803/2842 2475/2804/2843 2495/2824/2880
f 2494/2823/2893 2474/2803/2842 2495/2824/2880
f 2484/2813/2877 2495/2824/2880 2475/2804/2843
f 2476/2805/2844 2484/2813/2877 2475/2804/2843
f 2496/2825/2894 2477/2806/2848 2478/2807/2847
f 2497/2826/2895 2496/2825/2894 2478/2807/2847
f 2497/2826/2895 2478/2807/2847 2479/2808/2850
f 2498/2827/2896 2497/2826/2895 2479/2808/2850
f 2499/2828/2897 2498/2827/2896 2479/2808/2850
f 2480/2809/2852 2499/2828/2897 2479/2808/2850
f 2481/2810/2853 2482/2811/2856 2500/2829/2898
f 2501/2830/2899 2481/2810/2853 2500/2829/2898
f 2502/2831/2900 2500/2829/2898 2482/2811/2856
f 2483/2812/2858 2502/2831/2900 2482/2811/2856
f 2473/2802/2860 2511/2843/2901 2455/2781/2861
f 2497/2826/2895 2498/2827/2896 2506/2836/2902
f 2505/2835/2903 2497/2826/2895 2506/2836/2902
f 2507/2839/2904 2506/2836/2902 2498/2827/2896
f 2499/2828/2897 2507/2839/2904 2498/2827/2896
f 3077/3827/2905 2501/2830/2899 2500/2829/2898
f 3078/3828/2906 3077/3827/2905 2500/2829/2898
f 3078/3828/2906 2500/2829/2898 2502/2831/2900
f 3079/3830/2907 3078/3828/2906 2502/2831/2900
f 2515/2847/2886 2516/2848/2908 2509/2841/2909
f 2508/2840/2887 2515/2847/2886 2509/2841/2909
f 2493/2822/2892 2487/2816/2882 2491/2820/2890
f 2510/2842/2910 2493/2822/2892 2491/2820/2890
f 2490/2819/2889 2488/2817/2881 2507/2838/2904
f 3077/3826/2905 2490/2819/2889 2507/2838/2904
f 2506/2837/2902 2507/2838/2904 2488/2817/2881
f 2486/2815/2884 2506/2837/2902 2488/2817/2881
f 2485/2814/2878 2505/2834/2903 2506/2837/2902
f 2486/2815/2884 2485/2814/2878 2506/2837/2902
f 2484/2813/2877 3080/3832/2911 2505/2834/2903
f 2485/2814/2878 2484/2813/2877 2505/2834/2903
f 3080/3832/2911 2484/2813/2877 2476/2805/2844
f 3076/3824/2872 3080/3832/2911 2476/2805/2844
f 2510/2842/2910 2509/2841/2909 2511/2843/2901
f 2512/2844/2912 2510/2842/2910 2511/2843/2901
f 2513/2845/2913 2471/2800/2875 2470/2799/2837
f 2493/2822/2892 2513/2845/2913 2470/2799/2837
f 2514/2846/2885 2489/2818/2888 3078/3829/2906
f 3079/3831/2907 2514/2846/2885 3078/3829/2906
f 2455/2781/2861 2511/2843/2901 2509/2841/2909
f 2516/2848/2908 2455/2781/2861 2509/2841/2909
f 2472/2801/2876 2471/2800/2875 2513/2845/2913
f 2512/2844/2912 2472/2801/2876 2513/2845/2913
f 2491/2820/2890 2490/2819/2889 2489/2818/2888
f 2508/2840/2887 2491/2820/2890 2489/2818/2888
f 2490/2819/2889 3077/3826/2905 3078/3829/2906
f 2489/2818/2888 2490/2819/2889 3078/3829/2906
f 2497/2826/2895 2505/2835/2903 3080/3833/2911
f 2496/2825/2894 2497/2826/2895 3080/3833/2911
f 3080/3833/2911 3076/3825/2872 2477/2806/2848
f 2496/2825/2894 3080/3833/2911 2477/2806/2848
f 2499/2828/2897 2480/2809/2852 2481/2810/2853
f 2501/2830/2899 2499/2828/2897 2481/2810/2853
f 2501/2830/2899 3077/3827/2905 2507/2839/2904
f 2499/2828/2897 2501/2830/2899 2507/2839/2904
f 2510/2842/2910 2512/2844/2912 2513/2845/2913
f 2493/2822/2892 2510/2842/2910 2513/2845/2913
f 2509/2841/2909 2510/2842/2910 2491/2820/2890
f 2508/2840/2887 2509/2841/2909 2491/2820/2890
f 2511/2843/2901 2473/2802/2860 2472/2801/2876
f 2512/2844/2912 2511/2843/2901 2472/2801/2876
f 2493/2822/2892 2492/2821/2891 2503/2832/2883
f 2487/2816/2882 2493/2822/2892 2503/2832/2883
f 2492/2821/2891 2494/2823/2893 2504/2833/2879
f 2503/2832/2883 2492/2821/2891 2504/2833/2879
f 2504/2833/2879 2494/2823/2893 2495/2824/2880
f 2518/2850/2914 2519/2851/2915 2520/2852/2916
f 2517/2849/2917 2518/2850/2914 2520/2852/2916
f 2519/2851/2915 2521/2853/2918 2522/2855/2919
f 2520/2852/2916 2519/2851/2915 2522/2855/2919
f 2523/2856/2920 2519/2851/2915 2518/2850/2914
f 2524/2857/2921 2523/2856/2920 2518/2850/2914
f 2527/2861/2922 2528/2862/2923 2525/2859/2924
f 2526/2860/2925 2527/2861/2922 2525/2859/2924
f 2530/2864/2926 3081/3834/2927 3082/3836/2928
f 2529/2863/2929 2530/2864/2926 3082/3836/2928
f 2529/2863/2929 3082/3836/2928 3086/3844/2930
f 3084/3840/2931 2529/2863/2929 3086/3844/2930
f 2532/2866/2932 2531/2865/2933 2522/2854/2919
f 2521/2853/2918 2532/2866/2932 2522/2854/2919
f 2532/2866/2932 2521/2853/2918 2519/2851/2915
f 2523/2856/2920 2532/2866/2932 2519/2851/2915
f 2534/2868/2934 2523/2856/2920 2524/2857/2921
f 2535/2869/2935 2534/2868/2934 2524/2857/2921
f 2537/2871/2936 2536/2870/2937 2527/2861/2922
f 2526/2860/2925 2537/2871/2936 2527/2861/2922
f 2539/2873/2938 2530/2864/2926 2529/2863/2929
f 2540/2874/2939 2539/2873/2938 2529/2863/2929
f 2540/2874/2939 2529/2863/2929 3084/3840/2931
f 3085/3842/2940 2540/2874/2939 3084/3840/2931
f 2542/2876/2941 2541/2875/2942 2531/2865/2933
f 2532/2866/2932 2542/2876/2941 2531/2865/2933
f 2534/2868/2934 2542/2876/2941 2532/2866/2932
f 2523/2856/2920 2534/2868/2934 2532/2866/2932
f 2538/2872/2943 2533/2867/2944 2530/2864/2926
f 2539/2873/2938 2538/2872/2943 2530/2864/2926
f 2533/2867/2944 3083/3839/2945 3081/3834/2927
f 2530/2864/2926 2533/2867/2944 3081/3834/2927
f 2525/2858/2924 2528/2862/2923 2518/2850/2914
f 2517/2849/2917 2525/2858/2924 2518/2850/2914
f 2524/2857/2921 2518/2850/2914 2528/2862/2923
f 2527/2861/2922 2524/2857/2921 2528/2862/2923
f 2535/2869/2935 2524/2857/2921 2527/2861/2922
f 2536/2870/2937 2535/2869/2935 2527/2861/2922
f 3081/3835/2927 2517/2849/2917 2520/2852/2916
f 3082/3837/2928 3081/3835/2927 2520/2852/2916
f 3083/3838/2945 2525/2858/2924 2517/2849/2917
f 3081/3835/2927 3083/3838/2945 2517/2849/2917
f 2533/2867/2944 2526/2860/2925 2525/2859/2924
f 3083/3839/2945 2533/2867/2944 2525/2859/2924
f 2538/2872/2943 2537/2871/2936 2526/2860/2925
f 2533/2867/2944 2538/2872/2943 2526/2860/2925
f 3085/3843/2940 3084/3841/2931 2531/2865/2933
f 2541/2875/2942 3085/3843/2940 2531/2865/2933
f 3084/3841/2931 3086/3845/2930 2522/2854/2919
f 2531/2865/2933 3084/3841/2931 2522/2854/2919
f 2520/2852/2916 2522/2855/2919 3086/3846/2930
f 3082/3837/2928 2520/2852/2916 3086/3846/2930
f 2546/2880/2946 2545/2879/2947 2543/2877/2948
f 2544/2878/2949 2546/2880/2946 2543/2877/2948
f 2547/2881/2950 2546/2880/2946 2544/2878/2949
f 3087/3848/2951 2547/2881/2950 2544/2878/2949
f 2558/2895/2952 2548/2882/2953 2545/2879/2947
f 2546/2880/2946 2558/2895/2952 2545/2879/2947
f 2551/2885/2954 2550/2884/2955 2549/2883/2956
f 3088/3850/2957 2551/2885/2954 2549/2883/2956
f 2552/2886/2958 2554/2890/2959 2555/2891/2960
f 3089/3851/2961 2552/2886/2958 2555/2891/2960
f 2554/2890/2959 3091/3855/2962 2553/2887/2963
f 2555/2891/2960 2554/2890/2959 2553/2887/2963
f 3087/3847/2951 2557/2894/2964 2556/2893/2965
f 2547/2881/2950 3087/3847/2951 2556/2893/2965
f 2556/2893/2965 2558/2895/2952 2546/2880/2946
f 2547/2881/2950 2556/2893/2965 2546/2880/2946
f 2534/2868/2934 2535/2869/2935 2548/2882/2953
f 2558/2895/2952 2534/2868/2934 2548/2882/2953
f 2549/2883/2956 2550/2884/2955 2536/2870/2937
f 2537/2871/2936 2549/2883/2956 2536/2870/2937
f 2539/2873/2938 2540/2874/2939 2554/2890/2959
f 2552/2886/2958 2539/2873/2938 2554/2890/2959
f 2540/2874/2939 3085/3842/2940 3091/3855/2962
f 2554/2890/2959 2540/2874/2939 3091/3855/2962
f 2556/2893/2965 2557/2894/2964 2541/2875/2942
f 2542/2876/2941 2556/2893/2965 2541/2875/2942
f 2534/2868/2934 2558/2895/2952 2556/2893/2965
f 2542/2876/2941 2534/2868/2934 2556/2893/2965
f 2538/2872/2943 2539/2873/2938 2552/2886/2958
f 2559/2896/2966 2538/2872/2943 2552/2886/2958
f 2559/2896/2966 2552/2886/2958 3089/3851/2961
f 3090/3854/2967 2559/2896/2966 3089/3851/2961
f 2543/2877/2948 2545/2879/2947 2551/2885/2954
f 3088/3849/2957 2543/2877/2948 2551/2885/2954
f 2548/2882/2953 2550/2884/2955 2551/2885/2954
f 2545/2879/2947 2548/2882/2953 2551/2885/2954
f 2535/2869/2935 2536/2870/2937 2550/2884/2955
f 2548/2882/2953 2535/2869/2935 2550/2884/2955
f 2544/2878/2949 2543/2877/2948 3089/3852/2961
f 2555/2892/2960 2544/2878/2949 3089/3852/2961
f 2543/2877/2948 3088/3849/2957 3090/3853/2967
f 3089/3852/2961 2543/2877/2948 3090/3853/2967
f 3088/3850/2957 2549/2883/2956 2559/2896/2966
f 3090/3854/2967 3088/3850/2957 2559/2896/2966
f 2559/2896/2966 2549/2883/2956 2537/2871/2936
f 2538/2872/2943 2559/2896/2966 2537/2871/2936
f 2557/2894/2964 3091/3856/2962 3085/3843/2940
f 2541/2875/2942 2557/2894/2964 3085/3843/2940
f 2553/2888/2963 3091/3856/2962 2557/2894/2964
f 3087/3847/2951 2553/2888/2963 2557/2894/2964
f 3087/3848/2951 2544/2878/2949 2555/2892/2960
f 2553/2889/2963 3087/3848/2951 2555/2892/2960
f 2588/2925/2968 2590/2927/2969 2563/2900/2970
f 2564/2901/2971 2588/2925/2968 2563/2900/2970
f 2590/2927/2969 2589/2926/2972 2562/2899/2973
f 2563/2900/2970 2590/2927/2969 2562/2899/2973
f 2586/2923/2974 2588/2925/2968 2564/2901/2971
f 2560/2897/2975 2586/2923/2974 2564/2901/2971
f 2589/2926/2972 2587/2924/2976 2561/2898/2977
f 2562/2899/2973 2589/2926/2972 2561/2898/2977
f 2591/2928/2978 2586/2923/2974 2560/2897/2975
f 2575/2912/2979 2591/2928/2978 2560/2897/2975
f 2566/2903/2980 2573/2910/2981 2575/2912/2979
f 2560/2897/2975 2566/2903/2980 2575/2912/2979
f 2574/2911/2982 2565/2902/2983 2561/2898/2977
f 2576/2913/2984 2574/2911/2982 2561/2898/2977
f 2566/2903/2980 2560/2897/2975 2564/2901/2971
f 2569/2906/2985 2566/2903/2980 2564/2901/2971
f 2561/2898/2977 2565/2902/2983 2567/2904/2986
f 2562/2899/2973 2561/2898/2977 2567/2904/2986
f 2568/2905/2987 2569/2906/2985 2564/2901/2971
f 2563/2900/2970 2568/2905/2987 2564/2901/2971
f 2567/2904/2986 2568/2905/2987 2563/2900/2970
f 2562/2899/2973 2567/2904/2986 2563/2900/2970
f 2577/2914/2988 2578/2915/2989 2574/2911/2982
f 2576/2913/2984 2577/2914/2988 2574/2911/2982
f 2569/2906/2985 2568/2905/2987 2570/2907/2990
f 2572/2909/2991 2569/2906/2985 2570/2907/2990
f 2568/2905/2987 2567/2904/2986 2571/2908/2992
f 2570/2907/2990 2568/2905/2987 2571/2908/2992
f 2572/2909/2991 2570/2907/2990 2580/2917/2993
f 2581/2918/2994 2572/2909/2991 2580/2917/2993
f 2579/2916/2995 2580/2917/2993 2570/2907/2990
f 2571/2908/2992 2579/2916/2995 2570/2907/2990
f 2569/2906/2985 2572/2909/2991 2573/2910/2981
f 2566/2903/2980 2569/2906/2985 2573/2910/2981
f 2571/2908/2992 2567/2904/2986 2565/2902/2983
f 2574/2911/2982 2571/2908/2992 2565/2902/2983
f 2573/2910/2981 2572/2909/2991 2581/2918/2994
f 2582/2919/2996 2573/2910/2981 2581/2918/2994
f 2578/2915/2989 2579/2916/2995 2571/2908/2992
f 2574/2911/2982 2578/2915/2989 2571/2908/2992
f 2575/2912/2979 2573/2910/2981 2582/2919/2996
f 2583/2920/2997 2575/2912/2979 2582/2919/2996
f 2576/2913/2984 2592/2929/2998 2585/2922/2999
f 2577/2914/2988 2576/2913/2984 2585/2922/2999
f 2583/2920/2997 2584/2921/3000 2591/2928/2978
f 2575/2912/2979 2583/2920/2997 2591/2928/2978
f 2561/2898/2977 2587/2924/2976 2592/2929/2998
f 2576/2913/2984 2561/2898/2977 2592/2929/2998
